{"type":"FeatureCollection","features":[{"type":"Feature","properties":{"en":"New York City","fr":"New York"},"geometry":{"type":"Point","coordinates":[-74.0061111111111,40.7127777777778]}},{"type":"Feature","properties":{"en":"Los Angeles","fr":"Los Angeles"},"geometry":{"type":"Point","coordinates":[-118.24368,34.05223]}},{"type":"Feature","properties":{"en":"London","fr":"Londres"},"geometry":{"type":"Point","coordinates":[-0.1275,51.507222222222]}},{"type":"Feature","properties":{"en":"Paris","fr":"Paris"},"geometry":{"type":"Point","coordinates":[2.35222222222222,48.8566666666667]}},{"type":"Feature","properties":{"en":"Toronto","fr":"Toronto"},"geometry":{"type":"Point","coordinates":[-79.386666666667,43.670277777778]}},{"type":"Feature","properties":{"en":"São Paulo","fr":"São Paulo"},"geometry":{"type":"Point","coordinates":[-46.633947222222,-23.550394444444]}},{"type":"Feature","properties":{"en":"Quebec","fr":"Québec"},"geometry":{"type":"Point","coordinates":[-72.0,52.0]}},{"type":"Feature","properties":{"en":"Montreal","fr":"Montréal"},"geometry":{"type":"Point","coordinates":[-73.5868411,45.5033426]}},{"type":"Feature","properties":{"en":"Cambridge","fr":"Cambridge"},"geometry":{"type":"Point","coordinates":[0.1225,52.208055555556]}},{"type":"Feature","properties":{"en":"Moscow","fr":"Moscou"},"geometry":{"type":"Point","coordinates":[37.6175,55.7505555555556]}},{"type":"Feature","properties":{"en":"Saint Petersburg","fr":"Saint-Pétersbourg"},"geometry":{"type":"Point","coordinates":[30.316666666667,59.95]}},{"type":"Feature","properties":{"en":"Novosibirsk","fr":"Novossibirsk"},"geometry":{"type":"Point","coordinates":[82.916666666667,55.033333333333]}},{"type":"Feature","properties":{"en":"Yekaterinburg","fr":"Iekaterinbourg"},"geometry":{"type":"Point","coordinates":[60.6127777777778,56.8355555555556]}},{"type":"Feature","properties":{"en":"Nizhny Novgorod","fr":"Nijni Novgorod"},"geometry":{"type":"Point","coordinates":[44.0075,56.326944444444]}},{"type":"Feature","properties":{"en":"Omsk","fr":"Omsk"},"geometry":{"type":"Point","coordinates":[73.383333333333,54.966666666667]}},{"type":"Feature","properties":{"en":"Kazan","fr":"Kazan"},"geometry":{"type":"Point","coordinates":[49.114444444444,55.790833333333]}},{"type":"Feature","properties":{"en":"Ufa","fr":"Oufa"},"geometry":{"type":"Point","coordinates":[55.9475,54.7261111111111]}},{"type":"Feature","properties":{"en":"Perm","fr":"Perm"},"geometry":{"type":"Point","coordinates":[56.248888888889,58.013888888889]}},{"type":"Feature","properties":{"en":"Krasnoyarsk","fr":"Krasnoïarsk"},"geometry":{"type":"Point","coordinates":[92.8719444444444,56.0088888888889]}},{"type":"Feature","properties":{"en":"Beijing","fr":"Pékin"},"geometry":{"type":"Point","coordinates":[116.407526,39.90403]}},{"type":"Feature","properties":{"en":"Warburg","fr":"Warburg"},"geometry":{"type":"Point","coordinates":[-114.319,53.1792]}},{"type":"Feature","properties":{"en":"Nova Gorica","fr":"Nova Gorica"},"geometry":{"type":"Point","coordinates":[13.65,45.966666666667]}},{"type":"Feature","properties":{"en":"Prague","fr":"Prague"},"geometry":{"type":"Point","coordinates":[14.4213888888889,50.0875]}},{"type":"Feature","properties":{"en":"Jerusalem","fr":"Jérusalem"},"geometry":{"type":"Point","coordinates":[35.2255555555556,31.7788888888889]}},{"type":"Feature","properties":{"en":"Rimouski","fr":"Rimouski"},"geometry":{"type":"Point","coordinates":[-68.533333333333,48.45]}},{"type":"Feature","properties":{"en":"Tolyatti","fr":"Togliatti"},"geometry":{"type":"Point","coordinates":[49.416666666667,53.516666666667]}},{"type":"Feature","properties":{"en":"Manila","fr":"Manille"},"geometry":{"type":"Point","coordinates":[120.977222222222,14.5958333333333]}},{"type":"Feature","properties":{"en":"Mexico City","fr":"Mexico"},"geometry":{"type":"Point","coordinates":[-99.13589,19.353773]}},{"type":"Feature","properties":{"en":"Tokyo","fr":"Tokyo"},"geometry":{"type":"Point","coordinates":[139.691666666667,35.6894444444444]}},{"type":"Feature","properties":{"en":"Astana","fr":"Astana"},"geometry":{"type":"Point","coordinates":[71.433333333333,51.133333333333]}},{"type":"Feature","properties":{"en":"Düsseldorf","fr":"Düsseldorf"},"geometry":{"type":"Point","coordinates":[6.77666666666667,51.2255555555556]}},{"type":"Feature","properties":{"en":"Murmansk","fr":"Mourmansk"},"geometry":{"type":"Point","coordinates":[33.083333333333,68.966666666667]}},{"type":"Feature","properties":{"en":"Arkhangelsk","fr":"Arkhangelsk"},"geometry":{"type":"Point","coordinates":[40.5375,64.5430555555556]}},{"type":"Feature","properties":{"en":"Ho Chi Minh City","fr":"Hô Chi Minh-Ville"},"geometry":{"type":"Point","coordinates":[106.701944444444,10.7755555555556]}},{"type":"Feature","properties":{"en":"Bangkok","fr":"Bangkok"},"geometry":{"type":"Point","coordinates":[100.51666666667,13.75]}},{"type":"Feature","properties":{"en":"Kyiv","fr":"Kiev"},"geometry":{"type":"Point","coordinates":[30.523611111111,50.45]}},{"type":"Feature","properties":{"en":"Ontario","fr":"Ontario"},"geometry":{"type":"Point","coordinates":[-85.0,50.0]}},{"type":"Feature","properties":{"en":"Ottawa","fr":"Ottawa"},"geometry":{"type":"Point","coordinates":[-75.695,45.424722222222]}},{"type":"Feature","properties":{"en":"Manitoba","fr":"Manitoba"},"geometry":{"type":"Point","coordinates":[-97.0,55.0]}},{"type":"Feature","properties":{"en":"Alberta","fr":"Alberta"},"geometry":{"type":"Point","coordinates":[-115.0,54.5]}},{"type":"Feature","properties":{"en":"Nova Scotia","fr":"Nouvelle-Écosse"},"geometry":{"type":"Point","coordinates":[-63.0,45.0]}},{"type":"Feature","properties":{"en":"New Brunswick","fr":"Nouveau-Brunswick"},"geometry":{"type":"Point","coordinates":[-66.0,46.6]}},{"type":"Feature","properties":{"en":"British Columbia","fr":"Colombie-Britannique"},"geometry":{"type":"Point","coordinates":[-124.5,54.5]}},{"type":"Feature","properties":{"en":"Prince Edward Island","fr":"Île-du-Prince-Édouard"},"geometry":{"type":"Point","coordinates":[-63.2,46.4]}},{"type":"Feature","properties":{"en":"Saskatchewan","fr":"Saskatchewan"},"geometry":{"type":"Point","coordinates":[-106.0,55.0]}},{"type":"Feature","properties":{"en":"Newfoundland and Labrador","fr":"Terre-Neuve-et-Labrador"},"geometry":{"type":"Point","coordinates":[-60.0,53.0]}},{"type":"Feature","properties":{"en":"Northwest Territories","fr":"Territoires du Nord-Ouest"},"geometry":{"type":"Point","coordinates":[-121.0,67.0]}},{"type":"Feature","properties":{"en":"Yukon","fr":"Yukon"},"geometry":{"type":"Point","coordinates":[-135.053333333333,60.7208333333333]}},{"type":"Feature","properties":{"en":"Nunavut","fr":"Nunavut"},"geometry":{"type":"Point","coordinates":[-90.9,67.35]}},{"type":"Feature","properties":{"en":"St. John's","fr":"Saint-Jean de Terre-Neuve"},"geometry":{"type":"Point","coordinates":[-52.7119444444444,47.5613888888889]}},{"type":"Feature","properties":{"en":"Edmonton","fr":"Edmonton"},"geometry":{"type":"Point","coordinates":[-113.5,53.533333333333]}},{"type":"Feature","properties":{"en":"Victoria","fr":"Victoria"},"geometry":{"type":"Point","coordinates":[-123.3657,48.422151]}},{"type":"Feature","properties":{"en":"Halifax","fr":"Halifax"},"geometry":{"type":"Point","coordinates":[-63.571388888889,44.647777777778]}},{"type":"Feature","properties":{"en":"Quebec City","fr":"Québec"},"geometry":{"type":"Point","coordinates":[-71.224167,46.816111]}},{"type":"Feature","properties":{"en":"Veliky Novgorod","fr":"Novgorod"},"geometry":{"type":"Point","coordinates":[31.27579,58.52099]}},{"type":"Feature","properties":{"en":"Minsk","fr":"Minsk"},"geometry":{"type":"Point","coordinates":[27.561837,53.902246]}},{"type":"Feature","properties":{"en":"Bryansk","fr":"Briansk"},"geometry":{"type":"Point","coordinates":[34.3666666666667,53.2425]}},{"type":"Feature","properties":{"en":"Nový Jičín","fr":"Nový Jičín"},"geometry":{"type":"Point","coordinates":[18.010308756103,49.594368444158]}},{"type":"Feature","properties":{"en":"Jakarta","fr":"Jakarta"},"geometry":{"type":"Point","coordinates":[106.826944444444,-6.17527777777778]}},{"type":"Feature","properties":{"en":"Kinshasa","fr":"Kinshasa"},"geometry":{"type":"Point","coordinates":[15.3119444444444,-4.32194444444444]}},{"type":"Feature","properties":{"en":"Rosenheim","fr":"Rosenheim"},"geometry":{"type":"Point","coordinates":[12.128888888889,47.856111111111]}},{"type":"Feature","properties":{"en":"South Huron","fr":"South Huron"},"geometry":{"type":"Point","coordinates":[-81.5,43.316666666667]}},{"type":"Feature","properties":{"en":"Clarington","fr":"Clarington"},"geometry":{"type":"Point","coordinates":[-78.608333333333,43.935]}},{"type":"Feature","properties":{"en":"Surakarta","fr":"Surakarta"},"geometry":{"type":"Point","coordinates":[110.81666666667,-7.5666666666667]}},{"type":"Feature","properties":{"en":"Bethlehem","fr":"Bethléem"},"geometry":{"type":"Point","coordinates":[35.206111111111,31.704444444444]}},{"type":"Feature","properties":{"en":"city of Atjèh Darussalam","fr":"Banda Aceh"},"geometry":{"type":"Point","coordinates":[95.3175,5.55]}},{"type":"Feature","properties":{"en":"Langsa","fr":"Langsa"},"geometry":{"type":"Point","coordinates":[97.95,4.4666666666667]}},{"type":"Feature","properties":{"en":"Lhokseumawe","fr":"Lhokseumawe"},"geometry":{"type":"Point","coordinates":[97.150555555556,5.18]}},{"type":"Feature","properties":{"en":"Subulussalam","fr":"Kota Subulussalam"},"geometry":{"type":"Point","coordinates":[98.004166666667,2.6422222222222]}},{"type":"Feature","properties":{"en":"Binjai","fr":"Binjai"},"geometry":{"type":"Point","coordinates":[98.485277777778,3.6]}},{"type":"Feature","properties":{"en":"Gunungsitoli","fr":"Gunungsitoli"},"geometry":{"type":"Point","coordinates":[97.5666666666667,1.11666666666667]}},{"type":"Feature","properties":{"en":"Medan","fr":"Medan"},"geometry":{"type":"Point","coordinates":[98.6738888888889,3.58944444444444]}},{"type":"Feature","properties":{"en":"Padangsidimpuan","fr":"Padang Sidempuan"},"geometry":{"type":"Point","coordinates":[99.266666666667,1.3666666666667]}},{"type":"Feature","properties":{"en":"Pematangsiantar","fr":"Pematang Siantar"},"geometry":{"type":"Point","coordinates":[99.06,2.96]}},{"type":"Feature","properties":{"en":"Tanjungbalai","fr":"Kota Tanjung Balai"},"geometry":{"type":"Point","coordinates":[99.8,2.9666666666667]}},{"type":"Feature","properties":{"en":"Tebing Tinggi","fr":"Tebing Tinggi"},"geometry":{"type":"Point","coordinates":[99.1625,3.3283333333333]}},{"type":"Feature","properties":{"en":"Burgas","fr":"Bourgas"},"geometry":{"type":"Point","coordinates":[27.470179,42.502965]}},{"type":"Feature","properties":{"en":"Bukittinggi","fr":"Bukittinggi"},"geometry":{"type":"Point","coordinates":[100.37527777778,-0.30972222222222]}},{"type":"Feature","properties":{"en":"Padang","fr":"Padang"},"geometry":{"type":"Point","coordinates":[100.360556,-0.955556]}},{"type":"Feature","properties":{"en":"Padang Panjang","fr":"Padang Panjang"},"geometry":{"type":"Point","coordinates":[100.40083333333,-0.46444444444444]}},{"type":"Feature","properties":{"en":"Pariaman","fr":"Pariaman"},"geometry":{"type":"Point","coordinates":[100.12055555556,-0.62611111111111]}},{"type":"Feature","properties":{"en":"Payakumbuh","fr":"Payakumbuh"},"geometry":{"type":"Point","coordinates":[100.6325,-0.22444444444444]}},{"type":"Feature","properties":{"en":"Sawahlunto","fr":"Sawahlunto"},"geometry":{"type":"Point","coordinates":[100.77833333333,-0.68277777777778]}},{"type":"Feature","properties":{"en":"Solok","fr":"Solok"},"geometry":{"type":"Point","coordinates":[100.65416666667,-0.78833333333333]}},{"type":"Feature","properties":{"en":"Sevastopol","fr":"Sébastopol"},"geometry":{"type":"Point","coordinates":[33.5225,44.605]}},{"type":"Feature","properties":{"en":"Yogyakarta","fr":"Yogyakarta"},"geometry":{"type":"Point","coordinates":[110.391280229855,-7.80045676649044]}},{"type":"Feature","properties":{"en":"Jambi","fr":"Jambi"},"geometry":{"type":"Point","coordinates":[103.61,-1.59]}},{"type":"Feature","properties":{"en":"Sungai Penuh","fr":"Sungai Penuh"},"geometry":{"type":"Point","coordinates":[101.39611111111,-2.0636111111111]}},{"type":"Feature","properties":{"en":"Dumai","fr":"Dumai"},"geometry":{"type":"Point","coordinates":[101.45,1.6666666666667]}},{"type":"Feature","properties":{"en":"Pekanbaru","fr":"Pekanbaru"},"geometry":{"type":"Point","coordinates":[101.45,0.53333333333333]}},{"type":"Feature","properties":{"en":"Bengkulu","fr":"Bengkulu"},"geometry":{"type":"Point","coordinates":[102.25916666667,-3.7955555555556]}},{"type":"Feature","properties":{"en":"Lubuk Linggau","fr":"Lubuklinggau"},"geometry":{"type":"Point","coordinates":[102.86166666667,-3.2966666666667]}},{"type":"Feature","properties":{"en":"Pagar Alam","fr":"Pagar Alam"},"geometry":{"type":"Point","coordinates":[103.25222222222,-4.0216666666667]}},{"type":"Feature","properties":{"en":"Palembang","fr":"Palembang"},"geometry":{"type":"Point","coordinates":[104.76444444444,-2.9833333333333]}},{"type":"Feature","properties":{"en":"Prabumulih","fr":"Prabumulih"},"geometry":{"type":"Point","coordinates":[104.23555555556,-3.4327777777778]}},{"type":"Feature","properties":{"en":"Bandar Lampung","fr":"Bandar Lampung"},"geometry":{"type":"Point","coordinates":[105.2625,-5.4294444444444]}},{"type":"Feature","properties":{"en":"Metro","fr":"Metro"},"geometry":{"type":"Point","coordinates":[105.3,-5.1166666666667]}},{"type":"Feature","properties":{"en":"Pangkal Pinang","fr":"Pangkal Pinang"},"geometry":{"type":"Point","coordinates":[106.1,-2.1]}},{"type":"Feature","properties":{"en":"Ostrava","fr":"Ostrava"},"geometry":{"type":"Point","coordinates":[18.2925,49.835555555556]}},{"type":"Feature","properties":{"en":"Rio de Janeiro","fr":"Rio de Janeiro"},"geometry":{"type":"Point","coordinates":[-43.2055555555555,-22.9111111111111]}},{"type":"Feature","properties":{"en":"Seoul","fr":"Séoul"},"geometry":{"type":"Point","coordinates":[126.99,37.56]}},{"type":"Feature","properties":{"en":"Shanghai","fr":"Shanghai"},"geometry":{"type":"Point","coordinates":[121.469166666667,31.2322222222222]}},{"type":"Feature","properties":{"en":"Tanjungpinang","fr":"Tanjungpinang"},"geometry":{"type":"Point","coordinates":[104.45541666667,0.91877777777778]}},{"type":"Feature","properties":{"en":"Cilegon","fr":"Cilegon"},"geometry":{"type":"Point","coordinates":[106.01666666667,-6.0166666666667]}},{"type":"Feature","properties":{"en":"Serang","fr":"Serang"},"geometry":{"type":"Point","coordinates":[106.15027777778,-6.12]}},{"type":"Feature","properties":{"en":"Tangerang","fr":"Tangerang"},"geometry":{"type":"Point","coordinates":[106.640277777778,-6.17027777777778]}},{"type":"Feature","properties":{"en":"South Tangerang","fr":"Tangerang du Sud"},"geometry":{"type":"Point","coordinates":[106.71805555556,-6.2888888888889]}},{"type":"Feature","properties":{"en":"Bandung","fr":"Bandung"},"geometry":{"type":"Point","coordinates":[107.607083055556,-6.92184583333333]}},{"type":"Feature","properties":{"en":"Banjar","fr":"Banjar"},"geometry":{"type":"Point","coordinates":[108.53333333333,-7.3666666666667]}},{"type":"Feature","properties":{"en":"Bekasi","fr":"Bekasi"},"geometry":{"type":"Point","coordinates":[107.0,-6.2333333333333]}},{"type":"Feature","properties":{"en":"Bogor","fr":"Bogor"},"geometry":{"type":"Point","coordinates":[106.799263333333,-6.59780277777778]}},{"type":"Feature","properties":{"en":"Cimahi","fr":"Cimahi"},"geometry":{"type":"Point","coordinates":[107.5385202,-6.8800382]}},{"type":"Feature","properties":{"en":"Cirebon","fr":"Cirebon"},"geometry":{"type":"Point","coordinates":[108.5529678,-6.7396903]}},{"type":"Feature","properties":{"en":"Depok","fr":"Depok"},"geometry":{"type":"Point","coordinates":[106.8173077,-6.405031]}},{"type":"Feature","properties":{"en":"Sukabumi","fr":"Sukabumi"},"geometry":{"type":"Point","coordinates":[106.9185638,-6.9320004]}},{"type":"Feature","properties":{"en":"Tasikmalaya","fr":"Tasikmalaya"},"geometry":{"type":"Point","coordinates":[108.2201805,-7.3258023]}},{"type":"Feature","properties":{"en":"Saskatoon","fr":"Saskatoon"},"geometry":{"type":"Point","coordinates":[-106.68333333333,52.133333333333]}},{"type":"Feature","properties":{"en":"Magelang","fr":"Magelang"},"geometry":{"type":"Point","coordinates":[110.21777777778,-7.4705555555556]}},{"type":"Feature","properties":{"en":"Salatiga","fr":"Salatiga"},"geometry":{"type":"Point","coordinates":[110.50222222222,-7.3388888888889]}},{"type":"Feature","properties":{"en":"Semarang","fr":"Semarang"},"geometry":{"type":"Point","coordinates":[110.4225,-6.99]}},{"type":"Feature","properties":{"en":"Pekalongan","fr":"Pekalongan"},"geometry":{"type":"Point","coordinates":[109.67527777778,-6.8883333333333]}},{"type":"Feature","properties":{"en":"Tegal","fr":"Tegal"},"geometry":{"type":"Point","coordinates":[109.1375,-6.8675]}},{"type":"Feature","properties":{"en":"Batu","fr":"Batu"},"geometry":{"type":"Point","coordinates":[112.5239,-7.8672]}},{"type":"Feature","properties":{"en":"Blitar","fr":"Blitar"},"geometry":{"type":"Point","coordinates":[112.166666666667,-8.1]}},{"type":"Feature","properties":{"en":"Kediri","fr":"Kediri"},"geometry":{"type":"Point","coordinates":[112.004722222222,-7.81111111111111]}},{"type":"Feature","properties":{"en":"Madiun","fr":"Madiun"},"geometry":{"type":"Point","coordinates":[111.52305555556,-7.63]}},{"type":"Feature","properties":{"en":"Malang","fr":"Malang"},"geometry":{"type":"Point","coordinates":[112.632727716516,-7.96893041000582]}},{"type":"Feature","properties":{"en":"Mojokerto","fr":"Mojokerto City"},"geometry":{"type":"Point","coordinates":[112.43361111111,-7.4722222222222]}},{"type":"Feature","properties":{"en":"Pasuruan","fr":"Pasuruan"},"geometry":{"type":"Point","coordinates":[112.90647777778,-7.6406222222222]}},{"type":"Feature","properties":{"en":"Probolinggo","fr":"Probolinggo"},"geometry":{"type":"Point","coordinates":[113.21666666667,-7.75]}},{"type":"Feature","properties":{"en":"Surabaya","fr":"Surabaya"},"geometry":{"type":"Point","coordinates":[112.737767222222,-7.24628361111111]}},{"type":"Feature","properties":{"en":"Denpasar","fr":"Denpasar"},"geometry":{"type":"Point","coordinates":[115.233888888889,-8.67166666666667]}},{"type":"Feature","properties":{"en":"Chongqing","fr":"Chongqing"},"geometry":{"type":"Point","coordinates":[106.50694444444,29.55]}},{"type":"Feature","properties":{"en":"Tianjin","fr":"Tianjin"},"geometry":{"type":"Point","coordinates":[117.20555555556,39.146666666667]}},{"type":"Feature","properties":{"en":"Nagoya","fr":"Nagoya"},"geometry":{"type":"Point","coordinates":[136.906388888889,35.1813888888889]}},{"type":"Feature","properties":{"en":"Metro Manila","fr":"Grand Manille"},"geometry":{"type":"Point","coordinates":[121.0,14.583333333333]}},{"type":"Feature","properties":{"en":"Iglesias","fr":"Iglesias"},"geometry":{"type":"Point","coordinates":[8.5372353,39.3102613]}},{"type":"Feature","properties":{"en":"Mataram","fr":"Mataram"},"geometry":{"type":"Point","coordinates":[116.11666666667,-8.5833333333333]}},{"type":"Feature","properties":{"en":"Bima","fr":"Bima"},"geometry":{"type":"Point","coordinates":[118.717,-8.46667]}},{"type":"Feature","properties":{"en":"Kupang","fr":"Kupang"},"geometry":{"type":"Point","coordinates":[123.57777777778,-10.163333333333]}},{"type":"Feature","properties":{"en":"Pontianak","fr":"Pontianak"},"geometry":{"type":"Point","coordinates":[109.34138888889,-0.020555555555556]}},{"type":"Feature","properties":{"en":"Singkawang","fr":"Singkawang"},"geometry":{"type":"Point","coordinates":[108.98333333333,0.9]}},{"type":"Feature","properties":{"en":"Banjarbaru","fr":"Banjarbaru"},"geometry":{"type":"Point","coordinates":[114.830880915391,-3.43890305931975]}},{"type":"Feature","properties":{"en":"Banjarmasin","fr":"Banjarmasin"},"geometry":{"type":"Point","coordinates":[114.592253736149,-3.31442947285577]}},{"type":"Feature","properties":{"en":"Palangkaraya","fr":"Palangkaraya"},"geometry":{"type":"Point","coordinates":[113.92,-2.21]}},{"type":"Feature","properties":{"en":"Balikpapan","fr":"Balikpapan"},"geometry":{"type":"Point","coordinates":[116.90305555556,-1.1488888888889]}},{"type":"Feature","properties":{"en":"Bontang","fr":"Bontang"},"geometry":{"type":"Point","coordinates":[117.5,0.13333333333333]}},{"type":"Feature","properties":{"en":"Samarinda","fr":"Samarinda"},"geometry":{"type":"Point","coordinates":[117.15361111111,-0.50222222222222]}},{"type":"Feature","properties":{"en":"Gorontalo","fr":"Gorontalo"},"geometry":{"type":"Point","coordinates":[123.061388888889,0.542222222222222]}},{"type":"Feature","properties":{"en":"Makassar","fr":"Makassar"},"geometry":{"type":"Point","coordinates":[119.413611111111,-5.13305555555556]}},{"type":"Feature","properties":{"en":"Palopo","fr":"Palopo"},"geometry":{"type":"Point","coordinates":[120.2,-3.0]}},{"type":"Feature","properties":{"en":"Parepare","fr":"Pare-Pare"},"geometry":{"type":"Point","coordinates":[119.62361111111,-4.0166666666667]}},{"type":"Feature","properties":{"en":"Brno","fr":"Brno"},"geometry":{"type":"Point","coordinates":[16.608333333333,49.195277777778]}},{"type":"Feature","properties":{"en":"Shenzhen","fr":"Shenzhen"},"geometry":{"type":"Point","coordinates":[114.054444444444,22.5466666666667]}},{"type":"Feature","properties":{"en":"Sosnovy Bor","fr":"Sosnovy Bor"},"geometry":{"type":"Point","coordinates":[29.1,59.9]}},{"type":"Feature","properties":{"en":"Bau Bau","fr":"Bau-Bau"},"geometry":{"type":"Point","coordinates":[122.605833333333,-5.46222222222222]}},{"type":"Feature","properties":{"en":"Kendari","fr":"Kendari"},"geometry":{"type":"Point","coordinates":[122.59472222222,-3.9675]}},{"type":"Feature","properties":{"en":"Kagoshima","fr":"Kagoshima"},"geometry":{"type":"Point","coordinates":[130.557138888889,31.5968055555556]}},{"type":"Feature","properties":{"en":"Hioki","fr":"Hioki"},"geometry":{"type":"Point","coordinates":[130.402444444444,31.6337222222222]}},{"type":"Feature","properties":{"en":"Satsumasendai","fr":"Satsumasendai"},"geometry":{"type":"Point","coordinates":[130.303972222222,31.8134722222222]}},{"type":"Feature","properties":{"en":"Ichikikushikino","fr":"Ichikikushikino"},"geometry":{"type":"Point","coordinates":[130.271944444444,31.7145555555556]}},{"type":"Feature","properties":{"en":"Akune","fr":"Akune"},"geometry":{"type":"Point","coordinates":[130.192666666667,32.0145277777778]}},{"type":"Feature","properties":{"en":"Izumi","fr":"Izumi"},"geometry":{"type":"Point","coordinates":[130.352666666667,32.0904444444444]}},{"type":"Feature","properties":{"en":"Isa","fr":"Isa"},"geometry":{"type":"Point","coordinates":[130.612916666667,32.0570277777778]}},{"type":"Feature","properties":{"en":"Minamisatsuma","fr":"Minamisatsuma"},"geometry":{"type":"Point","coordinates":[130.323388888889,31.4166388888889]}},{"type":"Feature","properties":{"en":"Palu","fr":"Palu"},"geometry":{"type":"Point","coordinates":[119.85944444444,-0.895]}},{"type":"Feature","properties":{"en":"Bitung","fr":"Bitung"},"geometry":{"type":"Point","coordinates":[125.19777777778,1.4472222222222]}},{"type":"Feature","properties":{"en":"Kotamobagu","fr":"Kotamobagu"},"geometry":{"type":"Point","coordinates":[124.31666667,0.73333333]}},{"type":"Feature","properties":{"en":"Manado","fr":"Manado"},"geometry":{"type":"Point","coordinates":[124.84126111111,1.4930555555556]}},{"type":"Feature","properties":{"en":"Tomohon","fr":"Tomohon"},"geometry":{"type":"Point","coordinates":[124.82254,1.324421]}},{"type":"Feature","properties":{"en":"Nanaimo","fr":"Nanaimo"},"geometry":{"type":"Point","coordinates":[-123.93638888889,49.164166666667]}},{"type":"Feature","properties":{"en":"České Budějovice","fr":"České Budějovice"},"geometry":{"type":"Point","coordinates":[14.474722222222,48.974722222222]}},{"type":"Feature","properties":{"en":"Dobříš","fr":"Dobříš"},"geometry":{"type":"Point","coordinates":[14.16722087166,49.781215974594]}},{"type":"Feature","properties":{"en":"Guangzhou","fr":"Canton"},"geometry":{"type":"Point","coordinates":[113.26,23.13]}},{"type":"Feature","properties":{"en":"Maple Ridge","fr":"Maple Ridge"},"geometry":{"type":"Point","coordinates":[-122.6,49.2167]}},{"type":"Feature","properties":{"en":"Akita","fr":"Akita"},"geometry":{"type":"Point","coordinates":[140.102583333333,39.7198888888889]}},{"type":"Feature","properties":{"en":"Regional Municipality of York","fr":"municipalité régionale d'York"},"geometry":{"type":"Point","coordinates":[-79.4803,44.0514]}},{"type":"Feature","properties":{"en":"Ambon","fr":"Ambon"},"geometry":{"type":"Point","coordinates":[128.178333333333,-3.69666666666667]}},{"type":"Feature","properties":{"en":"Tual","fr":"Tual"},"geometry":{"type":"Point","coordinates":[132.742992993186,-5.64257741098993]}},{"type":"Feature","properties":{"en":"Tidore Islands","fr":"Tidore"},"geometry":{"type":"Point","coordinates":[127.4,0.68333333333333]}},{"type":"Feature","properties":{"en":"Minamikyushu","fr":"Minamikyūshū"},"geometry":{"type":"Point","coordinates":[130.441666666667,31.3782777777778]}},{"type":"Feature","properties":{"en":"Ibusuki","fr":"Ibusuki"},"geometry":{"type":"Point","coordinates":[130.633055555556,31.2527777777778]}},{"type":"Feature","properties":{"en":"Bechyně","fr":"Bechyně"},"geometry":{"type":"Point","coordinates":[14.468125123251,49.295309165146]}},{"type":"Feature","properties":{"en":"Bradford","fr":"Bradford"},"geometry":{"type":"Point","coordinates":[-1.751,53.794]}},{"type":"Feature","properties":{"en":"Red Deer","fr":"Red Deer"},"geometry":{"type":"Point","coordinates":[-113.81111111111,52.268055555556]}},{"type":"Feature","properties":{"en":"Vancouver","fr":"Vancouver"},"geometry":{"type":"Point","coordinates":[-123.113888888889,49.2608333333333]}},{"type":"Feature","properties":{"en":"Kasugai","fr":"Kasugai"},"geometry":{"type":"Point","coordinates":[136.972222222222,35.2475]}},{"type":"Feature","properties":{"en":"Akashi","fr":"Akashi"},"geometry":{"type":"Point","coordinates":[134.997222222222,34.6431388888889]}},{"type":"Feature","properties":{"en":"Yokkaichi","fr":"Yokkaichi"},"geometry":{"type":"Point","coordinates":[136.624416666667,34.9650277777778]}},{"type":"Feature","properties":{"en":"Hakodate","fr":"Hakodate"},"geometry":{"type":"Point","coordinates":[140.728916666667,41.7686666666667]}},{"type":"Feature","properties":{"en":"Fukuoka","fr":"Fukuoka"},"geometry":{"type":"Point","coordinates":[130.401666666667,33.59]}},{"type":"Feature","properties":{"en":"Sorong","fr":"Sorong"},"geometry":{"type":"Point","coordinates":[131.26104,-0.87956]}},{"type":"Feature","properties":{"en":"Jayapura","fr":"Jayapura"},"geometry":{"type":"Point","coordinates":[140.71666666667,-2.5333333333333]}},{"type":"Feature","properties":{"en":"Hodkovice nad Mohelkou","fr":"Hodkovice nad Mohelkou"},"geometry":{"type":"Point","coordinates":[15.089953935971,50.665920140429]}},{"type":"Feature","properties":{"en":"Miki","fr":"Miki"},"geometry":{"type":"Point","coordinates":[134.990194444444,34.7969166666667]}},{"type":"Feature","properties":{"en":"Kraków","fr":"Cracovie"},"geometry":{"type":"Point","coordinates":[19.937222222222,50.061388888889]}},{"type":"Feature","properties":{"en":"Goderich","fr":"Goderich"},"geometry":{"type":"Point","coordinates":[-81.7,43.733333333333]}},{"type":"Feature","properties":{"en":"Brockville","fr":"Brockville"},"geometry":{"type":"Point","coordinates":[-75.683333333333,44.583333333333]}},{"type":"Feature","properties":{"en":"Sarnia","fr":"Sarnia"},"geometry":{"type":"Point","coordinates":[-82.4066,42.9745]}},{"type":"Feature","properties":{"en":"Thunder Bay","fr":"Thunder Bay"},"geometry":{"type":"Point","coordinates":[-89.2461,48.3822]}},{"type":"Feature","properties":{"en":"Brantford","fr":"Brantford"},"geometry":{"type":"Point","coordinates":[-80.2630555555556,43.1408333333333]}},{"type":"Feature","properties":{"en":"Barrie","fr":"Barrie"},"geometry":{"type":"Point","coordinates":[-79.686,44.39]}},{"type":"Feature","properties":{"en":"Westport","fr":"Westport"},"geometry":{"type":"Point","coordinates":[-76.4,44.6777777777778]}},{"type":"Feature","properties":{"en":"Burlington","fr":"Burlington"},"geometry":{"type":"Point","coordinates":[-79.8,43.325]}},{"type":"Feature","properties":{"en":"Belleville","fr":"Belleville"},"geometry":{"type":"Point","coordinates":[-77.383333333333,44.166666666667]}},{"type":"Feature","properties":{"en":"Kyoto","fr":"Kyoto"},"geometry":{"type":"Point","coordinates":[135.768111111111,35.0116111111111]}},{"type":"Feature","properties":{"en":"Hiroshima","fr":"Hiroshima"},"geometry":{"type":"Point","coordinates":[132.451944444444,34.3913888888889]}},{"type":"Feature","properties":{"en":"Osaka","fr":"Osaka"},"geometry":{"type":"Point","coordinates":[135.502111111111,34.69375]}},{"type":"Feature","properties":{"en":"Calgary","fr":"Calgary"},"geometry":{"type":"Point","coordinates":[-114.066666666667,51.05]}},{"type":"Feature","properties":{"en":"Sioux Lookout","fr":"Sioux Lookout"},"geometry":{"type":"Point","coordinates":[-91.916666666667,50.1]}},{"type":"Feature","properties":{"en":"Dutton/Dunwich","fr":"Dutton/Dunwich"},"geometry":{"type":"Point","coordinates":[-81.5,42.6667]}},{"type":"Feature","properties":{"en":"Pardubice","fr":"Pardubice"},"geometry":{"type":"Point","coordinates":[15.77916,50.03861]}},{"type":"Feature","properties":{"en":"Sapporo","fr":"Sapporo"},"geometry":{"type":"Point","coordinates":[141.354444444444,43.0619444444444]}},{"type":"Feature","properties":{"en":"Nagasaki","fr":"Nagasaki"},"geometry":{"type":"Point","coordinates":[129.879638888889,32.7495277777778]}},{"type":"Feature","properties":{"en":"Yokohama","fr":"Yokohama"},"geometry":{"type":"Point","coordinates":[139.634222222222,35.4503333333333]}},{"type":"Feature","properties":{"en":"Sochi","fr":"Sotchi"},"geometry":{"type":"Point","coordinates":[39.720277777778,43.585277777778]}},{"type":"Feature","properties":{"en":"Meghri","fr":"Meghri"},"geometry":{"type":"Point","coordinates":[46.233333333333,38.9]}},{"type":"Feature","properties":{"en":"Sisian","fr":"Sisian"},"geometry":{"type":"Point","coordinates":[46.032222222222,39.520833333333]}},{"type":"Feature","properties":{"en":"Dastakert","fr":"Dastakert"},"geometry":{"type":"Point","coordinates":[46.036666666667,39.368333333333]}},{"type":"Feature","properties":{"en":"Kumagaya","fr":"Kumagaya"},"geometry":{"type":"Point","coordinates":[139.388638888889,36.1473888888889]}},{"type":"Feature","properties":{"en":"Obama","fr":"Obama"},"geometry":{"type":"Point","coordinates":[135.746611111111,35.4956111111111]}},{"type":"Feature","properties":{"en":"Plzeň","fr":"Pilsen"},"geometry":{"type":"Point","coordinates":[13.3825,49.741388888889]}},{"type":"Feature","properties":{"en":"Trois-Rivières","fr":"Trois-Rivières"},"geometry":{"type":"Point","coordinates":[-72.55,46.35]}},{"type":"Feature","properties":{"en":"Vaughan","fr":"Vaughan"},"geometry":{"type":"Point","coordinates":[-79.5,43.833333333333]}},{"type":"Feature","properties":{"en":"Markham","fr":"Markham"},"geometry":{"type":"Point","coordinates":[-79.25,43.8833]}},{"type":"Feature","properties":{"en":"Brampton","fr":"Brampton"},"geometry":{"type":"Point","coordinates":[-79.766666666667,43.683333333333]}},{"type":"Feature","properties":{"en":"Tochigi","fr":"Tochigi"},"geometry":{"type":"Point","coordinates":[139.734138888889,36.3824444444444]}},{"type":"Feature","properties":{"en":"Gifu","fr":"Gifu"},"geometry":{"type":"Point","coordinates":[136.759444444444,35.42625]}},{"type":"Feature","properties":{"en":"Sendai","fr":"Sendai"},"geometry":{"type":"Point","coordinates":[140.869416666667,38.2682222222222]}},{"type":"Feature","properties":{"en":"Kasuga","fr":"Kasuga"},"geometry":{"type":"Point","coordinates":[130.470194444444,33.5327222222222]}},{"type":"Feature","properties":{"en":"Kuki","fr":"Kuki"},"geometry":{"type":"Point","coordinates":[139.666805555556,36.0620833333333]}},{"type":"Feature","properties":{"en":"Frýdek-Místek","fr":"Frýdek-Místek"},"geometry":{"type":"Point","coordinates":[18.353611111111,49.688055555556]}},{"type":"Feature","properties":{"en":"Kobe","fr":"Kobe"},"geometry":{"type":"Point","coordinates":[135.195444444444,34.6901666666667]}},{"type":"Feature","properties":{"en":"Val-des-Sources","fr":"Val-des-Sources"},"geometry":{"type":"Point","coordinates":[-71.9333,45.7667]}},{"type":"Feature","properties":{"en":"Regional Municipality of Peel","fr":"municipalité régionale de Peel"},"geometry":{"type":"Point","coordinates":[-79.616666666667,43.616666666667]}},{"type":"Feature","properties":{"en":"Mississauga","fr":"Mississauga"},"geometry":{"type":"Point","coordinates":[-79.65,43.6]}},{"type":"Feature","properties":{"en":"Sainte-Anne-des-Monts","fr":"Sainte-Anne-des-Monts"},"geometry":{"type":"Point","coordinates":[-66.5,49.1333]}},{"type":"Feature","properties":{"en":"Richmond Hill","fr":"Richmond Hill"},"geometry":{"type":"Point","coordinates":[-79.4372222222222,43.8713888888889]}},{"type":"Feature","properties":{"en":"Newmarket","fr":"Newmarket"},"geometry":{"type":"Point","coordinates":[-79.45,44.06]}},{"type":"Feature","properties":{"en":"Banff","fr":"Banff"},"geometry":{"type":"Point","coordinates":[-115.572,51.1781]}},{"type":"Feature","properties":{"en":"Delligsen","fr":"Delligsen"},"geometry":{"type":"Point","coordinates":[9.80272,51.9412]}},{"type":"Feature","properties":{"en":"The Pas","fr":"Le Pas"},"geometry":{"type":"Point","coordinates":[-101.253,53.825]}},{"type":"Feature","properties":{"en":"Brandon","fr":"Brandon"},"geometry":{"type":"Point","coordinates":[-99.95,49.833333333333]}},{"type":"Feature","properties":{"en":"Roudnice nad Labem","fr":"Roudnice nad Labem"},"geometry":{"type":"Point","coordinates":[14.261840817268,50.425361080625]}},{"type":"Feature","properties":{"en":"Dzerzhinsk","fr":"Dzerjinsk"},"geometry":{"type":"Point","coordinates":[43.45,56.233333333333]}},{"type":"Feature","properties":{"en":"Varanasi","fr":"Bénarès"},"geometry":{"type":"Point","coordinates":[83.012777777778,25.318888888889]}},{"type":"Feature","properties":{"en":"Olomouc","fr":"Olomouc"},"geometry":{"type":"Point","coordinates":[17.250833333333,49.593888888889]}},{"type":"Feature","properties":{"en":"Komae","fr":"Komae"},"geometry":{"type":"Point","coordinates":[139.578694444444,35.6347777777778]}},{"type":"Feature","properties":{"en":"London","fr":"London"},"geometry":{"type":"Point","coordinates":[-81.2497,42.9837]}},{"type":"Feature","properties":{"en":"Vitebsk","fr":"Vitebsk"},"geometry":{"type":"Point","coordinates":[30.166666666667,55.183333333333]}},{"type":"Feature","properties":{"en":"Balakhna","fr":"Balakhna"},"geometry":{"type":"Point","coordinates":[43.540277777778,56.480833333333]}},{"type":"Feature","properties":{"en":"Kyjov","fr":"Kyjov"},"geometry":{"type":"Point","coordinates":[17.122531686075,49.010193088478]}},{"type":"Feature","properties":{"en":"Veselí nad Moravou","fr":"Veselí nad Moravou"},"geometry":{"type":"Point","coordinates":[17.37648237967,48.953642955201]}},{"type":"Feature","properties":{"en":"Bor","fr":"Bor"},"geometry":{"type":"Point","coordinates":[44.059166666667,56.360277777778]}},{"type":"Feature","properties":{"en":"Uryupinsk","fr":"Ourioupinsk"},"geometry":{"type":"Point","coordinates":[42.016666666667,50.8]}},{"type":"Feature","properties":{"en":"Chatham-Kent","fr":"Chatham-Kent"},"geometry":{"type":"Point","coordinates":[-82.183333333333,42.4]}},{"type":"Feature","properties":{"en":"Usa","fr":"Usa"},"geometry":{"type":"Point","coordinates":[131.349472222222,33.532]}},{"type":"Feature","properties":{"en":"Langford","fr":"Langford"},"geometry":{"type":"Point","coordinates":[-123.506,48.4506]}},{"type":"Feature","properties":{"en":"Nago","fr":"Nago"},"geometry":{"type":"Point","coordinates":[127.977555555556,26.5915555555556]}},{"type":"Feature","properties":{"en":"Gilbert Plains","fr":"Gilbert Plains"},"geometry":{"type":"Point","coordinates":[-100.48777777778,51.149722222222]}},{"type":"Feature","properties":{"en":"Yamatokōriyama","fr":"Yamatokōriyama"},"geometry":{"type":"Point","coordinates":[135.782694444444,34.6493055555556]}},{"type":"Feature","properties":{"en":"Gillam","fr":"Gillam"},"geometry":{"type":"Point","coordinates":[-94.7089,56.3478]}},{"type":"Feature","properties":{"en":"Kaga","fr":"Kaga"},"geometry":{"type":"Point","coordinates":[136.315027777778,36.3027777777778]}},{"type":"Feature","properties":{"en":"La Nouvelle-Beauce","fr":"La Nouvelle-Beauce"},"geometry":{"type":"Point","coordinates":[-70.92262,46.37756]}},{"type":"Feature","properties":{"en":"Fort MacKay","fr":"Fort MacKay"},"geometry":{"type":"Point","coordinates":[-111.637,57.1868]}},{"type":"Feature","properties":{"en":"Fort McMurray","fr":"Fort McMurray"},"geometry":{"type":"Point","coordinates":[-111.38027777778,56.726388888889]}},{"type":"Feature","properties":{"en":"St. Catharines","fr":"Saint Catharines"},"geometry":{"type":"Point","coordinates":[-79.233333333333,43.183333333333]}},{"type":"Feature","properties":{"en":"Sakurai","fr":"Sakurai"},"geometry":{"type":"Point","coordinates":[135.843222222222,34.5187222222222]}},{"type":"Feature","properties":{"en":"Nagano","fr":"Nagano"},"geometry":{"type":"Point","coordinates":[138.194694444444,36.6486666666667]}},{"type":"Feature","properties":{"en":"Arras","fr":"Arras"},"geometry":{"type":"Point","coordinates":[2.78,50.289166666667]}},{"type":"Feature","properties":{"en":"Squamish-Lillooet Regional District","fr":"district régional de Squamish-Lillooet"},"geometry":{"type":"Point","coordinates":[-123.0,50.5]}},{"type":"Feature","properties":{"en":"Tōon-shi","fr":"Tōon"},"geometry":{"type":"Point","coordinates":[132.872222222222,33.7910277777778]}},{"type":"Feature","properties":{"en":"Hamilton","fr":"Hamilton"},"geometry":{"type":"Point","coordinates":[-79.869166666667,43.256666666667]}},{"type":"Feature","properties":{"en":"Gornozavodsk","fr":"Gornozavodsk"},"geometry":{"type":"Point","coordinates":[58.316666666667,58.383333333333]}},{"type":"Feature","properties":{"en":"Saitama","fr":"Saitama"},"geometry":{"type":"Point","coordinates":[139.645555555556,35.8613888888889]}},{"type":"Feature","properties":{"en":"Dubna","fr":"Doubna"},"geometry":{"type":"Point","coordinates":[37.1625,56.7363888888889]}},{"type":"Feature","properties":{"en":"Zhigulyovsk","fr":"Jigouliovsk"},"geometry":{"type":"Point","coordinates":[49.5,53.4]}},{"type":"Feature","properties":{"en":"Beloeil","fr":"Belœil"},"geometry":{"type":"Point","coordinates":[-73.2,45.5667]}},{"type":"Feature","properties":{"en":"Montreal West","fr":"Montréal-Ouest"},"geometry":{"type":"Point","coordinates":[-73.6472,45.4536]}},{"type":"Feature","properties":{"en":"Bois-des-Filion","fr":"Bois-des-Filion"},"geometry":{"type":"Point","coordinates":[-73.76293,45.6706]}},{"type":"Feature","properties":{"en":"Beaupré","fr":"Beaupré"},"geometry":{"type":"Point","coordinates":[-70.9,47.05]}},{"type":"Feature","properties":{"en":"Montréal-Est","fr":"Montréal-Est"},"geometry":{"type":"Point","coordinates":[-73.516666666667,45.633333333333]}},{"type":"Feature","properties":{"en":"Berthierville","fr":"Berthierville"},"geometry":{"type":"Point","coordinates":[-73.1833,46.0833]}},{"type":"Feature","properties":{"en":"Mount Royal","fr":"Mont-Royal"},"geometry":{"type":"Point","coordinates":[-73.643055555556,45.516111111111]}},{"type":"Feature","properties":{"en":"Belleterre","fr":"Belleterre"},"geometry":{"type":"Point","coordinates":[-78.7,47.3833]}},{"type":"Feature","properties":{"en":"Hampstead","fr":"Hampstead"},"geometry":{"type":"Point","coordinates":[-73.6333,45.4833]}},{"type":"Feature","properties":{"en":"Brossard","fr":"Brossard"},"geometry":{"type":"Point","coordinates":[-73.45,45.4667]}},{"type":"Feature","properties":{"en":"Beauharnois","fr":"Beauharnois"},"geometry":{"type":"Point","coordinates":[-73.866666666667,45.316666666667]}},{"type":"Feature","properties":{"en":"Terrebonne","fr":"Terrebonne"},"geometry":{"type":"Point","coordinates":[-73.633333333333,45.7]}},{"type":"Feature","properties":{"en":"Lévis","fr":"Lévis"},"geometry":{"type":"Point","coordinates":[-71.1833,46.8]}},{"type":"Feature","properties":{"en":"Saguenay","fr":"Saguenay"},"geometry":{"type":"Point","coordinates":[-71.0667,48.4167]}},{"type":"Feature","properties":{"en":"Baie-Saint-Paul","fr":"Baie-Saint-Paul"},"geometry":{"type":"Point","coordinates":[-70.5,47.45]}},{"type":"Feature","properties":{"en":"Longueuil","fr":"Longueuil"},"geometry":{"type":"Point","coordinates":[-73.4380277777778,45.5140833333333]}},{"type":"Feature","properties":{"en":"Mont-Saint-Hilaire","fr":"Mont-Saint-Hilaire"},"geometry":{"type":"Point","coordinates":[-73.191666666667,45.562222222222]}},{"type":"Feature","properties":{"en":"Windsor","fr":"Windsor"},"geometry":{"type":"Point","coordinates":[-72.0,45.5667]}},{"type":"Feature","properties":{"en":"Beauceville","fr":"Beauceville"},"geometry":{"type":"Point","coordinates":[-70.7833,46.2]}},{"type":"Feature","properties":{"en":"Repentigny","fr":"Repentigny"},"geometry":{"type":"Point","coordinates":[-73.466666666667,45.733333333333]}},{"type":"Feature","properties":{"en":"Saint-Lambert","fr":"Saint-Lambert"},"geometry":{"type":"Point","coordinates":[-73.5167,45.5]}},{"type":"Feature","properties":{"en":"Sherbrooke","fr":"Sherbrooke"},"geometry":{"type":"Point","coordinates":[-71.9,45.4]}},{"type":"Feature","properties":{"en":"Boisbriand","fr":"Boisbriand"},"geometry":{"type":"Point","coordinates":[-73.833333333333,45.616666666667]}},{"type":"Feature","properties":{"en":"Westmount","fr":"Westmount"},"geometry":{"type":"Point","coordinates":[-73.600555555556,45.481388888889]}},{"type":"Feature","properties":{"en":"Baie-D'Urfé","fr":"Baie-D'Urfé"},"geometry":{"type":"Point","coordinates":[-73.916666666667,45.416666666667]}},{"type":"Feature","properties":{"en":"Blainville","fr":"Blainville"},"geometry":{"type":"Point","coordinates":[-73.883333333333,45.666666666667]}},{"type":"Feature","properties":{"en":"Baie-Comeau","fr":"Baie-Comeau"},"geometry":{"type":"Point","coordinates":[-68.15,49.216666666667]}},{"type":"Feature","properties":{"en":"Richmond","fr":"Richmond"},"geometry":{"type":"Point","coordinates":[-72.15,45.6666667]}},{"type":"Feature","properties":{"en":"Amqui","fr":"Amqui"},"geometry":{"type":"Point","coordinates":[-67.43323,48.46238]}},{"type":"Feature","properties":{"en":"Saint-Pie","fr":"Saint-Pie"},"geometry":{"type":"Point","coordinates":[-72.9,45.5]}},{"type":"Feature","properties":{"en":"Saint-Gabriel","fr":"Saint-Gabriel"},"geometry":{"type":"Point","coordinates":[-73.3827777777778,46.2936111111111]}},{"type":"Feature","properties":{"en":"Prévost","fr":"Prévost"},"geometry":{"type":"Point","coordinates":[-74.083333333333,45.866666666667]}},{"type":"Feature","properties":{"en":"Notre-Dame-de-l'Île-Perrot","fr":"Notre-Dame-de-l'Île-Perrot"},"geometry":{"type":"Point","coordinates":[-73.9025,45.35]}},{"type":"Feature","properties":{"en":"Dolbeau-Mistassini","fr":"Dolbeau-Mistassini"},"geometry":{"type":"Point","coordinates":[-72.2333,48.8833]}},{"type":"Feature","properties":{"en":"L'Île-Cadieux","fr":"L'Île-Cadieux"},"geometry":{"type":"Point","coordinates":[-74.0167,45.4333]}},{"type":"Feature","properties":{"en":"Lavaltrie","fr":"Lavaltrie"},"geometry":{"type":"Point","coordinates":[-73.2769444444444,45.8844444444444]}},{"type":"Feature","properties":{"en":"Léry","fr":"Léry"},"geometry":{"type":"Point","coordinates":[-73.8,45.35]}},{"type":"Feature","properties":{"en":"Louiseville","fr":"Louiseville"},"geometry":{"type":"Point","coordinates":[-72.95,46.25]}},{"type":"Feature","properties":{"en":"Brownsburg-Chatham","fr":"Brownsburg-Chatham"},"geometry":{"type":"Point","coordinates":[-74.4167,45.6833]}},{"type":"Feature","properties":{"en":"Marieville","fr":"Marieville"},"geometry":{"type":"Point","coordinates":[-73.1667,45.4333]}},{"type":"Feature","properties":{"en":"Lac-Saint-Joseph","fr":"Lac-Saint-Joseph"},"geometry":{"type":"Point","coordinates":[-71.65,46.9167]}},{"type":"Feature","properties":{"en":"Matagami","fr":"Matagami"},"geometry":{"type":"Point","coordinates":[-77.6333,49.75]}},{"type":"Feature","properties":{"en":"Hudson","fr":"Hudson"},"geometry":{"type":"Point","coordinates":[-74.15,45.45]}},{"type":"Feature","properties":{"en":"Disraeli","fr":"Disraeli"},"geometry":{"type":"Point","coordinates":[-71.35,45.9]}},{"type":"Feature","properties":{"en":"Sainte-Anne-des-Plaines","fr":"Sainte-Anne-des-Plaines"},"geometry":{"type":"Point","coordinates":[-73.8167,45.7667]}},{"type":"Feature","properties":{"en":"Sainte-Anne-de-Bellevue","fr":"Sainte-Anne-de-Bellevue"},"geometry":{"type":"Point","coordinates":[-73.9525,45.4039]}},{"type":"Feature","properties":{"en":"Saint-Eustache","fr":"Saint-Eustache"},"geometry":{"type":"Point","coordinates":[-73.9,45.566666666667]}},{"type":"Feature","properties":{"en":"Saint-Félicien","fr":"Saint-Félicien"},"geometry":{"type":"Point","coordinates":[-72.45,48.65]}},{"type":"Feature","properties":{"en":"Latulipe-et-Gaboury","fr":"Latulipe-et-Gaboury"},"geometry":{"type":"Point","coordinates":[-79.0322,47.4273]}},{"type":"Feature","properties":{"en":"Châteauguay","fr":"Châteauguay"},"geometry":{"type":"Point","coordinates":[-73.75,45.383333333333]}},{"type":"Feature","properties":{"en":"Estérel","fr":"Estérel"},"geometry":{"type":"Point","coordinates":[-74.016666666667,46.05]}},{"type":"Feature","properties":{"en":"Gracefield","fr":"Gracefield"},"geometry":{"type":"Point","coordinates":[-76.05,46.1]}},{"type":"Feature","properties":{"en":"Bécancour","fr":"Bécancour"},"geometry":{"type":"Point","coordinates":[-72.4333,46.3333]}},{"type":"Feature","properties":{"en":"Contrecœur","fr":"Contrecœur"},"geometry":{"type":"Point","coordinates":[-73.2333,45.85]}},{"type":"Feature","properties":{"en":"Pincourt","fr":"Pincourt"},"geometry":{"type":"Point","coordinates":[-73.983333333333,45.383333333333]}},{"type":"Feature","properties":{"en":"Carleton-sur-Mer","fr":"Carleton-sur-Mer"},"geometry":{"type":"Point","coordinates":[-66.1219444444444,48.1016666666667]}},{"type":"Feature","properties":{"en":"Sainte-Catherine-de-la-Jacques-Cartier","fr":"Sainte-Catherine-de-la-Jacques-Cartier"},"geometry":{"type":"Point","coordinates":[-71.61754,46.84486]}},{"type":"Feature","properties":{"en":"Coteau-du-Lac","fr":"Coteau-du-Lac"},"geometry":{"type":"Point","coordinates":[-74.183333333333,45.3]}},{"type":"Feature","properties":{"en":"Macamic","fr":"Macamic"},"geometry":{"type":"Point","coordinates":[-79.0,48.75]}},{"type":"Feature","properties":{"en":"Saint-Colomban","fr":"Saint-Colomban"},"geometry":{"type":"Point","coordinates":[-74.133333333333,45.733333333333]}},{"type":"Feature","properties":{"en":"L'Ile-Perrot","fr":"L'Île-Perrot"},"geometry":{"type":"Point","coordinates":[-73.95,45.3833]}},{"type":"Feature","properties":{"en":"Nicolet","fr":"Nicolet"},"geometry":{"type":"Point","coordinates":[-72.6167,46.2167]}},{"type":"Feature","properties":{"en":"Dégelis","fr":"Dégelis"},"geometry":{"type":"Point","coordinates":[-68.65,47.55]}},{"type":"Feature","properties":{"en":"Fermont","fr":"Fermont"},"geometry":{"type":"Point","coordinates":[-67.0833,52.7833]}},{"type":"Feature","properties":{"en":"Saint-Joseph-de-Beauce","fr":"Saint-Joseph-de-Beauce"},"geometry":{"type":"Point","coordinates":[-70.8794444444444,46.3075]}},{"type":"Feature","properties":{"en":"Métis-sur-Mer","fr":"Métis-sur-Mer"},"geometry":{"type":"Point","coordinates":[-68.0,48.666666666667]}},{"type":"Feature","properties":{"en":"Otterburn Park","fr":"Otterburn Park"},"geometry":{"type":"Point","coordinates":[-73.2167,45.5333]}},{"type":"Feature","properties":{"en":"Cap-Santé","fr":"Cap-Santé"},"geometry":{"type":"Point","coordinates":[-71.783333333333,46.666666666667]}},{"type":"Feature","properties":{"en":"Donnacona","fr":"Donnacona"},"geometry":{"type":"Point","coordinates":[-71.75,46.666666666667]}},{"type":"Feature","properties":{"en":"Ville-Marie","fr":"Ville-Marie"},"geometry":{"type":"Point","coordinates":[-79.4372222222222,47.3288888888889]}},{"type":"Feature","properties":{"en":"Sainte-Marie","fr":"Sainte-Marie"},"geometry":{"type":"Point","coordinates":[-71.033333333333,46.45]}},{"type":"Feature","properties":{"en":"Causapscal","fr":"Causapscal"},"geometry":{"type":"Point","coordinates":[-67.2251327,48.3550405]}},{"type":"Feature","properties":{"en":"Paspébiac","fr":"Paspébiac"},"geometry":{"type":"Point","coordinates":[-65.25,48.0333]}},{"type":"Feature","properties":{"en":"Schefferville","fr":"Schefferville"},"geometry":{"type":"Point","coordinates":[-66.833333333333,54.8]}},{"type":"Feature","properties":{"en":"Sept-Îles","fr":"Sept-Îles"},"geometry":{"type":"Point","coordinates":[-66.3833,50.2167]}},{"type":"Feature","properties":{"en":"Amos","fr":"Amos"},"geometry":{"type":"Point","coordinates":[-78.116666666667,48.566666666667]}},{"type":"Feature","properties":{"en":"Vaudreuil-Dorion","fr":"Vaudreuil-Dorion"},"geometry":{"type":"Point","coordinates":[-74.033333333333,45.4]}},{"type":"Feature","properties":{"en":"Mont-Joli","fr":"Mont-Joli"},"geometry":{"type":"Point","coordinates":[-68.183333333333,48.583333333333]}},{"type":"Feature","properties":{"en":"Saint-Jérôme","fr":"Saint-Jérôme"},"geometry":{"type":"Point","coordinates":[-74.0,45.783333333333]}},{"type":"Feature","properties":{"en":"Victoriaville","fr":"Victoriaville"},"geometry":{"type":"Point","coordinates":[-71.966666666667,46.05]}},{"type":"Feature","properties":{"en":"Sainte-Agathe-des-Monts","fr":"Sainte-Agathe-des-Monts"},"geometry":{"type":"Point","coordinates":[-74.283333333333,46.05]}},{"type":"Feature","properties":{"en":"Farnham","fr":"Farnham"},"geometry":{"type":"Point","coordinates":[-72.9766666666667,45.2836111111111]}},{"type":"Feature","properties":{"en":"Mascouche","fr":"Mascouche"},"geometry":{"type":"Point","coordinates":[-73.6,45.75]}},{"type":"Feature","properties":{"en":"L'Assomption","fr":"L'Assomption"},"geometry":{"type":"Point","coordinates":[-73.4167,45.8333]}},{"type":"Feature","properties":{"en":"Huntingdon","fr":"Huntingdon"},"geometry":{"type":"Point","coordinates":[-74.166666666667,45.083333333333]}},{"type":"Feature","properties":{"en":"La Tuque","fr":"La Tuque"},"geometry":{"type":"Point","coordinates":[-72.783333333333,47.433333333333]}},{"type":"Feature","properties":{"en":"Maniwaki","fr":"Maniwaki"},"geometry":{"type":"Point","coordinates":[-75.9667,46.375]}},{"type":"Feature","properties":{"en":"Port-Cartier","fr":"Port-Cartier"},"geometry":{"type":"Point","coordinates":[-66.8667,50.0333]}},{"type":"Feature","properties":{"en":"Rouyn-Noranda","fr":"Rouyn-Noranda"},"geometry":{"type":"Point","coordinates":[-79.0167,48.2333]}},{"type":"Feature","properties":{"en":"Laval","fr":"Laval"},"geometry":{"type":"Point","coordinates":[-73.75,45.5833]}},{"type":"Feature","properties":{"en":"Valcourt","fr":"Valcourt"},"geometry":{"type":"Point","coordinates":[-72.3167,45.5]}},{"type":"Feature","properties":{"en":"Gatineau","fr":"Gatineau"},"geometry":{"type":"Point","coordinates":[-75.65,45.483333]}},{"type":"Feature","properties":{"en":"Saint-Hyacinthe","fr":"Saint-Hyacinthe"},"geometry":{"type":"Point","coordinates":[-72.95,45.616666666667]}},{"type":"Feature","properties":{"en":"Granby","fr":"Granby"},"geometry":{"type":"Point","coordinates":[-72.733333333333,45.4]}},{"type":"Feature","properties":{"en":"Gaspé","fr":"Gaspé"},"geometry":{"type":"Point","coordinates":[-64.484439,48.831044]}},{"type":"Feature","properties":{"en":"Chibougamau","fr":"Chibougamau"},"geometry":{"type":"Point","coordinates":[-74.366666666667,49.916666666667]}},{"type":"Feature","properties":{"en":"Mirabel","fr":"Mirabel"},"geometry":{"type":"Point","coordinates":[-74.083333333333,45.65]}},{"type":"Feature","properties":{"en":"Boucherville","fr":"Boucherville"},"geometry":{"type":"Point","coordinates":[-73.45,45.6]}},{"type":"Feature","properties":{"en":"Sainte-Anne-de-Beaupré","fr":"Sainte-Anne-de-Beaupré"},"geometry":{"type":"Point","coordinates":[-70.933333333333,47.016666666667]}},{"type":"Feature","properties":{"en":"La Sarre","fr":"La Sarre"},"geometry":{"type":"Point","coordinates":[-79.0,48.8]}},{"type":"Feature","properties":{"en":"Val-d'Or","fr":"Val-d'Or"},"geometry":{"type":"Point","coordinates":[-77.7891666666667,48.1019444444444]}},{"type":"Feature","properties":{"en":"Drummondville","fr":"Drummondville"},"geometry":{"type":"Point","coordinates":[-72.483333333333,45.883333333333]}},{"type":"Feature","properties":{"en":"Deux-Montagnes","fr":"Deux-Montagnes"},"geometry":{"type":"Point","coordinates":[-73.883333333333,45.533333333333]}},{"type":"Feature","properties":{"en":"Montmagny","fr":"Montmagny"},"geometry":{"type":"Point","coordinates":[-70.55,46.983333333333]}},{"type":"Feature","properties":{"en":"Roberval","fr":"Roberval"},"geometry":{"type":"Point","coordinates":[-72.2219444444444,48.5175]}},{"type":"Feature","properties":{"en":"L'Île-Dorval","fr":"L'Île-Dorval"},"geometry":{"type":"Point","coordinates":[-73.741388888889,45.432222222222]}},{"type":"Feature","properties":{"en":"Acton Vale","fr":"Acton Vale"},"geometry":{"type":"Point","coordinates":[-72.5667,45.65]}},{"type":"Feature","properties":{"en":"Dorval","fr":"Dorval"},"geometry":{"type":"Point","coordinates":[-73.75,45.45]}},{"type":"Feature","properties":{"en":"Kingsey Falls","fr":"Kingsey Falls"},"geometry":{"type":"Point","coordinates":[-72.0667,45.85]}},{"type":"Feature","properties":{"en":"Alma","fr":"Alma"},"geometry":{"type":"Point","coordinates":[-71.65,48.55]}},{"type":"Feature","properties":{"en":"Saint-Jean-sur-Richelieu","fr":"Saint-Jean-sur-Richelieu"},"geometry":{"type":"Point","coordinates":[-73.2536111111111,45.3055555555556]}},{"type":"Feature","properties":{"en":"Shawinigan","fr":"Shawinigan"},"geometry":{"type":"Point","coordinates":[-72.75,46.5667]}},{"type":"Feature","properties":{"en":"Bromont","fr":"Bromont"},"geometry":{"type":"Point","coordinates":[-72.65,45.3167]}},{"type":"Feature","properties":{"en":"Bedford","fr":"Bedford"},"geometry":{"type":"Point","coordinates":[-72.983333333333,45.116666666667]}},{"type":"Feature","properties":{"en":"Percé","fr":"Percé"},"geometry":{"type":"Point","coordinates":[-64.216666666667,48.533333333333]}},{"type":"Feature","properties":{"en":"Thetford Mines","fr":"Thetford Mines"},"geometry":{"type":"Point","coordinates":[-71.3,46.1]}},{"type":"Feature","properties":{"en":"Dollard-des-Ormeaux","fr":"Dollard-des-Ormeaux"},"geometry":{"type":"Point","coordinates":[-73.816666666667,45.483333333333]}},{"type":"Feature","properties":{"en":"Château-Richer","fr":"Château-Richer"},"geometry":{"type":"Point","coordinates":[-71.016666666667,46.966666666667]}},{"type":"Feature","properties":{"en":"Magog","fr":"Magog"},"geometry":{"type":"Point","coordinates":[-72.15,45.266666666667]}},{"type":"Feature","properties":{"en":"Sorel‐Tracy","fr":"Sorel-Tracy"},"geometry":{"type":"Point","coordinates":[-73.1167,46.0333]}},{"type":"Feature","properties":{"en":"Varennes","fr":"Varennes"},"geometry":{"type":"Point","coordinates":[-73.4408333333333,45.6825]}},{"type":"Feature","properties":{"en":"Charlemagne","fr":"Charlemagne"},"geometry":{"type":"Point","coordinates":[-73.483333333333,45.716666666667]}},{"type":"Feature","properties":{"en":"Lac-Mégantic","fr":"Lac-Mégantic"},"geometry":{"type":"Point","coordinates":[-70.883333333333,45.583333333333]}},{"type":"Feature","properties":{"en":"Rivière-du-Loup","fr":"Rivière-du-Loup"},"geometry":{"type":"Point","coordinates":[-69.5333,47.8333]}},{"type":"Feature","properties":{"en":"Matane","fr":"Matane"},"geometry":{"type":"Point","coordinates":[-67.5305555555556,48.8433333333333]}},{"type":"Feature","properties":{"en":"Beaconsfield","fr":"Beaconsfield"},"geometry":{"type":"Point","coordinates":[-73.866666666667,45.433333333333]}},{"type":"Feature","properties":{"en":"Salaberry-de-Valleyfield","fr":"Salaberry-de-Valleyfield"},"geometry":{"type":"Point","coordinates":[-74.133333333333,45.25]}},{"type":"Feature","properties":{"en":"Saint-Césaire","fr":"Saint-Césaire"},"geometry":{"type":"Point","coordinates":[-73.0,45.4167]}},{"type":"Feature","properties":{"en":"Mont-Laurier","fr":"Mont-Laurier"},"geometry":{"type":"Point","coordinates":[-75.5,46.55]}},{"type":"Feature","properties":{"en":"Saint-Constant","fr":"Saint-Constant"},"geometry":{"type":"Point","coordinates":[-73.566666666667,45.366666666667]}},{"type":"Feature","properties":{"en":"Chambly","fr":"Chambly"},"geometry":{"type":"Point","coordinates":[-73.2833,45.45]}},{"type":"Feature","properties":{"en":"Saint-Lin–Laurentides","fr":"Saint-Lin–Laurentides"},"geometry":{"type":"Point","coordinates":[-73.7667,45.85]}},{"type":"Feature","properties":{"en":"Candiac","fr":"Candiac"},"geometry":{"type":"Point","coordinates":[-73.516666666667,45.383333333333]}},{"type":"Feature","properties":{"en":"Mont-Tremblant","fr":"Mont-Tremblant"},"geometry":{"type":"Point","coordinates":[-74.6,46.1167]}},{"type":"Feature","properties":{"en":"Sainte-Thérèse","fr":"Sainte-Thérèse"},"geometry":{"type":"Point","coordinates":[-73.8430555555556,45.6402777777778]}},{"type":"Feature","properties":{"en":"La Prairie","fr":"La Prairie"},"geometry":{"type":"Point","coordinates":[-73.5,45.416666666667]}},{"type":"Feature","properties":{"en":"Saint-Raymond","fr":"Saint-Raymond"},"geometry":{"type":"Point","coordinates":[-71.8333,46.9]}},{"type":"Feature","properties":{"en":"Saint-Augustin-de-Desmaures","fr":"Saint-Augustin-de-Desmaures"},"geometry":{"type":"Point","coordinates":[-71.4595,46.743]}},{"type":"Feature","properties":{"en":"Cowansville","fr":"Cowansville"},"geometry":{"type":"Point","coordinates":[-72.75,45.2]}},{"type":"Feature","properties":{"en":"La Malbaie","fr":"La Malbaie"},"geometry":{"type":"Point","coordinates":[-70.15,47.65]}},{"type":"Feature","properties":{"en":"Kirkland","fr":"Kirkland"},"geometry":{"type":"Point","coordinates":[-73.866666666667,45.45]}},{"type":"Feature","properties":{"en":"Stoneham-et-Tewkesbury","fr":"Stoneham-et-Tewkesbury"},"geometry":{"type":"Point","coordinates":[-71.363888888889,46.999166666667]}},{"type":"Feature","properties":{"en":"Trois-Pistoles","fr":"Trois-Pistoles"},"geometry":{"type":"Point","coordinates":[-69.183333333333,48.116666666667]}},{"type":"Feature","properties":{"en":"Sainte-Julie","fr":"Sainte-Julie"},"geometry":{"type":"Point","coordinates":[-73.333333333333,45.583333333333]}},{"type":"Feature","properties":{"en":"Lorraine","fr":"Lorraine"},"geometry":{"type":"Point","coordinates":[-73.7766666666667,45.6597222222222]}},{"type":"Feature","properties":{"en":"Saint-Pamphile","fr":"Saint-Pamphile"},"geometry":{"type":"Point","coordinates":[-69.7833,46.9667]}},{"type":"Feature","properties":{"en":"Saint-Basile-le-Grand","fr":"Saint-Basile-le-Grand"},"geometry":{"type":"Point","coordinates":[-73.2833,45.5333]}},{"type":"Feature","properties":{"en":"Témiscaming","fr":"Témiscaming"},"geometry":{"type":"Point","coordinates":[-79.0930555555556,46.7219444444444]}},{"type":"Feature","properties":{"en":"Delson","fr":"Delson"},"geometry":{"type":"Point","coordinates":[-73.55,45.366666666667]}},{"type":"Feature","properties":{"en":"Clermont","fr":"Clermont"},"geometry":{"type":"Point","coordinates":[-70.2333,47.6833]}},{"type":"Feature","properties":{"en":"Sainte-Catherine","fr":"Sainte-Catherine"},"geometry":{"type":"Point","coordinates":[-73.5704,45.40402]}},{"type":"Feature","properties":{"en":"Mercier","fr":"Mercier"},"geometry":{"type":"Point","coordinates":[-73.75,45.316666666667]}},{"type":"Feature","properties":{"en":"Rosemère","fr":"Rosemère"},"geometry":{"type":"Point","coordinates":[-73.8,45.633333333333]}},{"type":"Feature","properties":{"en":"Chandler","fr":"Chandler"},"geometry":{"type":"Point","coordinates":[-64.6833,48.35]}},{"type":"Feature","properties":{"en":"Fossambault-sur-le-Lac","fr":"Fossambault-sur-le-Lac"},"geometry":{"type":"Point","coordinates":[-71.6167,46.8667]}},{"type":"Feature","properties":{"en":"L'Ancienne-Lorette","fr":"L'Ancienne-Lorette"},"geometry":{"type":"Point","coordinates":[-71.3625,46.7986111111111]}},{"type":"Feature","properties":{"en":"Duparquet","fr":"Duparquet"},"geometry":{"type":"Point","coordinates":[-79.2333,48.5]}},{"type":"Feature","properties":{"en":"Barkmere","fr":"Barkmere"},"geometry":{"type":"Point","coordinates":[-74.583333333333,46.0]}},{"type":"Feature","properties":{"en":"Dunham","fr":"Dunham"},"geometry":{"type":"Point","coordinates":[-72.8,45.1333]}},{"type":"Feature","properties":{"en":"Lac-Sergent","fr":"Lac-Sergent"},"geometry":{"type":"Point","coordinates":[-71.7258333333333,46.8680555555556]}},{"type":"Feature","properties":{"en":"Cookshire-Eaton","fr":"Cookshire-Eaton"},"geometry":{"type":"Point","coordinates":[-71.6306666666667,45.4134166666667]}},{"type":"Feature","properties":{"en":"East Angus","fr":"East Angus"},"geometry":{"type":"Point","coordinates":[-71.6667,45.4833]}},{"type":"Feature","properties":{"en":"Lac-Brome","fr":"Lac-Brome"},"geometry":{"type":"Point","coordinates":[-72.5086111111111,45.2188888888889]}},{"type":"Feature","properties":{"en":"Lachute","fr":"Lachute"},"geometry":{"type":"Point","coordinates":[-74.333333333333,45.65]}},{"type":"Feature","properties":{"en":"Lac-Delage","fr":"Lac-Delage"},"geometry":{"type":"Point","coordinates":[-71.4,46.9667]}},{"type":"Feature","properties":{"en":"Chapais","fr":"Chapais"},"geometry":{"type":"Point","coordinates":[-74.854444444444,49.781944444444]}},{"type":"Feature","properties":{"en":"Desbiens","fr":"Desbiens"},"geometry":{"type":"Point","coordinates":[-71.95,48.4167]}},{"type":"Feature","properties":{"en":"Pointe-Claire","fr":"Pointe-Claire"},"geometry":{"type":"Point","coordinates":[-73.816666666667,45.45]}},{"type":"Feature","properties":{"en":"Lebel-sur-Quévillon","fr":"Lebel-sur-Quévillon"},"geometry":{"type":"Point","coordinates":[-76.9761111111111,49.0519444444444]}},{"type":"Feature","properties":{"en":"Pohénégamook","fr":"Pohénégamook"},"geometry":{"type":"Point","coordinates":[-69.2167,47.4667]}},{"type":"Feature","properties":{"en":"Waterloo","fr":"Waterloo"},"geometry":{"type":"Point","coordinates":[-72.5152777777778,45.3447222222222]}},{"type":"Feature","properties":{"en":"New Richmond","fr":"New Richmond"},"geometry":{"type":"Point","coordinates":[-65.8667,48.1667]}},{"type":"Feature","properties":{"en":"Rivière-Rouge","fr":"Rivière-Rouge"},"geometry":{"type":"Point","coordinates":[-74.8702777777778,46.4091666666667]}},{"type":"Feature","properties":{"en":"Richelieu","fr":"Richelieu"},"geometry":{"type":"Point","coordinates":[-73.25,45.45]}},{"type":"Feature","properties":{"en":"Lunenburg County","fr":"comté de Lunenburg"},"geometry":{"type":"Point","coordinates":[-64.5,44.5]}},{"type":"Feature","properties":{"en":"Pont-Rouge","fr":"Pont-Rouge"},"geometry":{"type":"Point","coordinates":[-71.7,46.75]}},{"type":"Feature","properties":{"en":"Saint-Marc-des-Carrières","fr":"Saint-Marc-des-Carrières"},"geometry":{"type":"Point","coordinates":[-72.05,46.6833]}},{"type":"Feature","properties":{"en":"Métabetchouan–Lac-à-la-Croix","fr":"Métabetchouan–Lac-à-la-Croix"},"geometry":{"type":"Point","coordinates":[-71.8667,48.4333]}},{"type":"Feature","properties":{"en":"Saint-Bruno-de-Montarville","fr":"Saint-Bruno-de-Montarville"},"geometry":{"type":"Point","coordinates":[-73.35,45.533333333333]}},{"type":"Feature","properties":{"en":"Forestville","fr":"Forestville"},"geometry":{"type":"Point","coordinates":[-69.0833,48.7333]}},{"type":"Feature","properties":{"en":"La Pocatière","fr":"La Pocatière"},"geometry":{"type":"Point","coordinates":[-70.0333,47.3667]}},{"type":"Feature","properties":{"en":"Cap-Chat","fr":"Cap-Chat"},"geometry":{"type":"Point","coordinates":[-66.6833,49.1]}},{"type":"Feature","properties":{"en":"Scotstown","fr":"Scotstown"},"geometry":{"type":"Point","coordinates":[-71.28112,45.52296]}},{"type":"Feature","properties":{"en":"Thurso","fr":"Thurso"},"geometry":{"type":"Point","coordinates":[-75.2433333333333,45.5969444444444]}},{"type":"Feature","properties":{"en":"Stanstead","fr":"Stanstead"},"geometry":{"type":"Point","coordinates":[-72.1,45.016666666667]}},{"type":"Feature","properties":{"en":"Senneterre","fr":"Senneterre"},"geometry":{"type":"Point","coordinates":[-77.2333,48.3833]}},{"type":"Feature","properties":{"en":"Saint-Tite","fr":"Saint-Tite"},"geometry":{"type":"Point","coordinates":[-72.5644444444444,46.7269444444444]}},{"type":"Feature","properties":{"en":"Carignan","fr":"Carignan"},"geometry":{"type":"Point","coordinates":[-73.3302777777778,45.4655555555556]}},{"type":"Feature","properties":{"en":"Warwick","fr":"Warwick"},"geometry":{"type":"Point","coordinates":[-71.9833,45.95]}},{"type":"Feature","properties":{"en":"Normandin","fr":"Normandin"},"geometry":{"type":"Point","coordinates":[-72.5333,48.8333]}},{"type":"Feature","properties":{"en":"Saint-Ours","fr":"Saint-Ours"},"geometry":{"type":"Point","coordinates":[-73.15,45.8833]}},{"type":"Feature","properties":{"en":"Murdochville","fr":"Murdochville"},"geometry":{"type":"Point","coordinates":[-65.5,48.9667]}},{"type":"Feature","properties":{"en":"Waterville","fr":"Waterville"},"geometry":{"type":"Point","coordinates":[-71.9,45.2667]}},{"type":"Feature","properties":{"en":"Saint-Lazare","fr":"Saint-Lazare"},"geometry":{"type":"Point","coordinates":[-74.1333,45.4]}},{"type":"Feature","properties":{"en":"Portneuf","fr":"Portneuf"},"geometry":{"type":"Point","coordinates":[-71.8833,46.7]}},{"type":"Feature","properties":{"en":"Sainte-Marthe-sur-le-Lac","fr":"Sainte-Marthe-sur-le-Lac"},"geometry":{"type":"Point","coordinates":[-73.933333333333,45.533333333333]}},{"type":"Feature","properties":{"en":"Saint-Basile","fr":"Saint-Basile"},"geometry":{"type":"Point","coordinates":[-71.8167,46.75]}},{"type":"Feature","properties":{"en":"Saint-Pascal","fr":"Saint-Pascal"},"geometry":{"type":"Point","coordinates":[-69.8,47.5333]}},{"type":"Feature","properties":{"en":"Saint‐Joseph‐de‐Sorel","fr":"Saint-Joseph-de-Sorel"},"geometry":{"type":"Point","coordinates":[-73.1167,46.0333]}},{"type":"Feature","properties":{"en":"Témiscouata-sur-le-Lac","fr":"Témiscouata-sur-le-Lac"},"geometry":{"type":"Point","coordinates":[-68.8833,47.6833]}},{"type":"Feature","properties":{"en":"Notre-Dame-des-Prairies","fr":"Notre-Dame-des-Prairies"},"geometry":{"type":"Point","coordinates":[-73.4333,46.05]}},{"type":"Feature","properties":{"en":"Danville","fr":"Danville"},"geometry":{"type":"Point","coordinates":[-72.0167,45.7833]}},{"type":"Feature","properties":{"en":"Neuville","fr":"Neuville"},"geometry":{"type":"Point","coordinates":[-71.5833334,46.7]}},{"type":"Feature","properties":{"en":"Sainte-Marguerite-du-Lac-Masson","fr":"Sainte-Marguerite-du-Lac-Masson"},"geometry":{"type":"Point","coordinates":[-74.05,46.033333333333]}},{"type":"Feature","properties":{"en":"Saint-Rémi","fr":"Saint-Rémi"},"geometry":{"type":"Point","coordinates":[-73.616666666667,45.266666666667]}},{"type":"Feature","properties":{"en":"Princeville","fr":"Princeville"},"geometry":{"type":"Point","coordinates":[-71.8833,46.1667]}},{"type":"Feature","properties":{"en":"Sutton","fr":"Sutton"},"geometry":{"type":"Point","coordinates":[-72.6167,45.1]}},{"type":"Feature","properties":{"en":"Sainte-Adèle","fr":"Sainte-Adèle"},"geometry":{"type":"Point","coordinates":[-74.133333333333,45.95]}},{"type":"Feature","properties":{"en":"Malartic","fr":"Malartic"},"geometry":{"type":"Point","coordinates":[-78.1272222222222,48.1361111111111]}},{"type":"Feature","properties":{"en":"Grande-Rivière","fr":"Grande-Rivière"},"geometry":{"type":"Point","coordinates":[-64.5,48.4]}},{"type":"Feature","properties":{"en":"Saint-Georges","fr":"Saint-Georges"},"geometry":{"type":"Point","coordinates":[-70.666666666667,46.116666666667]}},{"type":"Feature","properties":{"en":"Saint-Sauveur","fr":"Saint-Sauveur"},"geometry":{"type":"Point","coordinates":[-74.166666666667,45.9]}},{"type":"Feature","properties":{"en":"Kawawachikamach","fr":"Kawawachikamach"},"geometry":{"type":"Point","coordinates":[-66.7616666666667,54.8636111111111]}},{"type":"Feature","properties":{"en":"Dvůr Králové nad Labem","fr":"Dvůr Králové nad Labem"},"geometry":{"type":"Point","coordinates":[15.814108741637,50.431763800828]}},{"type":"Feature","properties":{"en":"Zama","fr":"Zama"},"geometry":{"type":"Point","coordinates":[139.407611111111,35.4885833333333]}},{"type":"Feature","properties":{"en":"Děčín","fr":"Děčín"},"geometry":{"type":"Point","coordinates":[14.196111111111,50.773611111111]}},{"type":"Feature","properties":{"en":"Teplice","fr":"Teplice"},"geometry":{"type":"Point","coordinates":[13.816666666667,50.633333333333]}},{"type":"Feature","properties":{"en":"Liberec","fr":"Liberec"},"geometry":{"type":"Point","coordinates":[15.05,50.7666666666667]}},{"type":"Feature","properties":{"en":"Chomutov","fr":"Chomutov"},"geometry":{"type":"Point","coordinates":[13.411111111111,50.462777777778]}},{"type":"Feature","properties":{"en":"Most","fr":"Most"},"geometry":{"type":"Point","coordinates":[13.636666666667,50.503055555556]}},{"type":"Feature","properties":{"en":"Kalush","fr":"Kalouch"},"geometry":{"type":"Point","coordinates":[24.359722222222,49.044166666667]}},{"type":"Feature","properties":{"en":"Aomori","fr":"Aomori"},"geometry":{"type":"Point","coordinates":[140.746944444444,40.8227777777778]}},{"type":"Feature","properties":{"en":"Jablonec nad Nisou","fr":"Jablonec nad Nisou"},"geometry":{"type":"Point","coordinates":[15.17,50.727777777778]}},{"type":"Feature","properties":{"en":"Harrachov","fr":"Harrachov"},"geometry":{"type":"Point","coordinates":[15.431521379296,50.77213608751]}},{"type":"Feature","properties":{"en":"Jirkov","fr":"Jirkov"},"geometry":{"type":"Point","coordinates":[13.447786301898,50.499890572913]}},{"type":"Feature","properties":{"en":"Rumburk","fr":"Rumburk"},"geometry":{"type":"Point","coordinates":[14.55711013781,50.951576367344]}},{"type":"Feature","properties":{"en":"Tanvald","fr":"Tanvald"},"geometry":{"type":"Point","coordinates":[15.305960246529,50.737406262188]}},{"type":"Feature","properties":{"en":"Jablunkov","fr":"Jablunkov"},"geometry":{"type":"Point","coordinates":[18.764611504976,49.576691347506]}},{"type":"Feature","properties":{"en":"Mimoň","fr":"Mimoň"},"geometry":{"type":"Point","coordinates":[14.724839569219,50.658755425527]}},{"type":"Feature","properties":{"en":"Veverská Bítýška","fr":"Veverská Bítýška"},"geometry":{"type":"Point","coordinates":[16.436884691995,49.275944221063]}},{"type":"Feature","properties":{"en":"Desná","fr":"Desná"},"geometry":{"type":"Point","coordinates":[15.302947428481,50.759923158865]}},{"type":"Feature","properties":{"en":"Mogilev","fr":"Mahiliow"},"geometry":{"type":"Point","coordinates":[30.34296,53.90894]}},{"type":"Feature","properties":{"en":"Kuldīga","fr":"Kuldīga"},"geometry":{"type":"Point","coordinates":[21.97,56.967222222222]}},{"type":"Feature","properties":{"en":"Kstovo","fr":"Kstovo"},"geometry":{"type":"Point","coordinates":[44.195555555556,56.151666666667]}},{"type":"Feature","properties":{"en":"Kutná Hora","fr":"Kutná Hora"},"geometry":{"type":"Point","coordinates":[15.268225887967,49.948444972662]}},{"type":"Feature","properties":{"en":"Kladno","fr":"Kladno"},"geometry":{"type":"Point","coordinates":[14.105277777778,50.143055555556]}},{"type":"Feature","properties":{"en":"Opava","fr":"Opava"},"geometry":{"type":"Point","coordinates":[17.904444444444,49.938055555556]}},{"type":"Feature","properties":{"en":"Ivano-Frankivsk","fr":"Ivano-Frankivsk"},"geometry":{"type":"Point","coordinates":[24.710555555556,48.922777777778]}},{"type":"Feature","properties":{"en":"Ústí nad Labem","fr":"Ústí nad Labem"},"geometry":{"type":"Point","coordinates":[14.041666666667,50.659166666667]}},{"type":"Feature","properties":{"en":"Kroměříž","fr":"Kromeriz"},"geometry":{"type":"Point","coordinates":[17.393134863736,49.297859972783]}},{"type":"Feature","properties":{"en":"Adamov","fr":"Adamov"},"geometry":{"type":"Point","coordinates":[16.658570650287,49.30052629923]}},{"type":"Feature","properties":{"en":"Písek","fr":"Písek"},"geometry":{"type":"Point","coordinates":[14.147530601921,49.30888068684]}},{"type":"Feature","properties":{"en":"Jablonné v Podještědí","fr":"Jablonné v Podještědí"},"geometry":{"type":"Point","coordinates":[14.76063179631,50.765345012501]}},{"type":"Feature","properties":{"en":"Hlučín","fr":"Hlučín"},"geometry":{"type":"Point","coordinates":[18.19200490075,49.897939786775]}},{"type":"Feature","properties":{"en":"Polná","fr":"Polná"},"geometry":{"type":"Point","coordinates":[15.718844195485,49.48704494622]}},{"type":"Feature","properties":{"en":"Klášterec nad Ohří","fr":"Klášterec nad Ohří"},"geometry":{"type":"Point","coordinates":[13.171368113331,50.384556821405]}},{"type":"Feature","properties":{"en":"Žamberk","fr":"Žamberk"},"geometry":{"type":"Point","coordinates":[16.467445454592,50.086040466117]}},{"type":"Feature","properties":{"en":"Kadaň","fr":"Kadaň"},"geometry":{"type":"Point","coordinates":[13.271397346217,50.37608553522]}},{"type":"Feature","properties":{"en":"Varnsdorf","fr":"Varnsdorf"},"geometry":{"type":"Point","coordinates":[14.618353683386,50.911612411446]}},{"type":"Feature","properties":{"en":"Dobřichovice","fr":"Dobřichovice"},"geometry":{"type":"Point","coordinates":[14.27475687167,49.927572663242]}},{"type":"Feature","properties":{"en":"Červený Kostelec","fr":"Červený Kostelec"},"geometry":{"type":"Point","coordinates":[16.092983802099,50.476298276375]}},{"type":"Feature","properties":{"en":"Buštěhrad","fr":"Buštěhrad"},"geometry":{"type":"Point","coordinates":[14.189049604516,50.156020273004]}},{"type":"Feature","properties":{"en":"Velká Bíteš","fr":"Velká Bíteš"},"geometry":{"type":"Point","coordinates":[16.225874100039,49.28866258252]}},{"type":"Feature","properties":{"en":"Stochov","fr":"Stochov"},"geometry":{"type":"Point","coordinates":[13.96352591847,50.146392291736]}},{"type":"Feature","properties":{"en":"Vrbno pod Pradědem","fr":"Vrbno pod Pradědem"},"geometry":{"type":"Point","coordinates":[17.383221772378,50.120957199296]}},{"type":"Feature","properties":{"en":"Libčice nad Vltavou","fr":"Libčice nad Vltavou"},"geometry":{"type":"Point","coordinates":[14.362753126365,50.199102800559]}},{"type":"Feature","properties":{"en":"Duchcov","fr":"Duchcov"},"geometry":{"type":"Point","coordinates":[13.746310094927,50.603854793198]}},{"type":"Feature","properties":{"en":"Přibyslav","fr":"Přibyslav"},"geometry":{"type":"Point","coordinates":[15.738585389384,49.576885241921]}},{"type":"Feature","properties":{"en":"Fukushima","fr":"Fukushima"},"geometry":{"type":"Point","coordinates":[140.474722222222,37.7608055555556]}},{"type":"Feature","properties":{"en":"Tišnov","fr":"Tišnov"},"geometry":{"type":"Point","coordinates":[16.424404904279,49.348749330424]}},{"type":"Feature","properties":{"en":"Ivanovice na Hané","fr":"Ivanovice na Hané"},"geometry":{"type":"Point","coordinates":[17.093450591083,49.305433868254]}},{"type":"Feature","properties":{"en":"Ageo","fr":"Ageo"},"geometry":{"type":"Point","coordinates":[139.593194444444,35.9773888888889]}},{"type":"Feature","properties":{"en":"Slave Lake","fr":"Slave Lake"},"geometry":{"type":"Point","coordinates":[-114.771,55.2853]}},{"type":"Feature","properties":{"en":"Kawasaki","fr":"Kawasaki"},"geometry":{"type":"Point","coordinates":[139.703,35.5308888888889]}},{"type":"Feature","properties":{"en":"Vysoké nad Jizerou","fr":"Vysoké nad Jizerou"},"geometry":{"type":"Point","coordinates":[15.401628104786,50.685638628538]}},{"type":"Feature","properties":{"en":"Tokorozawa","fr":"Tokorozawa"},"geometry":{"type":"Point","coordinates":[139.46888888889,35.799444444444]}},{"type":"Feature","properties":{"en":"Nabari","fr":"Nabari"},"geometry":{"type":"Point","coordinates":[136.108388888889,34.6275833333333]}},{"type":"Feature","properties":{"en":"Horšovský Týn","fr":"Horšovský Týn"},"geometry":{"type":"Point","coordinates":[12.944091023187,49.529759792748]}},{"type":"Feature","properties":{"en":"Shimanto","fr":"Shimanto"},"geometry":{"type":"Point","coordinates":[132.933694444444,32.9912777777778]}},{"type":"Feature","properties":{"en":"Zbiroh","fr":"Zbiroh"},"geometry":{"type":"Point","coordinates":[13.772679609569,49.860330117712]}},{"type":"Feature","properties":{"en":"Zbýšov","fr":"Zbýšov"},"geometry":{"type":"Point","coordinates":[16.34952542846,49.155276849127]}},{"type":"Feature","properties":{"en":"Zdice","fr":"Zdice"},"geometry":{"type":"Point","coordinates":[13.977528115162,49.912159387482]}},{"type":"Feature","properties":{"en":"Nara","fr":"Nara"},"geometry":{"type":"Point","coordinates":[135.804777777778,34.685]}},{"type":"Feature","properties":{"en":"Nantan","fr":"Nantan"},"geometry":{"type":"Point","coordinates":[135.470333333333,35.1073888888889]}},{"type":"Feature","properties":{"en":"Chiba","fr":"Chiba"},"geometry":{"type":"Point","coordinates":[140.106361111111,35.6072777777778]}},{"type":"Feature","properties":{"en":"Zlín","fr":"Zlín"},"geometry":{"type":"Point","coordinates":[17.666944444444,49.233055555556]}},{"type":"Feature","properties":{"en":"Novodvinsk","fr":"Novodvinsk"},"geometry":{"type":"Point","coordinates":[40.816666666667,64.416666666667]}},{"type":"Feature","properties":{"en":"Shizuoka","fr":"Shizuoka"},"geometry":{"type":"Point","coordinates":[138.3825,34.975555555556]}},{"type":"Feature","properties":{"en":"Kunovice","fr":"Kunovice"},"geometry":{"type":"Point","coordinates":[17.470110150223,49.044995756546]}},{"type":"Feature","properties":{"en":"Regional Municipality of Waterloo","fr":"municipalité régionale de Waterloo"},"geometry":{"type":"Point","coordinates":[-80.5,43.46666667]}},{"type":"Feature","properties":{"en":"Žabalj","fr":"Žabalj"},"geometry":{"type":"Point","coordinates":[20.066666666667,45.366666666667]}},{"type":"Feature","properties":{"en":"Klimkovice","fr":"Klimkovice"},"geometry":{"type":"Point","coordinates":[18.125896003286,49.788082173192]}},{"type":"Feature","properties":{"en":"Onega","fr":"Onega"},"geometry":{"type":"Point","coordinates":[38.083333333333,63.916666666667]}},{"type":"Feature","properties":{"en":"Obihiro","fr":"Obihiro"},"geometry":{"type":"Point","coordinates":[143.196111111111,42.9239722222222]}},{"type":"Feature","properties":{"en":"Perth County","fr":"comté de Perth"},"geometry":{"type":"Point","coordinates":[-81.083333333333,43.5]}},{"type":"Feature","properties":{"en":"Kamouraska","fr":"Kamouraska"},"geometry":{"type":"Point","coordinates":[-69.8166666666667,47.5333333333333]}},{"type":"Feature","properties":{"en":"Saanich","fr":"Saanich"},"geometry":{"type":"Point","coordinates":[-123.381,48.484]}},{"type":"Feature","properties":{"en":"Niigata","fr":"Niigata"},"geometry":{"type":"Point","coordinates":[139.036388888889,37.9161944444444]}},{"type":"Feature","properties":{"en":"Chikuma","fr":"Chikuma"},"geometry":{"type":"Point","coordinates":[138.114916666667,36.5306944444444]}},{"type":"Feature","properties":{"en":"Gabrovo","fr":"Gabrovo"},"geometry":{"type":"Point","coordinates":[25.31784,42.874242]}},{"type":"Feature","properties":{"en":"Hradec Králové","fr":"Hradec Králové"},"geometry":{"type":"Point","coordinates":[15.831944444444,50.209166666667]}},{"type":"Feature","properties":{"en":"Madawaska County","fr":"comté de Madawaska"},"geometry":{"type":"Point","coordinates":[-68.360611111111,47.421416666667]}},{"type":"Feature","properties":{"en":"Naha","fr":"Naha"},"geometry":{"type":"Point","coordinates":[127.679166666667,26.2122222222222]}},{"type":"Feature","properties":{"en":"Windsor","fr":"Windsor"},"geometry":{"type":"Point","coordinates":[-83.03526,42.31729]}},{"type":"Feature","properties":{"en":"Jihlava","fr":"Jihlava"},"geometry":{"type":"Point","coordinates":[15.590555555556,49.400277777778]}},{"type":"Feature","properties":{"en":"Pugachyov","fr":"Pougatchev"},"geometry":{"type":"Point","coordinates":[48.8025,52.013333333333]}},{"type":"Feature","properties":{"en":"Hamamatsu","fr":"Hamamatsu"},"geometry":{"type":"Point","coordinates":[137.726194444444,34.7108888888889]}},{"type":"Feature","properties":{"en":"Szklarska Poręba","fr":"Szklarska Poręba"},"geometry":{"type":"Point","coordinates":[15.52274,50.82567]}},{"type":"Feature","properties":{"en":"Pazardzhik","fr":"Pazardjik"},"geometry":{"type":"Point","coordinates":[24.332755,42.193477]}},{"type":"Feature","properties":{"en":"Kynšperk nad Ohří","fr":"Kynšperk nad Ohří"},"geometry":{"type":"Point","coordinates":[12.530346195097,50.119045820294]}},{"type":"Feature","properties":{"en":"Český Krumlov","fr":"Český Krumlov"},"geometry":{"type":"Point","coordinates":[14.31520771066,48.810990441614]}},{"type":"Feature","properties":{"en":"Kitakyūshū-shi","fr":"Kitakyūshū"},"geometry":{"type":"Point","coordinates":[130.875194444444,33.8834166666667]}},{"type":"Feature","properties":{"en":"Kyustendil","fr":"Kyoustendil"},"geometry":{"type":"Point","coordinates":[22.687015,42.279668]}},{"type":"Feature","properties":{"en":"Lovech","fr":"Lovetch"},"geometry":{"type":"Point","coordinates":[24.711535,43.134777]}},{"type":"Feature","properties":{"en":"Haikou","fr":"Haikou"},"geometry":{"type":"Point","coordinates":[110.32,20.02]}},{"type":"Feature","properties":{"en":"Severodvinsk","fr":"Severodvinsk"},"geometry":{"type":"Point","coordinates":[39.85,64.566666666667]}},{"type":"Feature","properties":{"en":"Tachov","fr":"Tachov"},"geometry":{"type":"Point","coordinates":[12.633709213451,49.795398066933]}},{"type":"Feature","properties":{"en":"Kanazawa","fr":"Kanazawa"},"geometry":{"type":"Point","coordinates":[136.6565,36.5610555555556]}},{"type":"Feature","properties":{"en":"Zentsūji-shi","fr":"Zentsūji"},"geometry":{"type":"Point","coordinates":[133.787111111111,34.2285]}},{"type":"Feature","properties":{"en":"Karviná","fr":"Karviná"},"geometry":{"type":"Point","coordinates":[18.542777777778,49.854166666667]}},{"type":"Feature","properties":{"en":"Mladá Boleslav","fr":"Mladá Boleslav"},"geometry":{"type":"Point","coordinates":[14.906388888889,50.4125]}},{"type":"Feature","properties":{"en":"Hachinohe","fr":"Hachinohe"},"geometry":{"type":"Point","coordinates":[141.488388888889,40.5122777777778]}},{"type":"Feature","properties":{"en":"Smolyan","fr":"Smolyan"},"geometry":{"type":"Point","coordinates":[24.712777777778,41.575277777778]}},{"type":"Feature","properties":{"en":"Carlisle","fr":"Carlisle"},"geometry":{"type":"Point","coordinates":[-2.93638888888889,54.8947222222222]}},{"type":"Feature","properties":{"en":"Havířov","fr":"Havířov"},"geometry":{"type":"Point","coordinates":[18.422777777778,49.777777777778]}},{"type":"Feature","properties":{"en":"Kazanlak","fr":"Kazanlak"},"geometry":{"type":"Point","coordinates":[25.393238,42.618748]}},{"type":"Feature","properties":{"en":"Sakai","fr":"Sakai"},"geometry":{"type":"Point","coordinates":[135.483,34.5733333333333]}},{"type":"Feature","properties":{"en":"Cheb","fr":"Egra/Cheb"},"geometry":{"type":"Point","coordinates":[12.373995588434,50.079759165169]}},{"type":"Feature","properties":{"en":"Tábor","fr":"Tábor"},"geometry":{"type":"Point","coordinates":[14.657835974031,49.414485338494]}},{"type":"Feature","properties":{"en":"Slavkov u Brna","fr":"Austerlitz"},"geometry":{"type":"Point","coordinates":[16.876504369244,49.153275386094]}},{"type":"Feature","properties":{"en":"Hirosaki","fr":"Hirosaki"},"geometry":{"type":"Point","coordinates":[140.463833333333,40.6031111111111]}},{"type":"Feature","properties":{"en":"Sovetskaya Gavan","fr":"Sovetskaïa Gavan"},"geometry":{"type":"Point","coordinates":[140.28333333333,48.966666666667]}},{"type":"Feature","properties":{"en":"Surovikino","fr":"Sourovikino"},"geometry":{"type":"Point","coordinates":[42.85,48.6]}},{"type":"Feature","properties":{"en":"Shadrinsk","fr":"Chadrinsk"},"geometry":{"type":"Point","coordinates":[63.633333333333,56.083333333333]}},{"type":"Feature","properties":{"en":"Norton Parish","fr":"Paroisse de Norton"},"geometry":{"type":"Point","coordinates":[-65.7148,45.6072]}},{"type":"Feature","properties":{"en":"Oita","fr":"Ōita"},"geometry":{"type":"Point","coordinates":[131.609361111111,33.2395555555556]}},{"type":"Feature","properties":{"en":"Kumamoto","fr":"Kumamoto"},"geometry":{"type":"Point","coordinates":[130.707861111111,32.803]}},{"type":"Feature","properties":{"en":"Matsuyama","fr":"Matsuyama"},"geometry":{"type":"Point","coordinates":[132.765638888889,33.8391666666667]}},{"type":"Feature","properties":{"en":"Morioka","fr":"Morioka"},"geometry":{"type":"Point","coordinates":[141.1545,39.7020833333333]}},{"type":"Feature","properties":{"en":"Okayama","fr":"Okayama"},"geometry":{"type":"Point","coordinates":[133.919583333333,34.6551111111111]}},{"type":"Feature","properties":{"en":"Kitchener","fr":"Kitchener"},"geometry":{"type":"Point","coordinates":[-80.483333333333,43.45]}},{"type":"Feature","properties":{"en":"Kochi","fr":"Kōchi"},"geometry":{"type":"Point","coordinates":[133.531222222222,33.5588333333333]}},{"type":"Feature","properties":{"en":"Kamakura","fr":"Kamakura"},"geometry":{"type":"Point","coordinates":[139.547222222222,35.3191666666667]}},{"type":"Feature","properties":{"en":"Takehara","fr":"Takehara"},"geometry":{"type":"Point","coordinates":[132.906916666667,34.34175]}},{"type":"Feature","properties":{"en":"Yokosuka","fr":"Yokosuka"},"geometry":{"type":"Point","coordinates":[139.672083333333,35.2813055555556]}},{"type":"Feature","properties":{"en":"Utsunomiya","fr":"Utsunomiya"},"geometry":{"type":"Point","coordinates":[139.882555555556,36.5551111111111]}},{"type":"Feature","properties":{"en":"Yawatahama","fr":"Yawatahama"},"geometry":{"type":"Point","coordinates":[132.423361111111,33.4628611111111]}},{"type":"Feature","properties":{"en":"Takamatsu","fr":"Takamatsu"},"geometry":{"type":"Point","coordinates":[134.046611111111,34.3428055555556]}},{"type":"Feature","properties":{"en":"Tottori","fr":"Tottori"},"geometry":{"type":"Point","coordinates":[134.221611111111,35.4943888888889]}},{"type":"Feature","properties":{"en":"Asahikawa","fr":"Asahikawa"},"geometry":{"type":"Point","coordinates":[142.365,43.770638888889]}},{"type":"Feature","properties":{"en":"Wakayama","fr":"Wakayama"},"geometry":{"type":"Point","coordinates":[135.17075,34.2303611111111]}},{"type":"Feature","properties":{"en":"Polatsk","fr":"Polatsk"},"geometry":{"type":"Point","coordinates":[28.8,55.483333333333]}},{"type":"Feature","properties":{"en":"Toyota","fr":"Toyota"},"geometry":{"type":"Point","coordinates":[137.156333333333,35.0824166666667]}},{"type":"Feature","properties":{"en":"Charlevoix","fr":"Charlevoix"},"geometry":{"type":"Point","coordinates":[-70.4833,47.4833]}},{"type":"Feature","properties":{"en":"Maebashi","fr":"Maebashi"},"geometry":{"type":"Point","coordinates":[139.063444444444,36.3895]}},{"type":"Feature","properties":{"en":"Fukui","fr":"Fukui"},"geometry":{"type":"Point","coordinates":[136.219583333333,36.0640555555556]}},{"type":"Feature","properties":{"en":"Kofu","fr":"Kōfu"},"geometry":{"type":"Point","coordinates":[138.568222222222,35.6621388888889]}},{"type":"Feature","properties":{"en":"Otsu","fr":"Ōtsu"},"geometry":{"type":"Point","coordinates":[135.8548122,35.0177852]}},{"type":"Feature","properties":{"en":"Kingston","fr":"Kingston"},"geometry":{"type":"Point","coordinates":[-76.4811111111111,44.2305555555556]}},{"type":"Feature","properties":{"en":"Tsu","fr":"Tsu"},"geometry":{"type":"Point","coordinates":[136.505777777778,34.7184444444444]}},{"type":"Feature","properties":{"en":"Shimonoseki","fr":"Shimonoseki"},"geometry":{"type":"Point","coordinates":[130.941333333333,33.9578888888889]}},{"type":"Feature","properties":{"en":"Saint John","fr":"Saint-Jean"},"geometry":{"type":"Point","coordinates":[-66.0628,45.2796]}},{"type":"Feature","properties":{"en":"Mito","fr":"Mito"},"geometry":{"type":"Point","coordinates":[140.47125,36.3658333333333]}},{"type":"Feature","properties":{"en":"Toyama","fr":"Toyama"},"geometry":{"type":"Point","coordinates":[137.213694444444,36.6959166666667]}},{"type":"Feature","properties":{"en":"Miyazaki","fr":"Miyazaki"},"geometry":{"type":"Point","coordinates":[131.420194444444,31.9077222222222]}},{"type":"Feature","properties":{"en":"Yamagata","fr":"Yamagata"},"geometry":{"type":"Point","coordinates":[140.339611111111,38.2554166666667]}},{"type":"Feature","properties":{"en":"Koryčany","fr":"Koryčany"},"geometry":{"type":"Point","coordinates":[17.164336532498,49.106405364927]}},{"type":"Feature","properties":{"en":"Zlaté Hory","fr":"Zlaté Hory"},"geometry":{"type":"Point","coordinates":[17.396090652009,50.263803148531]}},{"type":"Feature","properties":{"en":"Zliv","fr":"Zliv"},"geometry":{"type":"Point","coordinates":[14.366147357098,49.066163345125]}},{"type":"Feature","properties":{"en":"Tokushima","fr":"Tokushima"},"geometry":{"type":"Point","coordinates":[134.554944444444,34.0702777777778]}},{"type":"Feature","properties":{"en":"Suzuka","fr":"Suzuka"},"geometry":{"type":"Point","coordinates":[136.584166666667,34.8819722222222]}},{"type":"Feature","properties":{"en":"Matsue","fr":"Matsue"},"geometry":{"type":"Point","coordinates":[133.048527777778,35.4681111111111]}},{"type":"Feature","properties":{"en":"Yamaguchi","fr":"Yamaguchi"},"geometry":{"type":"Point","coordinates":[131.473777777778,34.1780277777778]}},{"type":"Feature","properties":{"en":"Ichihara","fr":"Ichihara"},"geometry":{"type":"Point","coordinates":[140.115444444444,35.4980555555556]}},{"type":"Feature","properties":{"en":"Orsha","fr":"Orcha"},"geometry":{"type":"Point","coordinates":[30.425833333333,54.509166666667]}},{"type":"Feature","properties":{"en":"Fuchū","fr":"Fuchū"},"geometry":{"type":"Point","coordinates":[139.477638888889,35.6689444444444]}},{"type":"Feature","properties":{"en":"Hachiōji-shi","fr":"Hachiōji"},"geometry":{"type":"Point","coordinates":[139.316,35.6664444444444]}},{"type":"Feature","properties":{"en":"Tokoname","fr":"Tokoname"},"geometry":{"type":"Point","coordinates":[136.854333333333,34.8961111111111]}},{"type":"Feature","properties":{"en":"Saga","fr":"Saga"},"geometry":{"type":"Point","coordinates":[130.300833333333,33.2635]}},{"type":"Feature","properties":{"en":"Sagamihara","fr":"Sagamihara"},"geometry":{"type":"Point","coordinates":[139.373138888889,35.5714166666667]}},{"type":"Feature","properties":{"en":"Ichikawa","fr":"Ichikawa"},"geometry":{"type":"Point","coordinates":[139.931055555556,35.7219166666667]}},{"type":"Feature","properties":{"en":"Himeji","fr":"Himeji"},"geometry":{"type":"Point","coordinates":[134.685388888889,34.8151666666667]}},{"type":"Feature","properties":{"en":"Machida","fr":"Machida"},"geometry":{"type":"Point","coordinates":[139.438611111111,35.5466666666667]}},{"type":"Feature","properties":{"en":"Musashino","fr":"Musashino"},"geometry":{"type":"Point","coordinates":[139.566055555556,35.7177222222222]}},{"type":"Feature","properties":{"en":"Chōfu","fr":"Chōfu"},"geometry":{"type":"Point","coordinates":[139.540666666667,35.6505833333333]}},{"type":"Feature","properties":{"en":"Chelmsford","fr":"Chelmsford"},"geometry":{"type":"Point","coordinates":[0.4798,51.7361]}},{"type":"Feature","properties":{"en":"Oshawa","fr":"Oshawa"},"geometry":{"type":"Point","coordinates":[-78.85,43.9]}},{"type":"Feature","properties":{"en":"Akishima","fr":"Akishima"},"geometry":{"type":"Point","coordinates":[139.353527777778,35.7056666666667]}},{"type":"Feature","properties":{"en":"Tama","fr":"Tama"},"geometry":{"type":"Point","coordinates":[139.446277777778,35.6369444444444]}},{"type":"Feature","properties":{"en":"Kodaira","fr":"Kodaira"},"geometry":{"type":"Point","coordinates":[139.477444444444,35.7285]}},{"type":"Feature","properties":{"en":"Amagasaki","fr":"Amagasaki"},"geometry":{"type":"Point","coordinates":[135.406333333333,34.7338333333333]}},{"type":"Feature","properties":{"en":"Matsumoto","fr":"Matsumoto"},"geometry":{"type":"Point","coordinates":[137.971972222222,36.238]}},{"type":"Feature","properties":{"en":"Znojmo","fr":"Znojmo"},"geometry":{"type":"Point","coordinates":[16.048796054219,48.855540667876]}},{"type":"Feature","properties":{"en":"Kure","fr":"Kure"},"geometry":{"type":"Point","coordinates":[132.565722222222,34.2492222222222]}},{"type":"Feature","properties":{"en":"Chiryū-shi","fr":"Chiryū"},"geometry":{"type":"Point","coordinates":[137.050805555556,35.0012777777778]}},{"type":"Feature","properties":{"en":"Lučany nad Nisou","fr":"Lučany nad Nisou"},"geometry":{"type":"Point","coordinates":[15.220569907741,50.741410137957]}},{"type":"Feature","properties":{"en":"Zruč nad Sázavou","fr":"Zruč nad Sázavou"},"geometry":{"type":"Point","coordinates":[15.106108919976,49.740164158514]}},{"type":"Feature","properties":{"en":"Zubří","fr":"Zubří"},"geometry":{"type":"Point","coordinates":[18.092510514603,49.466018567307]}},{"type":"Feature","properties":{"en":"Zushi","fr":"Zushi"},"geometry":{"type":"Point","coordinates":[139.580333333333,35.2956111111111]}},{"type":"Feature","properties":{"en":"Kelowna","fr":"Kelowna"},"geometry":{"type":"Point","coordinates":[-119.4436,49.8801]}},{"type":"Feature","properties":{"en":"Kesennuma","fr":"Kesennuma"},"geometry":{"type":"Point","coordinates":[141.569944444444,38.9080555555555]}},{"type":"Feature","properties":{"en":"Nikkō-shi","fr":"Nikkō"},"geometry":{"type":"Point","coordinates":[139.698166666667,36.7198333333333]}},{"type":"Feature","properties":{"en":"Hino","fr":"Hino"},"geometry":{"type":"Point","coordinates":[139.395138888889,35.6712777777778]}},{"type":"Feature","properties":{"en":"Richmond","fr":"Richmond"},"geometry":{"type":"Point","coordinates":[-123.13333333333,49.166666666667]}},{"type":"Feature","properties":{"en":"Lom","fr":"Lom"},"geometry":{"type":"Point","coordinates":[23.237443,43.825404]}},{"type":"Feature","properties":{"en":"Baranavichy","fr":"Baranavitchy"},"geometry":{"type":"Point","coordinates":[26.0177777777778,53.1325]}},{"type":"Feature","properties":{"en":"Ome","fr":"Ōme"},"geometry":{"type":"Point","coordinates":[139.275833333333,35.7879722222222]}},{"type":"Feature","properties":{"en":"Aizuwakamatsu","fr":"Aizuwakamatsu"},"geometry":{"type":"Point","coordinates":[139.92975,37.4948333333333]}},{"type":"Feature","properties":{"en":"Neratovice","fr":"Neratovice"},"geometry":{"type":"Point","coordinates":[14.517675172798,50.259331649996]}},{"type":"Feature","properties":{"en":"Akiruno","fr":"Akiruno"},"geometry":{"type":"Point","coordinates":[139.294083333333,35.7289166666667]}},{"type":"Feature","properties":{"en":"Higashimurayama","fr":"Higashimurayama"},"geometry":{"type":"Point","coordinates":[139.4685,35.7546111111111]}},{"type":"Feature","properties":{"en":"Higashiōmi-shi","fr":"Higashiōmi"},"geometry":{"type":"Point","coordinates":[136.207527777778,35.1125833333333]}},{"type":"Feature","properties":{"en":"Veltrusy","fr":"Veltrusy"},"geometry":{"type":"Point","coordinates":[14.328651632476,50.270537094911]}},{"type":"Feature","properties":{"en":"Numazu","fr":"Numazu"},"geometry":{"type":"Point","coordinates":[138.863444444444,35.0955833333333]}},{"type":"Feature","properties":{"en":"Otaru","fr":"Otaru"},"geometry":{"type":"Point","coordinates":[140.994361111111,43.1907222222222]}},{"type":"Feature","properties":{"en":"Okazaki","fr":"Okazaki"},"geometry":{"type":"Point","coordinates":[137.173027777778,34.9547222222222]}},{"type":"Feature","properties":{"en":"Koganei","fr":"Koganei"},"geometry":{"type":"Point","coordinates":[139.502972222222,35.6994722222222]}},{"type":"Feature","properties":{"en":"Nishitōkyō-shi","fr":"Nishitōkyō"},"geometry":{"type":"Point","coordinates":[139.53825,35.7256111111111]}},{"type":"Feature","properties":{"en":"Mitaka","fr":"Mitaka"},"geometry":{"type":"Point","coordinates":[139.559527777778,35.6835555555556]}},{"type":"Feature","properties":{"en":"Nishinomiya","fr":"Nishinomiya"},"geometry":{"type":"Point","coordinates":[135.34175,34.7376388888889]}},{"type":"Feature","properties":{"en":"Abiko","fr":"Abiko"},"geometry":{"type":"Point","coordinates":[140.028388888889,35.8642222222222]}},{"type":"Feature","properties":{"en":"Higashiōsaka-shi","fr":"Higashiōsaka"},"geometry":{"type":"Point","coordinates":[135.600888888889,34.6793611111111]}},{"type":"Feature","properties":{"en":"Burnaby","fr":"Burnaby"},"geometry":{"type":"Point","coordinates":[-122.949167,49.25]}},{"type":"Feature","properties":{"en":"Zábřeh","fr":"Zábřeh"},"geometry":{"type":"Point","coordinates":[16.872280013113,49.882620486561]}},{"type":"Feature","properties":{"en":"Zákupy","fr":"Zákupy"},"geometry":{"type":"Point","coordinates":[14.645329503875,50.684820155299]}},{"type":"Feature","properties":{"en":"Zásmuky","fr":"Zásmuky"},"geometry":{"type":"Point","coordinates":[15.030642477142,49.954766674864]}},{"type":"Feature","properties":{"en":"Koshu","fr":"Kōshū"},"geometry":{"type":"Point","coordinates":[138.729416666667,35.7043333333333]}},{"type":"Feature","properties":{"en":"Złoty Stok","fr":"Złoty Stok"},"geometry":{"type":"Point","coordinates":[16.87586,50.44472]}},{"type":"Feature","properties":{"en":"Olaine","fr":"Olaine"},"geometry":{"type":"Point","coordinates":[23.936944444444,56.784444444444]}},{"type":"Feature","properties":{"en":"North Dumfries","fr":"North Dumfries"},"geometry":{"type":"Point","coordinates":[-80.383333333333,43.316666666667]}},{"type":"Feature","properties":{"en":"Avignon","fr":"Avignon"},"geometry":{"type":"Point","coordinates":[-66.85,48.1]}},{"type":"Feature","properties":{"en":"Beaumont","fr":"Beaumont"},"geometry":{"type":"Point","coordinates":[-113.414722222222,53.3572222222222]}},{"type":"Feature","properties":{"en":"Larouche","fr":"Larouche"},"geometry":{"type":"Point","coordinates":[-71.5167,48.45]}},{"type":"Feature","properties":{"en":"Yawata","fr":"Yawata"},"geometry":{"type":"Point","coordinates":[135.707611111111,34.8755555555556]}},{"type":"Feature","properties":{"en":"Dieppe","fr":"Dieppe"},"geometry":{"type":"Point","coordinates":[-64.724166666667,46.098888888889]}},{"type":"Feature","properties":{"en":"Kōriyama","fr":"Kōriyama"},"geometry":{"type":"Point","coordinates":[140.3597,37.4003]}},{"type":"Feature","properties":{"en":"Garching bei München","fr":"Garching bei München"},"geometry":{"type":"Point","coordinates":[11.65,48.25]}},{"type":"Feature","properties":{"en":"Hostouň","fr":"Hostouň"},"geometry":{"type":"Point","coordinates":[12.771510940563,49.559825648207]}},{"type":"Feature","properties":{"en":"Montcalm","fr":"Montcalm"},"geometry":{"type":"Point","coordinates":[-74.5469444444444,45.9447222222222]}},{"type":"Feature","properties":{"en":"Kitami","fr":"Kitami"},"geometry":{"type":"Point","coordinates":[143.894722222222,43.8030555555556]}},{"type":"Feature","properties":{"en":"Aurora","fr":"Aurora"},"geometry":{"type":"Point","coordinates":[-79.466666666667,44.0]}},{"type":"Feature","properties":{"en":"Odawara","fr":"Odawara"},"geometry":{"type":"Point","coordinates":[139.152222222222,35.2646111111111]}},{"type":"Feature","properties":{"en":"Skrunda","fr":"Skrunda"},"geometry":{"type":"Point","coordinates":[22.016388888889,56.675555555556]}},{"type":"Feature","properties":{"en":"Wakkanai","fr":"Wakkanai"},"geometry":{"type":"Point","coordinates":[141.673083333333,45.4156388888889]}},{"type":"Feature","properties":{"en":"Fort Erie","fr":"Fort Érié"},"geometry":{"type":"Point","coordinates":[-78.916666666667,42.9]}},{"type":"Feature","properties":{"en":"Tachikawa","fr":"Tachikawa"},"geometry":{"type":"Point","coordinates":[139.407916666667,35.7139444444444]}},{"type":"Feature","properties":{"en":"Aisai","fr":"Aisai"},"geometry":{"type":"Point","coordinates":[136.728222222222,35.1527777777778]}},{"type":"Feature","properties":{"en":"Rikuzentakata","fr":"Rikuzentakata"},"geometry":{"type":"Point","coordinates":[141.633055555556,39.0204166666667]}},{"type":"Feature","properties":{"en":"Hamura","fr":"Hamura"},"geometry":{"type":"Point","coordinates":[139.310944444444,35.7671666666667]}},{"type":"Feature","properties":{"en":"Třebíč","fr":"Třebíč"},"geometry":{"type":"Point","coordinates":[15.881675935311,49.214967400263]}},{"type":"Feature","properties":{"en":"Anjo","fr":"Anjō"},"geometry":{"type":"Point","coordinates":[137.080333333333,34.9587222222222]}},{"type":"Feature","properties":{"en":"Ichinomiya","fr":"Ichinomiya"},"geometry":{"type":"Point","coordinates":[136.803055555556,35.3038888888889]}},{"type":"Feature","properties":{"en":"Ishinomaki","fr":"Ishinomaki"},"geometry":{"type":"Point","coordinates":[141.302722222222,38.43425]}},{"type":"Feature","properties":{"en":"Lethbridge","fr":"Lethbridge"},"geometry":{"type":"Point","coordinates":[-112.832778,49.694167]}},{"type":"Feature","properties":{"en":"Hirakata","fr":"Hirakata"},"geometry":{"type":"Point","coordinates":[135.650638888889,34.8143611111111]}},{"type":"Feature","properties":{"en":"Funabashi","fr":"Funabashi"},"geometry":{"type":"Point","coordinates":[139.982555555556,35.6945555555556]}},{"type":"Feature","properties":{"en":"Abbotsford","fr":"Abbotsford"},"geometry":{"type":"Point","coordinates":[-122.328888888889,49.0516666666667]}},{"type":"Feature","properties":{"en":"Kushiro","fr":"Kushiro"},"geometry":{"type":"Point","coordinates":[144.381722222222,42.9848888888889]}},{"type":"Feature","properties":{"en":"Sremski Karlovci","fr":"Sremski Karlovci"},"geometry":{"type":"Point","coordinates":[19.933333333333,45.2]}},{"type":"Feature","properties":{"en":"Sozopol","fr":"Sozopol"},"geometry":{"type":"Point","coordinates":[27.694322,42.418717]}},{"type":"Feature","properties":{"en":"Narita","fr":"Narita"},"geometry":{"type":"Point","coordinates":[140.318333333333,35.7766666666667]}},{"type":"Feature","properties":{"en":"Tsukuba","fr":"Tsukuba"},"geometry":{"type":"Point","coordinates":[140.076444444444,36.0834722222222]}},{"type":"Feature","properties":{"en":"Beppu","fr":"Beppu"},"geometry":{"type":"Point","coordinates":[131.491277777778,33.2846111111111]}},{"type":"Feature","properties":{"en":"Niagara Falls","fr":"Niagara Falls"},"geometry":{"type":"Point","coordinates":[-79.066666666667,43.116666666667]}},{"type":"Feature","properties":{"en":"Iwaki","fr":"Iwaki"},"geometry":{"type":"Point","coordinates":[140.887722222222,37.0505]}},{"type":"Feature","properties":{"en":"North Coast Regional District","fr":"district régional de North Coast"},"geometry":{"type":"Point","coordinates":[-132.003,53.749]}},{"type":"Feature","properties":{"en":"Gretna","fr":"Gretna"},"geometry":{"type":"Point","coordinates":[-97.5616666666667,49.0077777777778]}},{"type":"Feature","properties":{"en":"Český Těšín","fr":"Český Těšín"},"geometry":{"type":"Point","coordinates":[18.62617038595,49.746110801139]}},{"type":"Feature","properties":{"en":"Myōkō","fr":"Myōkō"},"geometry":{"type":"Point","coordinates":[138.253527777778,37.0251944444444]}},{"type":"Feature","properties":{"en":"Černošín","fr":"Černošín"},"geometry":{"type":"Point","coordinates":[12.883870694349,49.816247641099]}},{"type":"Feature","properties":{"en":"Coverdale Parish","fr":"paroisse de Coverdale"},"geometry":{"type":"Point","coordinates":[-64.8626,46.0265]}},{"type":"Feature","properties":{"en":"Saint-Denis-de-Brompton","fr":"Saint-Denis-de-Brompton"},"geometry":{"type":"Point","coordinates":[-72.0833,45.45]}},{"type":"Feature","properties":{"en":"Powassan","fr":"Powassan"},"geometry":{"type":"Point","coordinates":[-79.35,46.0667]}},{"type":"Feature","properties":{"en":"Teplice nad Metují","fr":"Teplice nad Metují"},"geometry":{"type":"Point","coordinates":[16.170352564504,50.593350180946]}},{"type":"Feature","properties":{"en":"Inabe","fr":"Inabe"},"geometry":{"type":"Point","coordinates":[136.517111111111,35.1581944444444]}},{"type":"Feature","properties":{"en":"Seč","fr":"Seč"},"geometry":{"type":"Point","coordinates":[15.656480158402,49.846985019878]}},{"type":"Feature","properties":{"en":"Wells","fr":""},"geometry":{"type":"Point","coordinates":[-121.576,53.1017]}},{"type":"Feature","properties":{"en":"Murakami","fr":"Murakami"},"geometry":{"type":"Point","coordinates":[139.48008333333,38.223944444444]}},{"type":"Feature","properties":{"en":"Notre-Dame-de-Stanbridge","fr":"Notre-Dame-de-Stanbridge"},"geometry":{"type":"Point","coordinates":[-73.0333,45.1667]}},{"type":"Feature","properties":{"en":"Nirasaki","fr":"Nirasaki"},"geometry":{"type":"Point","coordinates":[138.446138888889,35.7088611111111]}},{"type":"Feature","properties":{"en":"Saint-Odilon-de-Cranbourne","fr":"Saint-Odilon-de-Cranbourne"},"geometry":{"type":"Point","coordinates":[-70.67735,46.35663]}},{"type":"Feature","properties":{"en":"Klecany","fr":"Klecany"},"geometry":{"type":"Point","coordinates":[14.411557378691,50.176063401893]}},{"type":"Feature","properties":{"en":"Kravaře","fr":"Kravaře"},"geometry":{"type":"Point","coordinates":[18.004772215608,49.932024489233]}},{"type":"Feature","properties":{"en":"Strážnice","fr":"Strážnice"},"geometry":{"type":"Point","coordinates":[17.316799472243,48.901029956488]}},{"type":"Feature","properties":{"en":"Tanabe","fr":"Tanabe"},"geometry":{"type":"Point","coordinates":[135.377722222222,33.7279722222222]}},{"type":"Feature","properties":{"en":"Abashiri","fr":"Abashiri"},"geometry":{"type":"Point","coordinates":[144.273555555556,44.0206388888889]}},{"type":"Feature","properties":{"en":"MacGregor","fr":"MacGregor"},"geometry":{"type":"Point","coordinates":[-98.7786,49.9661]}},{"type":"Feature","properties":{"en":"Karlovo","fr":"Karlovo"},"geometry":{"type":"Point","coordinates":[24.80821,42.642034]}},{"type":"Feature","properties":{"en":"Fussa","fr":"Fussa"},"geometry":{"type":"Point","coordinates":[139.326944444444,35.7384722222222]}},{"type":"Feature","properties":{"en":"Hanamaki","fr":"Hanamaki"},"geometry":{"type":"Point","coordinates":[141.116916666667,39.3886111111111]}},{"type":"Feature","properties":{"en":"Higashikurume","fr":"Higashikurume"},"geometry":{"type":"Point","coordinates":[139.529861111111,35.758]}},{"type":"Feature","properties":{"en":"Kokubunji","fr":"Kokubunji"},"geometry":{"type":"Point","coordinates":[139.463194444444,35.7103333333333]}},{"type":"Feature","properties":{"en":"Nishio","fr":"Nishio"},"geometry":{"type":"Point","coordinates":[137.061805555556,34.8618333333333]}},{"type":"Feature","properties":{"en":"Inagi","fr":"Inagi"},"geometry":{"type":"Point","coordinates":[139.504555555556,35.6379444444444]}},{"type":"Feature","properties":{"en":"Narashino","fr":"Narashino"},"geometry":{"type":"Point","coordinates":[140.026638888889,35.6812777777778]}},{"type":"Feature","properties":{"en":"Urayasu","fr":"Urayasu"},"geometry":{"type":"Point","coordinates":[139.902,35.6531388888889]}},{"type":"Feature","properties":{"en":"Abertamy","fr":"Abertamy"},"geometry":{"type":"Point","coordinates":[12.818349955085,50.368857271296]}},{"type":"Feature","properties":{"en":"Goris","fr":"Goris"},"geometry":{"type":"Point","coordinates":[46.341666666667,39.511111111111]}},{"type":"Feature","properties":{"en":"Kawagoe","fr":"Kawagoe"},"geometry":{"type":"Point","coordinates":[139.485777777778,35.9251388888889]}},{"type":"Feature","properties":{"en":"Kashiwa","fr":"Kashiwa"},"geometry":{"type":"Point","coordinates":[139.97575,35.8675833333333]}},{"type":"Feature","properties":{"en":"Kurume","fr":"Kurume"},"geometry":{"type":"Point","coordinates":[130.508333333333,33.31925]}},{"type":"Feature","properties":{"en":"Mělník","fr":"Mělník"},"geometry":{"type":"Point","coordinates":[14.474193495734,50.35057067972]}},{"type":"Feature","properties":{"en":"Matsudo","fr":"Matsudo"},"geometry":{"type":"Point","coordinates":[139.903166666667,35.7876388888889]}},{"type":"Feature","properties":{"en":"Trutnov","fr":"Trutnov"},"geometry":{"type":"Point","coordinates":[15.912798547953,50.561045737535]}},{"type":"Feature","properties":{"en":"Yonago","fr":"Yonago"},"geometry":{"type":"Point","coordinates":[133.330888888889,35.4281666666667]}},{"type":"Feature","properties":{"en":"Cieszyn","fr":"Cieszyn"},"geometry":{"type":"Point","coordinates":[18.633333333333,49.75]}},{"type":"Feature","properties":{"en":"Abitibi-Ouest","fr":"Abitibi-Ouest"},"geometry":{"type":"Point","coordinates":[-79.1667,48.75]}},{"type":"Feature","properties":{"en":"Abitibi","fr":"Abitibi"},"geometry":{"type":"Point","coordinates":[-78.0,48.5667]}},{"type":"Feature","properties":{"en":"Hodonín","fr":"Hodonín"},"geometry":{"type":"Point","coordinates":[17.132439069118,48.848950584361]}},{"type":"Feature","properties":{"en":"Valka","fr":"Valka"},"geometry":{"type":"Point","coordinates":[26.021388888889,57.775277777778]}},{"type":"Feature","properties":{"en":"Uji","fr":"Uji"},"geometry":{"type":"Point","coordinates":[135.799805555556,34.8843611111111]}},{"type":"Feature","properties":{"en":"Železná Ruda","fr":"Železná Ruda"},"geometry":{"type":"Point","coordinates":[13.235220012642,49.137540252733]}},{"type":"Feature","properties":{"en":"Prachatice","fr":"Prachatice"},"geometry":{"type":"Point","coordinates":[13.997533003713,49.013013368826]}},{"type":"Feature","properties":{"en":"Sasebo","fr":"Sasebo"},"geometry":{"type":"Point","coordinates":[129.715,33.18]}},{"type":"Feature","properties":{"en":"Ise","fr":"Ise"},"geometry":{"type":"Point","coordinates":[136.709305555556,34.4875]}},{"type":"Feature","properties":{"en":"Isesaki","fr":"Isesaki"},"geometry":{"type":"Point","coordinates":[139.196805555556,36.3113611111111]}},{"type":"Feature","properties":{"en":"Hirado","fr":"Hirado"},"geometry":{"type":"Point","coordinates":[129.553722222222,33.3680555555556]}},{"type":"Feature","properties":{"en":"Iizuka","fr":"Iizuka"},"geometry":{"type":"Point","coordinates":[130.691111111111,33.6465555555556]}},{"type":"Feature","properties":{"en":"Ikoma","fr":"Ikoma"},"geometry":{"type":"Point","coordinates":[135.700527777778,34.6918888888889]}},{"type":"Feature","properties":{"en":"Fuji","fr":"Fuji"},"geometry":{"type":"Point","coordinates":[138.676277777778,35.1613333333333]}},{"type":"Feature","properties":{"en":"Okinawa","fr":"Okinawa"},"geometry":{"type":"Point","coordinates":[127.805722222222,26.3342777777778]}},{"type":"Feature","properties":{"en":"Noda","fr":"Noda-Shi"},"geometry":{"type":"Point","coordinates":[139.874805555556,35.9550833333333]}},{"type":"Feature","properties":{"en":"Nagareyama","fr":"Nagareyama"},"geometry":{"type":"Point","coordinates":[139.902888888889,35.8563055555556]}},{"type":"Feature","properties":{"en":"Yachiyo","fr":"Yachiyo"},"geometry":{"type":"Point","coordinates":[140.099888888889,35.7224166666667]}},{"type":"Feature","properties":{"en":"Kiyose","fr":"Kiyose"},"geometry":{"type":"Point","coordinates":[139.526472222222,35.7857222222222]}},{"type":"Feature","properties":{"en":"Kamaishi","fr":"Kamaishi"},"geometry":{"type":"Point","coordinates":[141.885694444444,39.2758055555556]}},{"type":"Feature","properties":{"en":"Iwakuni","fr":"Iwakuni"},"geometry":{"type":"Point","coordinates":[132.218833333333,34.1665833333333]}},{"type":"Feature","properties":{"en":"Ōdate","fr":"Ōdate"},"geometry":{"type":"Point","coordinates":[140.565305555556,40.2716111111111]}},{"type":"Feature","properties":{"en":"Kunitachi","fr":"Kunitachi"},"geometry":{"type":"Point","coordinates":[139.441388888889,35.6839166666667]}},{"type":"Feature","properties":{"en":"Újezd u Brna","fr":"Újezd u Brna"},"geometry":{"type":"Point","coordinates":[16.757378226407,49.104371977126]}},{"type":"Feature","properties":{"en":"Úpice","fr":"Úpice"},"geometry":{"type":"Point","coordinates":[16.016159265275,50.512410991863]}},{"type":"Feature","properties":{"en":"Úsov","fr":"Úsov"},"geometry":{"type":"Point","coordinates":[17.010596587673,49.798323703497]}},{"type":"Feature","properties":{"en":"Ústí nad Orlicí","fr":"Ústí nad Orlicí"},"geometry":{"type":"Point","coordinates":[16.393670305445,49.973904297163]}},{"type":"Feature","properties":{"en":"Úterý","fr":"Úterý"},"geometry":{"type":"Point","coordinates":[13.004242195656,49.940180309799]}},{"type":"Feature","properties":{"en":"Úvaly","fr":"Úvaly"},"geometry":{"type":"Point","coordinates":[14.73087395138,50.074011899968]}},{"type":"Feature","properties":{"en":"Úštěk","fr":"Úštěk"},"geometry":{"type":"Point","coordinates":[14.343424151626,50.584820187062]}},{"type":"Feature","properties":{"en":"Šenov","fr":"Šenov"},"geometry":{"type":"Point","coordinates":[18.376108072077,49.793134259402]}},{"type":"Feature","properties":{"en":"Yatomi","fr":"Yatomi"},"geometry":{"type":"Point","coordinates":[136.724666666667,35.11]}},{"type":"Feature","properties":{"en":"Takatsuki","fr":"Takatsuki"},"geometry":{"type":"Point","coordinates":[135.61725,34.846]}},{"type":"Feature","properties":{"en":"Kisarazu","fr":"Kisarazu"},"geometry":{"type":"Point","coordinates":[139.916833333333,35.3759722222222]}},{"type":"Feature","properties":{"en":"Itami","fr":"Itami"},"geometry":{"type":"Point","coordinates":[135.400888888889,34.7843055555556]}},{"type":"Feature","properties":{"en":"Toyohashi","fr":"Toyohashi"},"geometry":{"type":"Point","coordinates":[137.391527777778,34.7691666666667]}},{"type":"Feature","properties":{"en":"Takasaki","fr":"Takasaki"},"geometry":{"type":"Point","coordinates":[139.002361111111,36.3231111111111]}},{"type":"Feature","properties":{"en":"Shima","fr":"Shima"},"geometry":{"type":"Point","coordinates":[136.829666666667,34.3281944444444]}},{"type":"Feature","properties":{"en":"Saint-Camille","fr":"Saint-Camille"},"geometry":{"type":"Point","coordinates":[-71.7,45.6833]}},{"type":"Feature","properties":{"en":"Čelákovice","fr":"Čelákovice"},"geometry":{"type":"Point","coordinates":[14.750119929994,50.160451211747]}},{"type":"Feature","properties":{"en":"Černovice","fr":"Černovice"},"geometry":{"type":"Point","coordinates":[14.960918952709,49.372719357323]}},{"type":"Feature","properties":{"en":"Černošice","fr":"Černošice"},"geometry":{"type":"Point","coordinates":[14.319858494702,49.960158615227]}},{"type":"Feature","properties":{"en":"Červená Řečice","fr":"Červená Řečice"},"geometry":{"type":"Point","coordinates":[15.178401341555,49.511291587048]}},{"type":"Feature","properties":{"en":"Česká Kamenice","fr":"Česká Kamenice"},"geometry":{"type":"Point","coordinates":[14.417784557033,50.797877961013]}},{"type":"Feature","properties":{"en":"Česká Skalice","fr":"Česká Skalice"},"geometry":{"type":"Point","coordinates":[16.042847327524,50.394705559401]}},{"type":"Feature","properties":{"en":"Česká Třebová","fr":"Česká Třebová"},"geometry":{"type":"Point","coordinates":[16.447334999548,49.90191270808]}},{"type":"Feature","properties":{"en":"České Velenice","fr":"České Velenice"},"geometry":{"type":"Point","coordinates":[14.963673627901,48.768573633066]}},{"type":"Feature","properties":{"en":"Český Brod","fr":"Český Brod"},"geometry":{"type":"Point","coordinates":[14.860881470778,50.074267480539]}},{"type":"Feature","properties":{"en":"Český Dub","fr":"Český Dub"},"geometry":{"type":"Point","coordinates":[14.996273935905,50.660600135854]}},{"type":"Feature","properties":{"en":"Čáslav","fr":"Čáslav"},"geometry":{"type":"Point","coordinates":[15.389777063866,49.911045008568]}},{"type":"Feature","properties":{"en":"Acton","fr":"Acton"},"geometry":{"type":"Point","coordinates":[-72.5667,45.65]}},{"type":"Feature","properties":{"en":"Łańcut","fr":"Łańcut"},"geometry":{"type":"Point","coordinates":[22.22912,50.06871]}},{"type":"Feature","properties":{"en":"Medicine Hat","fr":"Medicine Hat"},"geometry":{"type":"Point","coordinates":[-110.66666666667,50.033333333333]}},{"type":"Feature","properties":{"en":"Jilemnice","fr":"Jilemnice"},"geometry":{"type":"Point","coordinates":[15.506628032335,50.608944916275]}},{"type":"Feature","properties":{"en":"Temagami","fr":"Temagami"},"geometry":{"type":"Point","coordinates":[-79.7902777777778,47.0625]}},{"type":"Feature","properties":{"en":"Sedlec-Prčice","fr":"Sedlec-Prčice"},"geometry":{"type":"Point","coordinates":[14.53263918955,49.571904594643]}},{"type":"Feature","properties":{"en":"Jindřichův Hradec","fr":"Jindřichův Hradec"},"geometry":{"type":"Point","coordinates":[15.003024549245,49.144110393651]}},{"type":"Feature","properties":{"en":"Sumoto","fr":"Sumoto"},"geometry":{"type":"Point","coordinates":[134.895638888889,34.3424722222222]}},{"type":"Feature","properties":{"en":"Dixville","fr":"Dixville"},"geometry":{"type":"Point","coordinates":[-71.766666666667,45.066666666667]}},{"type":"Feature","properties":{"en":"Saint-Zéphirin-de-Courval","fr":"Saint-Zéphirin-de-Courval"},"geometry":{"type":"Point","coordinates":[-72.6333,46.0667]}},{"type":"Feature","properties":{"en":"Šlapanice","fr":"Šlapanice"},"geometry":{"type":"Point","coordinates":[16.727325855884,49.168653859874]}},{"type":"Feature","properties":{"en":"Tomigusuku","fr":"Tomigusuku"},"geometry":{"type":"Point","coordinates":[127.68125,26.1771666666667]}},{"type":"Feature","properties":{"en":"Dawson City","fr":"Dawson City"},"geometry":{"type":"Point","coordinates":[-139.42916666667,64.066666666667]}},{"type":"Feature","properties":{"en":"Tsugaru","fr":"Tsugaru"},"geometry":{"type":"Point","coordinates":[140.380055555556,40.8087222222222]}},{"type":"Feature","properties":{"en":"Awaji","fr":"Awaji"},"geometry":{"type":"Point","coordinates":[134.914944444444,34.43975]}},{"type":"Feature","properties":{"en":"Telč","fr":"Telč"},"geometry":{"type":"Point","coordinates":[15.452771068011,49.184229941699]}},{"type":"Feature","properties":{"en":"Třebenice","fr":"Třebenice"},"geometry":{"type":"Point","coordinates":[13.990141548275,50.476409329974]}},{"type":"Feature","properties":{"en":"Ashikaga","fr":"Ashikaga"},"geometry":{"type":"Point","coordinates":[139.449722222222,36.3401666666667]}},{"type":"Feature","properties":{"en":"Oyama","fr":"Oyama"},"geometry":{"type":"Point","coordinates":[139.800166666667,36.3146111111111]}},{"type":"Feature","properties":{"en":"Ebino","fr":"Ebino"},"geometry":{"type":"Point","coordinates":[130.810805555556,32.0453611111111]}},{"type":"Feature","properties":{"en":"Valašské Meziříčí","fr":"Valašské Meziříčí"},"geometry":{"type":"Point","coordinates":[17.97115355859,49.471799519597]}},{"type":"Feature","properties":{"en":"Kasukabe","fr":"Kasukabe"},"geometry":{"type":"Point","coordinates":[139.752277777778,35.97525]}},{"type":"Feature","properties":{"en":"Kama","fr":"Kama"},"geometry":{"type":"Point","coordinates":[130.719444444444,33.5984444444444]}},{"type":"Feature","properties":{"en":"Hagi","fr":"Hagi"},"geometry":{"type":"Point","coordinates":[131.399166666667,34.4081111111111]}},{"type":"Feature","properties":{"en":"Saint-Pacôme","fr":"Saint-Pacôme"},"geometry":{"type":"Point","coordinates":[-69.95,47.4]}},{"type":"Feature","properties":{"en":"Regional Municipality of Durham","fr":"municipalité régionale de Durham"},"geometry":{"type":"Point","coordinates":[-78.933333333333,43.916666666667]}},{"type":"Feature","properties":{"en":"Aerzen","fr":"Aerzen"},"geometry":{"type":"Point","coordinates":[9.26377777777778,52.0495833333333]}},{"type":"Feature","properties":{"en":"Regional Municipality of Niagara","fr":"municipalité régionale de Niagara"},"geometry":{"type":"Point","coordinates":[-79.3005555,43.0425]}},{"type":"Feature","properties":{"en":"Regional Municipality of Halton","fr":"municipalité régionale de Halton"},"geometry":{"type":"Point","coordinates":[-79.8877777777778,43.5083333333333]}},{"type":"Feature","properties":{"en":"Muskoka District Municipality","fr":"municipalité de district de Muskoka"},"geometry":{"type":"Point","coordinates":[-79.333333333333,45.166666666667]}},{"type":"Feature","properties":{"en":"Oxford County","fr":"comté d'Oxford"},"geometry":{"type":"Point","coordinates":[-80.8,42.966666666667]}},{"type":"Feature","properties":{"en":"Greater Sudbury","fr":"Grand Sudbury"},"geometry":{"type":"Point","coordinates":[-81.01,46.49]}},{"type":"Feature","properties":{"en":"Sudbury District","fr":"district de Sudbury"},"geometry":{"type":"Point","coordinates":[-82.0,47.5]}},{"type":"Feature","properties":{"en":"Litovel","fr":"Litovel"},"geometry":{"type":"Point","coordinates":[17.076190647983,49.701225181872]}},{"type":"Feature","properties":{"en":"Litoměřice","fr":"Litoměřice"},"geometry":{"type":"Point","coordinates":[14.131899491403,50.53355947692]}},{"type":"Feature","properties":{"en":"Karlovy Vary","fr":"Carlsbad"},"geometry":{"type":"Point","coordinates":[12.8725,50.230555555556]}},{"type":"Feature","properties":{"en":"Kawartha Lakes","fr":"Kawartha Lakes"},"geometry":{"type":"Point","coordinates":[-78.75,44.35]}},{"type":"Feature","properties":{"en":"Mont-Albert","fr":"Mont-Albert"},"geometry":{"type":"Point","coordinates":[-66.1833,48.9167]}},{"type":"Feature","properties":{"en":"Oda","fr":"Ōda"},"geometry":{"type":"Point","coordinates":[132.499361111111,35.1920833333333]}},{"type":"Feature","properties":{"en":"Obu","fr":"Ōbu"},"geometry":{"type":"Point","coordinates":[136.963833333333,35.0116666666667]}},{"type":"Feature","properties":{"en":"Ogaki","fr":"Ōgaki"},"geometry":{"type":"Point","coordinates":[136.612694444444,35.3599444444444]}},{"type":"Feature","properties":{"en":"Ofunato","fr":"Ōfunato"},"geometry":{"type":"Point","coordinates":[141.708888888889,39.0819444444444]}},{"type":"Feature","properties":{"en":"County of Brant","fr":"comté de Brant"},"geometry":{"type":"Point","coordinates":[-80.366666666667,43.116666666667]}},{"type":"Feature","properties":{"en":"Prince Edward County","fr":"comté de Prince Edward"},"geometry":{"type":"Point","coordinates":[-77.25,44.0]}},{"type":"Feature","properties":{"en":"Norfolk County","fr":"comté de Norfolk"},"geometry":{"type":"Point","coordinates":[-80.2667,42.85]}},{"type":"Feature","properties":{"en":"Okawa","fr":"Ōkawa"},"geometry":{"type":"Point","coordinates":[130.383888888889,33.2065833333333]}},{"type":"Feature","properties":{"en":"Amherstburg","fr":"Amherstburg"},"geometry":{"type":"Point","coordinates":[-83.0833,42.1]}},{"type":"Feature","properties":{"en":"Haldimand County","fr":"comté de Haldimand"},"geometry":{"type":"Point","coordinates":[-79.8833,42.9333]}},{"type":"Feature","properties":{"en":"Ōmachi","fr":"Ōmachi"},"geometry":{"type":"Point","coordinates":[137.851111111111,36.503]}},{"type":"Feature","properties":{"en":"Omihachiman","fr":"Ōmihachiman"},"geometry":{"type":"Point","coordinates":[136.098055555556,35.1283333333333]}},{"type":"Feature","properties":{"en":"Omura","fr":"Ōmura"},"geometry":{"type":"Point","coordinates":[129.958333333333,32.9]}},{"type":"Feature","properties":{"en":"Ōmuta","fr":"Ōmuta"},"geometry":{"type":"Point","coordinates":[130.445972222222,33.0302777777778]}},{"type":"Feature","properties":{"en":"Ono","fr":"Ōno"},"geometry":{"type":"Point","coordinates":[136.4875,35.9797222222222]}},{"type":"Feature","properties":{"en":"Thunder Bay District","fr":"district de Thunder Bay"},"geometry":{"type":"Point","coordinates":[-88.0,50.0]}},{"type":"Feature","properties":{"en":"Onojo","fr":"Ōnojō"},"geometry":{"type":"Point","coordinates":[130.478694444444,33.5362777777778]}},{"type":"Feature","properties":{"en":"Tendō-shi","fr":"Tendō"},"geometry":{"type":"Point","coordinates":[140.378444444444,38.3621111111111]}},{"type":"Feature","properties":{"en":"Timiskaming District","fr":"district de Timiskaming"},"geometry":{"type":"Point","coordinates":[-80.3,47.8]}},{"type":"Feature","properties":{"en":"Osakasayama","fr":"Ōsakasayama"},"geometry":{"type":"Point","coordinates":[135.555694444444,34.5036111111111]}},{"type":"Feature","properties":{"en":"Osaki","fr":"Ōsaki (Miyagi)"},"geometry":{"type":"Point","coordinates":[140.955583333333,38.5771111111111]}},{"type":"Feature","properties":{"en":"Orlová","fr":"Orlová"},"geometry":{"type":"Point","coordinates":[18.43015544552,49.845247990058]}},{"type":"Feature","properties":{"en":"Oshu","fr":"Ōshū"},"geometry":{"type":"Point","coordinates":[141.139138888889,39.1444722222222]}},{"type":"Feature","properties":{"en":"Minamata","fr":"Minamata"},"geometry":{"type":"Point","coordinates":[130.40875,32.2118611111111]}},{"type":"Feature","properties":{"en":"Ota","fr":"Ōta"},"geometry":{"type":"Point","coordinates":[139.375388888889,36.2911388888889]}},{"type":"Feature","properties":{"en":"Otake","fr":"Ōtake"},"geometry":{"type":"Point","coordinates":[132.222333333333,34.2378888888889]}},{"type":"Feature","properties":{"en":"Otawara","fr":"Ōtawara"},"geometry":{"type":"Point","coordinates":[140.015944444444,36.8709722222222]}},{"type":"Feature","properties":{"en":"Whitby","fr":"Whitby"},"geometry":{"type":"Point","coordinates":[-78.9422222222222,43.88]}},{"type":"Feature","properties":{"en":"Ham-Nord","fr":"Ham-Nord"},"geometry":{"type":"Point","coordinates":[-71.65,45.9]}},{"type":"Feature","properties":{"en":"Otsuki","fr":"Ōtsuki"},"geometry":{"type":"Point","coordinates":[138.94,35.6105555555556]}},{"type":"Feature","properties":{"en":"Ajax","fr":"Ajax"},"geometry":{"type":"Point","coordinates":[-79.036388888889,43.858333333333]}},{"type":"Feature","properties":{"en":"Pickering","fr":"Pickering"},"geometry":{"type":"Point","coordinates":[-79.130833333333,43.906944444444]}},{"type":"Feature","properties":{"en":"Niihama","fr":"Niihama"},"geometry":{"type":"Point","coordinates":[133.283388888889,33.9603333333333]}},{"type":"Feature","properties":{"en":"Hikone","fr":"Hikone"},"geometry":{"type":"Point","coordinates":[136.259722222222,35.2743611111111]}},{"type":"Feature","properties":{"en":"Iwata","fr":"Iwata"},"geometry":{"type":"Point","coordinates":[137.851527777778,34.7178888888889]}},{"type":"Feature","properties":{"en":"Ozu","fr":"Ōzu"},"geometry":{"type":"Point","coordinates":[132.544527777778,33.5062777777778]}},{"type":"Feature","properties":{"en":"Fujisawa","fr":"Fujisawa"},"geometry":{"type":"Point","coordinates":[139.45888888889,35.368055555556]}},{"type":"Feature","properties":{"en":"Daitō","fr":"Daitō"},"geometry":{"type":"Point","coordinates":[135.623416666667,34.712]}},{"type":"Feature","properties":{"en":"Kusatsu","fr":"Kusatsu"},"geometry":{"type":"Point","coordinates":[135.959888888889,35.0131666666667]}},{"type":"Feature","properties":{"en":"Niiza","fr":"Niiza"},"geometry":{"type":"Point","coordinates":[139.565305555556,35.7935]}},{"type":"Feature","properties":{"en":"Yamato","fr":"Yamato"},"geometry":{"type":"Point","coordinates":[139.458027777778,35.4875277777778]}},{"type":"Feature","properties":{"en":"Řevnice","fr":"Řevnice"},"geometry":{"type":"Point","coordinates":[14.235955055448,49.914028256057]}},{"type":"Feature","properties":{"en":"Scugog","fr":"Scugog"},"geometry":{"type":"Point","coordinates":[-78.9152777777778,44.1402777777778]}},{"type":"Feature","properties":{"en":"Uxbridge","fr":"Uxbridge"},"geometry":{"type":"Point","coordinates":[-79.1333,44.1167]}},{"type":"Feature","properties":{"en":"Hita","fr":"Hita"},"geometry":{"type":"Point","coordinates":[130.941138888889,33.3213055555556]}},{"type":"Feature","properties":{"en":"Říčany","fr":"Říčany"},"geometry":{"type":"Point","coordinates":[14.654334421235,49.991746433504]}},{"type":"Feature","properties":{"en":"Brock","fr":"Brock"},"geometry":{"type":"Point","coordinates":[-79.1083333333333,44.2891666666667]}},{"type":"Feature","properties":{"en":"Kawaguchi","fr":"Kawaguchi"},"geometry":{"type":"Point","coordinates":[139.724138888889,35.8075833333333]}},{"type":"Feature","properties":{"en":"Kamogawa","fr":"Kamogawa"},"geometry":{"type":"Point","coordinates":[140.098916666667,35.1140555555556]}},{"type":"Feature","properties":{"en":"Kamagaya","fr":"Kamagaya"},"geometry":{"type":"Point","coordinates":[140.000805555556,35.7768333333333]}},{"type":"Feature","properties":{"en":"Świeradów-Zdrój","fr":"Świeradów-Zdrój"},"geometry":{"type":"Point","coordinates":[15.35,50.916666666667]}},{"type":"Feature","properties":{"en":"Chlumec","fr":"Chlumec"},"geometry":{"type":"Point","coordinates":[13.939745543971,50.699804397398]}},{"type":"Feature","properties":{"en":"Yarmouth County","fr":"comté de Yarmouth"},"geometry":{"type":"Point","coordinates":[-65.8,43.9]}},{"type":"Feature","properties":{"en":"Libáň","fr":"Libáň"},"geometry":{"type":"Point","coordinates":[15.216929605806,50.375471940856]}},{"type":"Feature","properties":{"en":"Fort Chipewyan","fr":"Fort Chipewyan"},"geometry":{"type":"Point","coordinates":[-111.15833333333,58.714444444444]}},{"type":"Feature","properties":{"en":"Toyokawa","fr":"Toyokawa"},"geometry":{"type":"Point","coordinates":[137.37591666667,34.826777777778]}},{"type":"Feature","properties":{"en":"Kariya","fr":"Kariya"},"geometry":{"type":"Point","coordinates":[137.002138888889,34.9892777777778]}},{"type":"Feature","properties":{"en":"Komaki","fr":"Komaki"},"geometry":{"type":"Point","coordinates":[136.911,35.2903055555556]}},{"type":"Feature","properties":{"en":"Inazawa","fr":"Inazawa"},"geometry":{"type":"Point","coordinates":[136.78025,35.2480555555556]}},{"type":"Feature","properties":{"en":"Neyagawa","fr":"Neyagawa"},"geometry":{"type":"Point","coordinates":[135.628083333333,34.7660833333333]}},{"type":"Feature","properties":{"en":"Atsugi","fr":"Atsugi"},"geometry":{"type":"Point","coordinates":[139.3625,35.4430555555556]}},{"type":"Feature","properties":{"en":"Petřvald","fr":"Petřvald"},"geometry":{"type":"Point","coordinates":[18.389449339429,49.830981416104]}},{"type":"Feature","properties":{"en":"Tomakomai","fr":"Tomakomai"},"geometry":{"type":"Point","coordinates":[141.60552777778,42.634055555556]}},{"type":"Feature","properties":{"en":"Agano","fr":"Agano"},"geometry":{"type":"Point","coordinates":[139.226,37.834444444444]}},{"type":"Feature","properties":{"en":"Surrey","fr":"Surrey"},"geometry":{"type":"Point","coordinates":[-122.85,49.1833]}},{"type":"Feature","properties":{"en":"Higashiyamato","fr":"Higashiyamato"},"geometry":{"type":"Point","coordinates":[139.4265,35.7453611111111]}},{"type":"Feature","properties":{"en":"Kanuma","fr":"Kanuma"},"geometry":{"type":"Point","coordinates":[139.745055555556,36.5670833333333]}},{"type":"Feature","properties":{"en":"Musashimurayama","fr":"Musashimurayama"},"geometry":{"type":"Point","coordinates":[139.387361111111,35.7548333333333]}},{"type":"Feature","properties":{"en":"Nagato","fr":"Nagato"},"geometry":{"type":"Point","coordinates":[131.182555555556,34.3705277777778]}},{"type":"Feature","properties":{"en":"Ichinoseki","fr":"Ichinoseki"},"geometry":{"type":"Point","coordinates":[141.126583333333,38.9347222222222]}},{"type":"Feature","properties":{"en":"Šluknov","fr":"Šluknov"},"geometry":{"type":"Point","coordinates":[14.452709270766,51.003759354628]}},{"type":"Feature","properties":{"en":"Špindlerův Mlýn","fr":"Špindlerův Mlýn"},"geometry":{"type":"Point","coordinates":[15.609547041366,50.726196345748]}},{"type":"Feature","properties":{"en":"Šternberk","fr":"Šternberk"},"geometry":{"type":"Point","coordinates":[17.298931346408,49.73045283333]}},{"type":"Feature","properties":{"en":"Štramberk","fr":"Štramberk"},"geometry":{"type":"Point","coordinates":[18.117444108979,49.591796793611]}},{"type":"Feature","properties":{"en":"Štíty","fr":"Štíty"},"geometry":{"type":"Point","coordinates":[16.765815872348,49.961244462531]}},{"type":"Feature","properties":{"en":"Štěpánov","fr":"Štěpánov"},"geometry":{"type":"Point","coordinates":[17.220452338219,49.684048986897]}},{"type":"Feature","properties":{"en":"Štětí","fr":"Štětí"},"geometry":{"type":"Point","coordinates":[14.374304629682,50.453059775481]}},{"type":"Feature","properties":{"en":"Šumperk","fr":"Šumperk"},"geometry":{"type":"Point","coordinates":[16.9706654352,49.965299915762]}},{"type":"Feature","properties":{"en":"Švihov","fr":"Švihov"},"geometry":{"type":"Point","coordinates":[13.284211707435,49.481461677416]}},{"type":"Feature","properties":{"en":"Žacléř","fr":"Žacléř"},"geometry":{"type":"Point","coordinates":[15.910733961484,50.663333544185]}},{"type":"Feature","properties":{"en":"Žandov","fr":"Žandov"},"geometry":{"type":"Point","coordinates":[14.396339495912,50.714010022849]}},{"type":"Feature","properties":{"en":"Žatec","fr":"Žatec"},"geometry":{"type":"Point","coordinates":[13.545859487384,50.327264913574]}},{"type":"Feature","properties":{"en":"Ždánice","fr":"Ždánice"},"geometry":{"type":"Point","coordinates":[17.027519327513,49.067305485488]}},{"type":"Feature","properties":{"en":"Ždírec nad Doubravou","fr":"Ždírec nad Doubravou"},"geometry":{"type":"Point","coordinates":[15.81364762339,49.696001227307]}},{"type":"Feature","properties":{"en":"Žebrák","fr":"Žebrák"},"geometry":{"type":"Point","coordinates":[13.897408903752,49.87582737845]}},{"type":"Feature","properties":{"en":"Železnice","fr":"Železnice"},"geometry":{"type":"Point","coordinates":[15.384681121662,50.472789151435]}},{"type":"Feature","properties":{"en":"Železný Brod","fr":"Železný Brod"},"geometry":{"type":"Point","coordinates":[15.254178818148,50.642794278444]}},{"type":"Feature","properties":{"en":"Židlochovice","fr":"Židlochovice"},"geometry":{"type":"Point","coordinates":[16.618813305226,49.039551985985]}},{"type":"Feature","properties":{"en":"Žirovnice","fr":"Žirovnice"},"geometry":{"type":"Point","coordinates":[15.188260413571,49.253242236388]}},{"type":"Feature","properties":{"en":"Žlutice","fr":"Žlutice"},"geometry":{"type":"Point","coordinates":[13.163044267861,50.092025120002]}},{"type":"Feature","properties":{"en":"Žulová","fr":"Žulová"},"geometry":{"type":"Point","coordinates":[17.098785768526,50.309345952771]}},{"type":"Feature","properties":{"en":"Žďár nad Sázavou","fr":"Žďár nad Sázavou"},"geometry":{"type":"Point","coordinates":[15.939278339801,49.562675487861]}},{"type":"Feature","properties":{"en":"Lynn Lake","fr":"Lynn Lake"},"geometry":{"type":"Point","coordinates":[-101.04666666667,56.851666666667]}},{"type":"Feature","properties":{"en":"Polanica-Zdrój","fr":"Polanica-Zdrój"},"geometry":{"type":"Point","coordinates":[16.51271,50.40373]}},{"type":"Feature","properties":{"en":"Primorsko","fr":"Primorsko"},"geometry":{"type":"Point","coordinates":[27.757533,42.266841]}},{"type":"Feature","properties":{"en":"Boychinovtsi","fr":"Boychinovtsi"},"geometry":{"type":"Point","coordinates":[23.336273,43.474124]}},{"type":"Feature","properties":{"en":"North Middlesex","fr":"North Middlesex"},"geometry":{"type":"Point","coordinates":[-81.6333,43.15]}},{"type":"Feature","properties":{"en":"Parvomay","fr":"Parvomaï"},"geometry":{"type":"Point","coordinates":[25.218861,42.095599]}},{"type":"Feature","properties":{"en":"Aioi","fr":"Aioi"},"geometry":{"type":"Point","coordinates":[134.468111111111,34.8035833333333]}},{"type":"Feature","properties":{"en":"Pomorie","fr":"Pomorié"},"geometry":{"type":"Point","coordinates":[27.640546,42.556907]}},{"type":"Feature","properties":{"en":"Peshtera","fr":"Pechtera"},"geometry":{"type":"Point","coordinates":[24.302525,42.033977]}},{"type":"Feature","properties":{"en":"Aira","fr":"Aira"},"geometry":{"type":"Point","coordinates":[130.627805555556,31.7282222222222]}},{"type":"Feature","properties":{"en":"Airdrie","fr":"Airdrie"},"geometry":{"type":"Point","coordinates":[-114.014,51.2917]}},{"type":"Feature","properties":{"en":"Aizpute","fr":"Aizpute"},"geometry":{"type":"Point","coordinates":[21.601666666667,56.721111111111]}},{"type":"Feature","properties":{"en":"Akabira","fr":"Akabira"},"geometry":{"type":"Point","coordinates":[142.044166666667,43.5580555555556]}},{"type":"Feature","properties":{"en":"Akaiwa","fr":"Akaiwa"},"geometry":{"type":"Point","coordinates":[134.018777777778,34.7553611111111]}},{"type":"Feature","properties":{"en":"Aki","fr":"Aki"},"geometry":{"type":"Point","coordinates":[133.906111111111,33.5163888888889]}},{"type":"Feature","properties":{"en":"Akitakata","fr":"Akitakata"},"geometry":{"type":"Point","coordinates":[132.704333333333,34.6662222222222]}},{"type":"Feature","properties":{"en":"Caledon","fr":"Caledon"},"geometry":{"type":"Point","coordinates":[-80.0,43.866666666667]}},{"type":"Feature","properties":{"en":"Port Colborne","fr":"Port Colborne"},"geometry":{"type":"Point","coordinates":[-79.25,42.883333333333]}},{"type":"Feature","properties":{"en":"Welland","fr":"Welland"},"geometry":{"type":"Point","coordinates":[-79.233333333333,42.983333333333]}},{"type":"Feature","properties":{"en":"Ako","fr":"Akō"},"geometry":{"type":"Point","coordinates":[134.390333333333,34.7549722222222]}},{"type":"Feature","properties":{"en":"Wainfleet","fr":"Wainfleet"},"geometry":{"type":"Point","coordinates":[-79.3833,42.9333]}},{"type":"Feature","properties":{"en":"Grimsby","fr":"Grimsby"},"geometry":{"type":"Point","coordinates":[-79.55,43.2]}},{"type":"Feature","properties":{"en":"Oakville","fr":"Oakville"},"geometry":{"type":"Point","coordinates":[-79.683333333333,43.45]}},{"type":"Feature","properties":{"en":"Milton","fr":"Milton"},"geometry":{"type":"Point","coordinates":[-79.883333333333,43.508333333333]}},{"type":"Feature","properties":{"en":"Halton Hills","fr":"Halton Hills"},"geometry":{"type":"Point","coordinates":[-79.95,43.633333333333]}},{"type":"Feature","properties":{"en":"Sainte-Monique","fr":"Sainte-Monique"},"geometry":{"type":"Point","coordinates":[-72.533333333333,46.166666666667]}},{"type":"Feature","properties":{"en":"Noboribetsu","fr":"Noboribetsu"},"geometry":{"type":"Point","coordinates":[141.106583333333,42.41275]}},{"type":"Feature","properties":{"en":"Johnston Parish","fr":"paroisse de Johnston"},"geometry":{"type":"Point","coordinates":[-65.7954,45.8752]}},{"type":"Feature","properties":{"en":"Yotsukaido","fr":"Yotsukaidō"},"geometry":{"type":"Point","coordinates":[140.167944444444,35.6697777777778]}},{"type":"Feature","properties":{"en":"Sainte‐Françoise","fr":"Sainte‐Françoise"},"geometry":{"type":"Point","coordinates":[-71.9833,46.45]}},{"type":"Feature","properties":{"en":"Saint-Charles-sur-Richelieu","fr":"Saint-Charles-sur-Richelieu"},"geometry":{"type":"Point","coordinates":[-73.1833,45.6833]}},{"type":"Feature","properties":{"en":"Omitama","fr":"Omitama"},"geometry":{"type":"Point","coordinates":[140.352555555556,36.2392777777778]}},{"type":"Feature","properties":{"en":"Chotěboř","fr":"Chotěboř"},"geometry":{"type":"Point","coordinates":[15.67022905709,49.720765680333]}},{"type":"Feature","properties":{"en":"Nymburk","fr":"Nymburk"},"geometry":{"type":"Point","coordinates":[15.041747256066,50.186115487846]}},{"type":"Feature","properties":{"en":"High Level","fr":"High Level"},"geometry":{"type":"Point","coordinates":[-117.13611111111,58.516944444444]}},{"type":"Feature","properties":{"en":"Nejdek","fr":"Nejdek"},"geometry":{"type":"Point","coordinates":[12.729443668258,50.322532483831]}},{"type":"Feature","properties":{"en":"Saint-Octave-de-Métis","fr":"Saint-Octave-de-Métis"},"geometry":{"type":"Point","coordinates":[-68.0808572,48.6009025]}},{"type":"Feature","properties":{"en":"Přebuz","fr":"Přebuz"},"geometry":{"type":"Point","coordinates":[12.620128905169,50.365895082626]}},{"type":"Feature","properties":{"en":"Muroto","fr":"Muroto"},"geometry":{"type":"Point","coordinates":[134.152027777778,33.2899444444444]}},{"type":"Feature","properties":{"en":"Hamada","fr":"Hamada"},"geometry":{"type":"Point","coordinates":[132.079833333333,34.8992222222222]}},{"type":"Feature","properties":{"en":"Pelham","fr":"Pelham"},"geometry":{"type":"Point","coordinates":[-79.3333,43.0333]}},{"type":"Feature","properties":{"en":"Thorold","fr":"Thorold"},"geometry":{"type":"Point","coordinates":[-79.2,43.116666666667]}},{"type":"Feature","properties":{"en":"Lincoln","fr":"Lincoln"},"geometry":{"type":"Point","coordinates":[-79.4183333333333,43.1527777777778]}},{"type":"Feature","properties":{"en":"West Lincoln","fr":"West Lincoln"},"geometry":{"type":"Point","coordinates":[-79.5691666666667,43.0705555555556]}},{"type":"Feature","properties":{"en":"Niagara-on-the-Lake","fr":"Niagara-on-the-Lake"},"geometry":{"type":"Point","coordinates":[-79.071666666667,43.255277777778]}},{"type":"Feature","properties":{"en":"Ama","fr":"Ama"},"geometry":{"type":"Point","coordinates":[136.783222222222,35.2004444444444]}},{"type":"Feature","properties":{"en":"Amakusa","fr":"Amakusa"},"geometry":{"type":"Point","coordinates":[130.193,32.4586666666667]}},{"type":"Feature","properties":{"en":"Amami","fr":"Amami"},"geometry":{"type":"Point","coordinates":[129.493805555556,28.3772222222222]}},{"type":"Feature","properties":{"en":"Gotse Delchev","fr":"Gotsé Deltchev"},"geometry":{"type":"Point","coordinates":[23.729077,41.573684]}},{"type":"Feature","properties":{"en":"Ashfield–Colborne–Wawanosh","fr":"Ashfield-Colborne-Wawanosh"},"geometry":{"type":"Point","coordinates":[-81.6,43.8667]}},{"type":"Feature","properties":{"en":"Moncton","fr":"Moncton"},"geometry":{"type":"Point","coordinates":[-64.775,46.093333]}},{"type":"Feature","properties":{"en":"Hadano","fr":"Hadano"},"geometry":{"type":"Point","coordinates":[139.220111111111,35.3747222222222]}},{"type":"Feature","properties":{"en":"Naruto","fr":"Naruto"},"geometry":{"type":"Point","coordinates":[134.608777777778,34.1725833333333]}},{"type":"Feature","properties":{"en":"Iga","fr":"Iga"},"geometry":{"type":"Point","coordinates":[136.142277777778,34.7498611111111]}},{"type":"Feature","properties":{"en":"Matsusaka","fr":"Matsusaka"},"geometry":{"type":"Point","coordinates":[136.527583333333,34.5779444444444]}},{"type":"Feature","properties":{"en":"Marugame","fr":"Marugame"},"geometry":{"type":"Point","coordinates":[133.797611111111,34.2894166666667]}},{"type":"Feature","properties":{"en":"Imabari","fr":"Imabari"},"geometry":{"type":"Point","coordinates":[132.997777777778,34.0661666666667]}},{"type":"Feature","properties":{"en":"Sault Ste. Marie","fr":"Sault-Sainte-Marie"},"geometry":{"type":"Point","coordinates":[-84.35,46.5333]}},{"type":"Feature","properties":{"en":"Handa","fr":"Handa"},"geometry":{"type":"Point","coordinates":[136.938055555556,34.8919444444444]}},{"type":"Feature","properties":{"en":"Augustów","fr":"Augustów"},"geometry":{"type":"Point","coordinates":[22.966666666667,53.85]}},{"type":"Feature","properties":{"en":"Kashima","fr":"Kashima"},"geometry":{"type":"Point","coordinates":[140.644833333333,35.9656388888889]}},{"type":"Feature","properties":{"en":"Toyonaka","fr":"Toyonaka"},"geometry":{"type":"Point","coordinates":[135.469638888889,34.7815]}},{"type":"Feature","properties":{"en":"Kurashiki","fr":"Kurashiki"},"geometry":{"type":"Point","coordinates":[133.772111111111,34.5850833333333]}},{"type":"Feature","properties":{"en":"Ube","fr":"Ube"},"geometry":{"type":"Point","coordinates":[131.246722222222,33.9515833333333]}},{"type":"Feature","properties":{"en":"Kurihara","fr":"Kurihara"},"geometry":{"type":"Point","coordinates":[141.021472222222,38.7301111111111]}},{"type":"Feature","properties":{"en":"Whapmagoostui","fr":"Whapmagoostui"},"geometry":{"type":"Point","coordinates":[-77.75,55.25]}},{"type":"Feature","properties":{"en":"Kolín","fr":"Kolín"},"geometry":{"type":"Point","coordinates":[15.200633745928,50.028193990808]}},{"type":"Feature","properties":{"en":"Přerov","fr":"Přerov"},"geometry":{"type":"Point","coordinates":[17.451111111111,49.455555555556]}},{"type":"Feature","properties":{"en":"Benešov","fr":"Benešov"},"geometry":{"type":"Point","coordinates":[14.687020558215,49.781695568859]}},{"type":"Feature","properties":{"en":"Prostějov","fr":"Prostějov"},"geometry":{"type":"Point","coordinates":[17.110555555556,49.472222222222]}},{"type":"Feature","properties":{"en":"Loyalist","fr":"Loyalist"},"geometry":{"type":"Point","coordinates":[-76.7691666666667,44.2436111111111]}},{"type":"Feature","properties":{"en":"Whitchurch–Stouffville","fr":"Whitchurch-Stouffville"},"geometry":{"type":"Point","coordinates":[-79.3206,44.0136]}},{"type":"Feature","properties":{"en":"East Gwillimbury","fr":"East Gwillimbury"},"geometry":{"type":"Point","coordinates":[-79.43,44.12]}},{"type":"Feature","properties":{"en":"King","fr":"King"},"geometry":{"type":"Point","coordinates":[-79.5252777777778,43.9347222222222]}},{"type":"Feature","properties":{"en":"Georgina","fr":"Georgina"},"geometry":{"type":"Point","coordinates":[-79.436111111111,44.296111111111]}},{"type":"Feature","properties":{"en":"Anan","fr":"Anan"},"geometry":{"type":"Point","coordinates":[134.659527777778,33.9217777777778]}},{"type":"Feature","properties":{"en":"Yao","fr":"Yao"},"geometry":{"type":"Point","coordinates":[135.600833333333,34.6269166666667]}},{"type":"Feature","properties":{"en":"Tondabayashi","fr":"Tondabayashi"},"geometry":{"type":"Point","coordinates":[135.59725,34.4996388888889]}},{"type":"Feature","properties":{"en":"Edson","fr":"Edson"},"geometry":{"type":"Point","coordinates":[-116.434,53.5817]}},{"type":"Feature","properties":{"en":"Hekinan","fr":"Hekinan"},"geometry":{"type":"Point","coordinates":[136.993416666667,34.8846944444444]}},{"type":"Feature","properties":{"en":"Fujimi","fr":"Fujimi"},"geometry":{"type":"Point","coordinates":[139.549166666667,35.8565555555556]}},{"type":"Feature","properties":{"en":"Saku","fr":"Saku"},"geometry":{"type":"Point","coordinates":[138.476944444444,36.2488055555555]}},{"type":"Feature","properties":{"en":"Chita","fr":"Chita"},"geometry":{"type":"Point","coordinates":[136.864722222222,34.9965555555556]}},{"type":"Feature","properties":{"en":"Fujinomiya","fr":"Fujinomiya"},"geometry":{"type":"Point","coordinates":[138.621611111111,35.2221111111111]}},{"type":"Feature","properties":{"en":"Kadoma","fr":"Kadoma"},"geometry":{"type":"Point","coordinates":[135.586861111111,34.7391388888889]}},{"type":"Feature","properties":{"en":"Kashihara","fr":"Kashihara"},"geometry":{"type":"Point","coordinates":[135.7925,34.5094444444444]}},{"type":"Feature","properties":{"en":"Misawa","fr":"Misawa"},"geometry":{"type":"Point","coordinates":[141.369055555556,40.6830833333333]}},{"type":"Feature","properties":{"en":"Kuroishi","fr":"Kuroishi"},"geometry":{"type":"Point","coordinates":[140.594638888889,40.6426111111111]}},{"type":"Feature","properties":{"en":"Sakaiminato","fr":"Sakaiminato"},"geometry":{"type":"Point","coordinates":[133.231611111111,35.5396111111111]}},{"type":"Feature","properties":{"en":"Shiogama","fr":"Shiogama"},"geometry":{"type":"Point","coordinates":[141.021972222222,38.3143611111111]}},{"type":"Feature","properties":{"en":"Kuwana","fr":"Kuwana"},"geometry":{"type":"Point","coordinates":[136.683666666667,35.0621944444444]}},{"type":"Feature","properties":{"en":"Yokote","fr":"Yokote"},"geometry":{"type":"Point","coordinates":[140.566611111111,39.3137222222222]}},{"type":"Feature","properties":{"en":"Kazuno","fr":"Kazuno"},"geometry":{"type":"Point","coordinates":[140.7885,40.2157777777778]}},{"type":"Feature","properties":{"en":"Kitakata","fr":"Kitakata"},"geometry":{"type":"Point","coordinates":[139.87475,37.6511388888889]}},{"type":"Feature","properties":{"en":"Muroran","fr":"Muroran"},"geometry":{"type":"Point","coordinates":[140.974027777778,42.31525]}},{"type":"Feature","properties":{"en":"Ebetsu","fr":"Ebetsu"},"geometry":{"type":"Point","coordinates":[141.536194444444,43.1037222222222]}},{"type":"Feature","properties":{"en":"Goshogawara","fr":"Goshogawara"},"geometry":{"type":"Point","coordinates":[140.446083333333,40.8077222222222]}},{"type":"Feature","properties":{"en":"Koshigaya","fr":"Koshigaya"},"geometry":{"type":"Point","coordinates":[139.790916666667,35.8911388888889]}},{"type":"Feature","properties":{"en":"Sakura","fr":"Sakura"},"geometry":{"type":"Point","coordinates":[140.223944444444,35.7234722222222]}},{"type":"Feature","properties":{"en":"Futtsu","fr":"Futtsu"},"geometry":{"type":"Point","coordinates":[139.857027777778,35.3040833333333]}},{"type":"Feature","properties":{"en":"Nasushiobara","fr":"Nasushiobara"},"geometry":{"type":"Point","coordinates":[140.046055555556,36.9617222222222]}},{"type":"Feature","properties":{"en":"Mooka","fr":"Moka"},"geometry":{"type":"Point","coordinates":[140.013388888889,36.4404166666667]}},{"type":"Feature","properties":{"en":"Sado","fr":"Sado"},"geometry":{"type":"Point","coordinates":[138.38972222222,38.044444444444]}},{"type":"Feature","properties":{"en":"Seto","fr":"Seto"},"geometry":{"type":"Point","coordinates":[137.084027777778,35.224]}},{"type":"Feature","properties":{"en":"Elgin County","fr":"comté d'Elgin"},"geometry":{"type":"Point","coordinates":[-81.166666666667,42.75]}},{"type":"Feature","properties":{"en":"Mingan","fr":"Mingan"},"geometry":{"type":"Point","coordinates":[-64.0333,50.3]}},{"type":"Feature","properties":{"en":"Guysborough County","fr":"comté de Guysborough"},"geometry":{"type":"Point","coordinates":[-61.8,45.3]}},{"type":"Feature","properties":{"en":"Coalhurst","fr":"Coalhurst"},"geometry":{"type":"Point","coordinates":[-112.932,49.7457]}},{"type":"Feature","properties":{"en":"Tahara","fr":"Tahara"},"geometry":{"type":"Point","coordinates":[137.264222222222,34.66875]}},{"type":"Feature","properties":{"en":"Tenri","fr":"Tenri"},"geometry":{"type":"Point","coordinates":[135.837222222222,34.5966666666667]}},{"type":"Feature","properties":{"en":"Hiratsuka","fr":"Hiratsuka"},"geometry":{"type":"Point","coordinates":[139.349444444444,35.3355277777778]}},{"type":"Feature","properties":{"en":"Nemuro","fr":"Nemuro"},"geometry":{"type":"Point","coordinates":[145.582861111111,43.3300833333333]}},{"type":"Feature","properties":{"en":"Hōfu-shi","fr":"Hōfu"},"geometry":{"type":"Point","coordinates":[131.562555555556,34.0512777777778]}},{"type":"Feature","properties":{"en":"Ibaraki","fr":"Ibaraki"},"geometry":{"type":"Point","coordinates":[135.568583333333,34.8163611111111]}},{"type":"Feature","properties":{"en":"Kiyosu","fr":"Kiyosu"},"geometry":{"type":"Point","coordinates":[136.852861111111,35.1998055555556]}},{"type":"Feature","properties":{"en":"Mobara","fr":"Mobara"},"geometry":{"type":"Point","coordinates":[140.287972222222,35.4285277777778]}},{"type":"Feature","properties":{"en":"Miyako","fr":"Miyako"},"geometry":{"type":"Point","coordinates":[141.946111111111,39.6397222222222]}},{"type":"Feature","properties":{"en":"Takaoka","fr":"Takaoka"},"geometry":{"type":"Point","coordinates":[137.025666666667,36.7540555555556]}},{"type":"Feature","properties":{"en":"Uherské Hradiště","fr":"Uherské Hradiště"},"geometry":{"type":"Point","coordinates":[17.459691353499,49.069757549526]}},{"type":"Feature","properties":{"en":"Inuyama","fr":"Inuyama"},"geometry":{"type":"Point","coordinates":[136.9445,35.3786111111111]}},{"type":"Feature","properties":{"en":"Lemförde","fr":"Lemförde"},"geometry":{"type":"Point","coordinates":[8.376667,52.463333]}},{"type":"Feature","properties":{"en":"Bruchhausen-Vilsen","fr":"Bruchhausen-Vilsen"},"geometry":{"type":"Point","coordinates":[9.0,52.833333333333]}},{"type":"Feature","properties":{"en":"Guelph","fr":"Guelph"},"geometry":{"type":"Point","coordinates":[-80.25,43.55]}},{"type":"Feature","properties":{"en":"Sakata","fr":"Sakata"},"geometry":{"type":"Point","coordinates":[139.836722222222,38.9148611111111]}},{"type":"Feature","properties":{"en":"Horneburg","fr":"Horneburg"},"geometry":{"type":"Point","coordinates":[9.575,53.509444444444]}},{"type":"Feature","properties":{"en":"Sunagawa","fr":"Sunagawa"},"geometry":{"type":"Point","coordinates":[141.903472222222,43.4948333333333]}},{"type":"Feature","properties":{"en":"Municipality of the District of Digby","fr":"Digby"},"geometry":{"type":"Point","coordinates":[-65.8333,44.4833]}},{"type":"Feature","properties":{"en":"Police nad Metují","fr":"Police nad Metují"},"geometry":{"type":"Point","coordinates":[16.233596891027,50.536901799794]}},{"type":"Feature","properties":{"en":"Volary","fr":"Volary"},"geometry":{"type":"Point","coordinates":[13.88658107426,48.908902782981]}},{"type":"Feature","properties":{"en":"Pointe-Calumet","fr":"Pointe-Calumet"},"geometry":{"type":"Point","coordinates":[-73.966666666667,45.5]}},{"type":"Feature","properties":{"en":"Potton","fr":"Potton"},"geometry":{"type":"Point","coordinates":[-72.3667,45.0833]}},{"type":"Feature","properties":{"en":"Saint-Mathieu-de-Rioux","fr":"Saint-Mathieu-de-Rioux"},"geometry":{"type":"Point","coordinates":[-68.983333333333,48.183333333333]}},{"type":"Feature","properties":{"en":"Vrbas","fr":"Vrbas"},"geometry":{"type":"Point","coordinates":[19.637777777778,45.569722222222]}},{"type":"Feature","properties":{"en":"Higashimatsushima","fr":"Higashimatsushima"},"geometry":{"type":"Point","coordinates":[141.211083333333,38.4263888888889]}},{"type":"Feature","properties":{"en":"Bochov","fr":"Bochov"},"geometry":{"type":"Point","coordinates":[13.045244542696,50.151005211385]}},{"type":"Feature","properties":{"en":"Vsetín","fr":"Vsetín"},"geometry":{"type":"Point","coordinates":[17.996209032744,49.338702987886]}},{"type":"Feature","properties":{"en":"Kyotango","fr":"Kyōtango"},"geometry":{"type":"Point","coordinates":[135.060944444444,35.6241388888889]}},{"type":"Feature","properties":{"en":"Saint-Paul","fr":"Saint-Paul"},"geometry":{"type":"Point","coordinates":[-73.45,45.9833]}},{"type":"Feature","properties":{"en":"Trochu","fr":"Trochu"},"geometry":{"type":"Point","coordinates":[-113.233,51.8236]}},{"type":"Feature","properties":{"en":"Iwanuma","fr":"Iwanuma"},"geometry":{"type":"Point","coordinates":[140.870166666667,38.1042777777778]}},{"type":"Feature","properties":{"en":"Bílina","fr":"Bílina"},"geometry":{"type":"Point","coordinates":[13.775445246997,50.548631074934]}},{"type":"Feature","properties":{"en":"Shiroi","fr":"Shiroi"},"geometry":{"type":"Point","coordinates":[140.056305555556,35.7914722222222]}},{"type":"Feature","properties":{"en":"Saikai","fr":"Saikai"},"geometry":{"type":"Point","coordinates":[129.643,32.9331111111111]}},{"type":"Feature","properties":{"en":"Talsi","fr":"Talsi"},"geometry":{"type":"Point","coordinates":[22.588888888889,57.244722222222]}},{"type":"Feature","properties":{"en":"Takahagi","fr":"Takahagi"},"geometry":{"type":"Point","coordinates":[140.709472222222,36.7136666666667]}},{"type":"Feature","properties":{"en":"Mariánské Lázně","fr":"Marienbad"},"geometry":{"type":"Point","coordinates":[12.701249703911,49.964703891769]}},{"type":"Feature","properties":{"en":"Terezín","fr":"Terezín"},"geometry":{"type":"Point","coordinates":[14.150642743433,50.51107886619]}},{"type":"Feature","properties":{"en":"Saint-Hilaire","fr":"Saint-Hilaire"},"geometry":{"type":"Point","coordinates":[-68.3925,47.2925]}},{"type":"Feature","properties":{"en":"Tonami","fr":"Tonami"},"geometry":{"type":"Point","coordinates":[136.962138888889,36.6474722222222]}},{"type":"Feature","properties":{"en":"Krásné Údolí","fr":"Krásné Údolí"},"geometry":{"type":"Point","coordinates":[12.921309279468,50.072449374274]}},{"type":"Feature","properties":{"en":"Saint-Antonin","fr":"Saint-Antonin"},"geometry":{"type":"Point","coordinates":[-69.4833333333333,47.7666666666667]}},{"type":"Feature","properties":{"en":"Andělská Hora","fr":"Andělská Hora"},"geometry":{"type":"Point","coordinates":[17.389147767097,50.060819773606]}},{"type":"Feature","properties":{"en":"Les Jardins-de-Napierville","fr":"Les Jardins-de-Napierville"},"geometry":{"type":"Point","coordinates":[-73.5167,45.1667]}},{"type":"Feature","properties":{"en":"Saint-Alphonse-de-Granby","fr":"Saint-Alphonse-de-Granby"},"geometry":{"type":"Point","coordinates":[-72.8167,45.3333]}},{"type":"Feature","properties":{"en":"Shimotsuma","fr":"Shimotsuma"},"geometry":{"type":"Point","coordinates":[139.968416666667,36.1843888888889]}},{"type":"Feature","properties":{"en":"Azumino","fr":"Azumino"},"geometry":{"type":"Point","coordinates":[137.905555555556,36.3038888888889]}},{"type":"Feature","properties":{"en":"Silver Creek","fr":"Silver Creek"},"geometry":{"type":"Point","coordinates":[-101.0,50.6836]}},{"type":"Feature","properties":{"en":"Grand-Remous","fr":"Grand-Remous"},"geometry":{"type":"Point","coordinates":[-75.9,46.6167]}},{"type":"Feature","properties":{"en":"Awara","fr":"Awara"},"geometry":{"type":"Point","coordinates":[136.228972222222,36.2113055555556]}},{"type":"Feature","properties":{"en":"Sainte-Anne-de-Sorel","fr":"Sainte-Anne-de-Sorel"},"geometry":{"type":"Point","coordinates":[-73.0667,46.05]}},{"type":"Feature","properties":{"en":"Nagaoka","fr":"Nagaoka"},"geometry":{"type":"Point","coordinates":[138.85125,37.4461944444445]}},{"type":"Feature","properties":{"en":"Hulín","fr":"Hulín"},"geometry":{"type":"Point","coordinates":[17.463758712343,49.316900046515]}},{"type":"Feature","properties":{"en":"Ogden","fr":"Ogden"},"geometry":{"type":"Point","coordinates":[-72.133333333333,45.05]}},{"type":"Feature","properties":{"en":"Hejnice","fr":"Hejnice"},"geometry":{"type":"Point","coordinates":[15.181790635741,50.877254897227]}},{"type":"Feature","properties":{"en":"Sunbury County","fr":"comté de Sunbury"},"geometry":{"type":"Point","coordinates":[-66.333333333333,45.916666666667]}},{"type":"Feature","properties":{"en":"Liebenau","fr":"Liebenau"},"geometry":{"type":"Point","coordinates":[9.09719,52.60362]}},{"type":"Feature","properties":{"en":"Notre-Dame-des-Bois","fr":"Notre-Dame-des-Bois"},"geometry":{"type":"Point","coordinates":[-71.066666666667,45.4]}},{"type":"Feature","properties":{"en":"Arnprior","fr":"Arnprior"},"geometry":{"type":"Point","coordinates":[-76.35,45.433333333333]}},{"type":"Feature","properties":{"en":"Osek","fr":"Osek"},"geometry":{"type":"Point","coordinates":[13.68595786877,50.622801284893]}},{"type":"Feature","properties":{"en":"Makurazaki","fr":"Makurazaki"},"geometry":{"type":"Point","coordinates":[130.296916666667,31.2729166666667]}},{"type":"Feature","properties":{"en":"Ottenstein","fr":"Ottenstein"},"geometry":{"type":"Point","coordinates":[9.4,51.95]}},{"type":"Feature","properties":{"en":"Lac-Baker Parish","fr":"Paroisse de Lac-Baker"},"geometry":{"type":"Point","coordinates":[-68.68,47.36]}},{"type":"Feature","properties":{"en":"Capital Regional District","fr":"district régional de la Capitale"},"geometry":{"type":"Point","coordinates":[-123.366,48.4293]}},{"type":"Feature","properties":{"en":"Diesdorf","fr":"Diesdorf"},"geometry":{"type":"Point","coordinates":[10.875277777778,52.751388888889]}},{"type":"Feature","properties":{"en":"Polle","fr":"Polle"},"geometry":{"type":"Point","coordinates":[9.4,51.9]}},{"type":"Feature","properties":{"en":"Duingen","fr":"Duingen"},"geometry":{"type":"Point","coordinates":[9.69701944444444,52.0057916666667]}},{"type":"Feature","properties":{"en":"Coppenbrügge","fr":"Coppenbrügge"},"geometry":{"type":"Point","coordinates":[9.54933055555556,52.1202527777778]}},{"type":"Feature","properties":{"en":"Essex","fr":"Essex"},"geometry":{"type":"Point","coordinates":[-82.821,42.172]}},{"type":"Feature","properties":{"en":"Uchte","fr":"Uchte"},"geometry":{"type":"Point","coordinates":[8.9166666666667,52.5]}},{"type":"Feature","properties":{"en":"Detern","fr":"Detern"},"geometry":{"type":"Point","coordinates":[7.67472222222222,53.2102777777778]}},{"type":"Feature","properties":{"en":"Saint-Sylvestre","fr":"Saint-Sylvestre"},"geometry":{"type":"Point","coordinates":[-71.2333,46.3667]}},{"type":"Feature","properties":{"en":"Annaka","fr":"Annaka"},"geometry":{"type":"Point","coordinates":[138.88767,36.32635]}},{"type":"Feature","properties":{"en":"Annapolis County","fr":"comté d'Annapolis"},"geometry":{"type":"Point","coordinates":[-65.16551,44.58345]}},{"type":"Feature","properties":{"en":"Annapolis Royal","fr":"Annapolis Royal"},"geometry":{"type":"Point","coordinates":[-65.518907,44.743729]}},{"type":"Feature","properties":{"en":"Okegawa","fr":"Okegawa"},"geometry":{"type":"Point","coordinates":[139.5585,36.0028055555556]}},{"type":"Feature","properties":{"en":"Athens","fr":"Athens"},"geometry":{"type":"Point","coordinates":[-75.9383333333333,44.6255555555556]}},{"type":"Feature","properties":{"en":"Tsubame","fr":"Tsubame"},"geometry":{"type":"Point","coordinates":[138.882222222222,37.6730833333333]}},{"type":"Feature","properties":{"en":"Tosashimizu","fr":"Tosashimizu"},"geometry":{"type":"Point","coordinates":[132.954888888889,32.7814722222222]}},{"type":"Feature","properties":{"en":"Arcola","fr":"Arcola"},"geometry":{"type":"Point","coordinates":[-102.49,49.637]}},{"type":"Feature","properties":{"en":"Kelč","fr":"Kelč"},"geometry":{"type":"Point","coordinates":[17.815359017522,49.478439995903]}},{"type":"Feature","properties":{"en":"Bow Island","fr":"Bow Island"},"geometry":{"type":"Point","coordinates":[-111.367,49.8667]}},{"type":"Feature","properties":{"en":"Lamspringe","fr":"Lamspringe"},"geometry":{"type":"Point","coordinates":[10.0081,51.9567]}},{"type":"Feature","properties":{"en":"La Vallée-de-l'Or","fr":"La Vallée-de-l'Or"},"geometry":{"type":"Point","coordinates":[-77.2333,48.3833]}},{"type":"Feature","properties":{"en":"Antigonish County","fr":"comté d'Antigonish"},"geometry":{"type":"Point","coordinates":[-61.9,45.6]}},{"type":"Feature","properties":{"en":"L'Érable","fr":"L'Érable"},"geometry":{"type":"Point","coordinates":[-71.75,46.25]}},{"type":"Feature","properties":{"en":"Lutter am Barenberge","fr":"Lutter am Barenberge"},"geometry":{"type":"Point","coordinates":[10.271111111111,51.99]}},{"type":"Feature","properties":{"en":"Midori","fr":"Midori"},"geometry":{"type":"Point","coordinates":[139.281138888889,36.3948055555556]}},{"type":"Feature","properties":{"en":"Kai","fr":"Kai"},"geometry":{"type":"Point","coordinates":[138.515777777778,35.6608055555556]}},{"type":"Feature","properties":{"en":"Iwade","fr":"Iwade"},"geometry":{"type":"Point","coordinates":[135.311333333333,34.25625]}},{"type":"Feature","properties":{"en":"Dubňany","fr":"Dubňany"},"geometry":{"type":"Point","coordinates":[17.090040442473,48.916955312083]}},{"type":"Feature","properties":{"en":"Temerin","fr":"Temerin"},"geometry":{"type":"Point","coordinates":[19.886944444444,45.405277777778]}},{"type":"Feature","properties":{"en":"Strážov","fr":"Strážov"},"geometry":{"type":"Point","coordinates":[13.246263588955,49.303366809152]}},{"type":"Feature","properties":{"en":"Waltham","fr":"Waltham"},"geometry":{"type":"Point","coordinates":[-76.9122222222222,45.9097222222222]}},{"type":"Feature","properties":{"en":"Břeclav","fr":"Břeclav"},"geometry":{"type":"Point","coordinates":[16.882020775128,48.758991122507]}},{"type":"Feature","properties":{"en":"Jōetsu-shi","fr":"Jōetsu"},"geometry":{"type":"Point","coordinates":[138.236083333333,37.1478611111111]}},{"type":"Feature","properties":{"en":"Aš","fr":"Aš"},"geometry":{"type":"Point","coordinates":[12.195074300926,50.223996008844]}},{"type":"Feature","properties":{"en":"Bando","fr":"Bandō"},"geometry":{"type":"Point","coordinates":[139.888722222222,36.0484166666667]}},{"type":"Feature","properties":{"en":"Thompson-Nicola Regional District","fr":"district régional de Thompson-Nicola"},"geometry":{"type":"Point","coordinates":[-120.34,50.68]}},{"type":"Feature","properties":{"en":"Le Fjord-du-Saguenay","fr":"Le Fjord-du-Saguenay"},"geometry":{"type":"Point","coordinates":[-70.9,48.45]}},{"type":"Feature","properties":{"en":"Antoine-Labelle","fr":"Antoine-Labelle"},"geometry":{"type":"Point","coordinates":[-75.3333,46.8833]}},{"type":"Feature","properties":{"en":"Yanagawa","fr":"Yanagawa"},"geometry":{"type":"Point","coordinates":[130.405805555556,33.1630555555556]}},{"type":"Feature","properties":{"en":"Mohelnice","fr":"Mohelnice"},"geometry":{"type":"Point","coordinates":[16.919508491038,49.777001590952]}},{"type":"Feature","properties":{"en":"Prince George","fr":"Prince George"},"geometry":{"type":"Point","coordinates":[-122.74944444444,53.916944444444]}},{"type":"Feature","properties":{"en":"Whitestone","fr":"Whitestone"},"geometry":{"type":"Point","coordinates":[-79.9816666666667,45.6827777777778]}},{"type":"Feature","properties":{"en":"Planá nad Lužnicí","fr":"Planá nad Lužnicí"},"geometry":{"type":"Point","coordinates":[14.701502824093,49.354509187053]}},{"type":"Feature","properties":{"en":"Prince","fr":"Prince"},"geometry":{"type":"Point","coordinates":[-84.5,46.5333]}},{"type":"Feature","properties":{"en":"Náchod","fr":"Náchod"},"geometry":{"type":"Point","coordinates":[16.16297400854,50.416738226612]}},{"type":"Feature","properties":{"en":"Ginowan","fr":"Ginowan"},"geometry":{"type":"Point","coordinates":[127.778527777778,26.2815]}},{"type":"Feature","properties":{"en":"Lauenau","fr":"Lauenau"},"geometry":{"type":"Point","coordinates":[9.3666666666667,52.266666666667]}},{"type":"Feature","properties":{"en":"Yoshinogawa","fr":"Yoshinogawa"},"geometry":{"type":"Point","coordinates":[134.358611111111,34.0663333333333]}},{"type":"Feature","properties":{"en":"Krupka","fr":"Krupka"},"geometry":{"type":"Point","coordinates":[13.858256809864,50.684576839145]}},{"type":"Feature","properties":{"en":"Ingersoll","fr":"Ingersoll"},"geometry":{"type":"Point","coordinates":[-80.883611111111,43.039166666667]}},{"type":"Feature","properties":{"en":"Colchester County","fr":"comté de Colchester"},"geometry":{"type":"Point","coordinates":[-63.3,45.4]}},{"type":"Feature","properties":{"en":"Isahaya","fr":"Isahaya"},"geometry":{"type":"Point","coordinates":[130.053138888889,32.8433888888889]}},{"type":"Feature","properties":{"en":"Fujioka","fr":"Fujioka"},"geometry":{"type":"Point","coordinates":[139.074555555556,36.2586944444445]}},{"type":"Feature","properties":{"en":"Mengerskirchen","fr":"Mengerskirchen"},"geometry":{"type":"Point","coordinates":[8.1558333333333,50.563888888889]}},{"type":"Feature","properties":{"en":"Slušovice","fr":"Slušovice"},"geometry":{"type":"Point","coordinates":[17.801511610669,49.24781723723]}},{"type":"Feature","properties":{"en":"Lake of the Woods","fr":"Lake of the Woods"},"geometry":{"type":"Point","coordinates":[-94.4927777777778,49.1508333333333]}},{"type":"Feature","properties":{"en":"South Glengarry","fr":"South Glengarry"},"geometry":{"type":"Point","coordinates":[-74.5833,45.2]}},{"type":"Feature","properties":{"en":"Kitanagoya","fr":"Kitanagoya"},"geometry":{"type":"Point","coordinates":[136.865972222222,35.2456666666667]}},{"type":"Feature","properties":{"en":"Chikugo","fr":"Chikugo"},"geometry":{"type":"Point","coordinates":[130.502083333333,33.2122222222222]}},{"type":"Feature","properties":{"en":"Dubí","fr":"Dubí"},"geometry":{"type":"Point","coordinates":[13.788939045017,50.681121671443]}},{"type":"Feature","properties":{"en":"Shibata","fr":"Shibata"},"geometry":{"type":"Point","coordinates":[139.327277777778,37.9479166666667]}},{"type":"Feature","properties":{"en":"Les Etchemins","fr":"Les Etchemins"},"geometry":{"type":"Point","coordinates":[-70.35,46.4]}},{"type":"Feature","properties":{"en":"Gojō","fr":"Gojō"},"geometry":{"type":"Point","coordinates":[135.695583333333,34.3563333333333]}},{"type":"Feature","properties":{"en":"Yurihonjo","fr":"Yurihonjō"},"geometry":{"type":"Point","coordinates":[140.048833333333,39.3858611111111]}},{"type":"Feature","properties":{"en":"Klatovy","fr":"Klatovy"},"geometry":{"type":"Point","coordinates":[13.29508891337,49.395625338265]}},{"type":"Feature","properties":{"en":"Deseronto","fr":"Deseronto"},"geometry":{"type":"Point","coordinates":[-77.05,44.2]}},{"type":"Feature","properties":{"en":"Shimada","fr":"Shimada"},"geometry":{"type":"Point","coordinates":[138.176055555556,34.8362777777778]}},{"type":"Feature","properties":{"en":"Melville","fr":"Melville"},"geometry":{"type":"Point","coordinates":[-102.808,50.9306]}},{"type":"Feature","properties":{"en":"Magrath","fr":"Magrath"},"geometry":{"type":"Point","coordinates":[-112.868,49.4239]}},{"type":"Feature","properties":{"en":"Kawanishi","fr":"Kawanishi"},"geometry":{"type":"Point","coordinates":[135.417277777778,34.8301388888889]}},{"type":"Feature","properties":{"en":"Yasu","fr":"Yasu"},"geometry":{"type":"Point","coordinates":[136.025833333333,35.0674722222222]}},{"type":"Feature","properties":{"en":"Veselí nad Lužnicí","fr":"Veselí nad Lužnicí"},"geometry":{"type":"Point","coordinates":[14.697355580068,49.184368900539]}},{"type":"Feature","properties":{"en":"Port Hope","fr":"Port Hope"},"geometry":{"type":"Point","coordinates":[-78.3875,44.0283333333333]}},{"type":"Feature","properties":{"en":"Soběslav","fr":"Soběslav"},"geometry":{"type":"Point","coordinates":[14.71863867571,49.260006346187]}},{"type":"Feature","properties":{"en":"Bezdružice","fr":"Bezdružice"},"geometry":{"type":"Point","coordinates":[12.97116813512,49.907353061714]}},{"type":"Feature","properties":{"en":"Louny","fr":"Louny"},"geometry":{"type":"Point","coordinates":[13.796762432686,50.357078457688]}},{"type":"Feature","properties":{"en":"Apenburg-Winterfeld","fr":"Apenburg-Winterfeld"},"geometry":{"type":"Point","coordinates":[11.20401,52.73832]}},{"type":"Feature","properties":{"en":"Battleford","fr":"Battleford"},"geometry":{"type":"Point","coordinates":[-108.315277777778,52.7383333333333]}},{"type":"Feature","properties":{"en":"Merenberg","fr":"Merenberg"},"geometry":{"type":"Point","coordinates":[8.18333333333333,50.5166666666667]}},{"type":"Feature","properties":{"en":"Takayama","fr":"Takayama"},"geometry":{"type":"Point","coordinates":[137.252166666667,36.1460277777778]}},{"type":"Feature","properties":{"en":"Tōkai-shi","fr":"Tōkai"},"geometry":{"type":"Point","coordinates":[136.902194444444,35.0230555555556]}},{"type":"Feature","properties":{"en":"North Glengarry","fr":"Glengarry Nord"},"geometry":{"type":"Point","coordinates":[-74.6694444444445,45.3727777777778]}},{"type":"Feature","properties":{"en":"Arao","fr":"Arao"},"geometry":{"type":"Point","coordinates":[130.433194444444,32.9867222222222]}},{"type":"Feature","properties":{"en":"Harpstedt","fr":"Harpstedt"},"geometry":{"type":"Point","coordinates":[8.5833333333333,52.9]}},{"type":"Feature","properties":{"en":"White Rock","fr":"White Rock"},"geometry":{"type":"Point","coordinates":[-122.803,49.0199]}},{"type":"Feature","properties":{"en":"Wellington North","fr":"Wellington North"},"geometry":{"type":"Point","coordinates":[-80.566666666667,43.9]}},{"type":"Feature","properties":{"en":"Sedlčany","fr":"Sedlčany"},"geometry":{"type":"Point","coordinates":[14.426685295646,49.660649523688]}},{"type":"Feature","properties":{"en":"Miličín","fr":"Miličín"},"geometry":{"type":"Point","coordinates":[14.661446397534,49.570761264685]}},{"type":"Feature","properties":{"en":"Eime","fr":"Eime"},"geometry":{"type":"Point","coordinates":[9.72323333333333,52.0746555555556]}},{"type":"Feature","properties":{"en":"Yuzawa","fr":"Yuzawa"},"geometry":{"type":"Point","coordinates":[140.49583333333,39.164444444444]}},{"type":"Feature","properties":{"en":"Buzen","fr":"Buzen"},"geometry":{"type":"Point","coordinates":[131.130194444444,33.6115]}},{"type":"Feature","properties":{"en":"Naka","fr":"Naka"},"geometry":{"type":"Point","coordinates":[140.48675,36.4573888888889]}},{"type":"Feature","properties":{"en":"Chigasaki","fr":"Chigasaki"},"geometry":{"type":"Point","coordinates":[139.404722222222,35.3338611111111]}},{"type":"Feature","properties":{"en":"Hitachi","fr":"Hitachi"},"geometry":{"type":"Point","coordinates":[140.6515,36.5991388888889]}},{"type":"Feature","properties":{"en":"Oga","fr":"Oga"},"geometry":{"type":"Point","coordinates":[139.847555555556,39.88675]}},{"type":"Feature","properties":{"en":"Saijō","fr":"Saijō"},"geometry":{"type":"Point","coordinates":[133.181166666667,33.9195555555556]}},{"type":"Feature","properties":{"en":"Kashiwazaki","fr":"Kashiwazaki"},"geometry":{"type":"Point","coordinates":[138.557861111111,37.3648611111111]}},{"type":"Feature","properties":{"en":"North Frontenac","fr":"North Frontenac"},"geometry":{"type":"Point","coordinates":[-76.908333333333,45.005277777778]}},{"type":"Feature","properties":{"en":"Kameoka","fr":"Kameoka"},"geometry":{"type":"Point","coordinates":[135.573527777778,35.0135277777778]}},{"type":"Feature","properties":{"en":"Fujiidera","fr":"Fujiidera"},"geometry":{"type":"Point","coordinates":[135.597472222222,34.5742222222222]}},{"type":"Feature","properties":{"en":"Kiryū","fr":"Kiryū"},"geometry":{"type":"Point","coordinates":[139.330472222222,36.4053333333333]}},{"type":"Feature","properties":{"en":"Northern Bruce Peninsula","fr":"Northern Bruce Peninsula"},"geometry":{"type":"Point","coordinates":[-81.4069444444444,45.0991666666667]}},{"type":"Feature","properties":{"en":"Ureshino","fr":"Ureshino"},"geometry":{"type":"Point","coordinates":[130.060083333333,33.1280833333333]}},{"type":"Feature","properties":{"en":"Tukums","fr":"Tukums"},"geometry":{"type":"Point","coordinates":[23.153,56.9668888888889]}},{"type":"Feature","properties":{"en":"Bystré","fr":"Bystré"},"geometry":{"type":"Point","coordinates":[16.346828261919,49.628489847858]}},{"type":"Feature","properties":{"en":"Yubari","fr":"Yūbari"},"geometry":{"type":"Point","coordinates":[141.973888888889,43.05675]}},{"type":"Feature","properties":{"en":"Asahi","fr":"Asahi"},"geometry":{"type":"Point","coordinates":[140.648138888889,35.7160555555556]}},{"type":"Feature","properties":{"en":"Inzai","fr":"Inzai"},"geometry":{"type":"Point","coordinates":[140.145722222222,35.8323055555556]}},{"type":"Feature","properties":{"en":"Tōgane-shi","fr":"Tōgane"},"geometry":{"type":"Point","coordinates":[140.366083333333,35.5599444444444]}},{"type":"Feature","properties":{"en":"Kimitsu","fr":"Kimitsu"},"geometry":{"type":"Point","coordinates":[139.902472222222,35.3305277777778]}},{"type":"Feature","properties":{"en":"Yachimata","fr":"Yachimata"},"geometry":{"type":"Point","coordinates":[140.317944444444,35.6658888888889]}},{"type":"Feature","properties":{"en":"Miyakonojo","fr":"Miyakonojō"},"geometry":{"type":"Point","coordinates":[131.061694444444,31.7195]}},{"type":"Feature","properties":{"en":"Hranice","fr":"Hranice"},"geometry":{"type":"Point","coordinates":[17.734723291716,49.547963974257]}},{"type":"Feature","properties":{"en":"Toride","fr":"Toride"},"geometry":{"type":"Point","coordinates":[140.050361111111,35.9115]}},{"type":"Feature","properties":{"en":"Waterloo","fr":"Waterloo"},"geometry":{"type":"Point","coordinates":[-80.516666666667,43.466666666667]}},{"type":"Feature","properties":{"en":"Plánice","fr":"Plánice"},"geometry":{"type":"Point","coordinates":[13.471093541967,49.390028015046]}},{"type":"Feature","properties":{"en":"Le Golfe-du-Saint-Laurent Regional County Municipality","fr":"Le Golfe-du-Saint-Laurent"},"geometry":{"type":"Point","coordinates":[-59.6167,50.4833]}},{"type":"Feature","properties":{"en":"Horažďovice","fr":"Horažďovice"},"geometry":{"type":"Point","coordinates":[13.701031041622,49.320781810531]}},{"type":"Feature","properties":{"en":"Minden Hills","fr":"Minden Hills"},"geometry":{"type":"Point","coordinates":[-78.7333,44.9333]}},{"type":"Feature","properties":{"en":"Kakamigahara","fr":"Kakamigahara"},"geometry":{"type":"Point","coordinates":[136.848416666667,35.3988055555556]}},{"type":"Feature","properties":{"en":"Saint-Tite-des-Caps","fr":"Saint-Tite-des-Caps"},"geometry":{"type":"Point","coordinates":[-70.7667,47.1333]}},{"type":"Feature","properties":{"en":"Lac-du-Taureau","fr":"Lac-du-Taureau"},"geometry":{"type":"Point","coordinates":[-74.65,47.25]}},{"type":"Feature","properties":{"en":"Mutsu","fr":"Mutsu"},"geometry":{"type":"Point","coordinates":[141.183611111111,41.2928333333333]}},{"type":"Feature","properties":{"en":"Kurayoshi","fr":"Kurayoshi"},"geometry":{"type":"Point","coordinates":[133.825527777778,35.4301111111111]}},{"type":"Feature","properties":{"en":"Natori","fr":"Natori"},"geometry":{"type":"Point","coordinates":[140.891805555556,38.1715277777778]}},{"type":"Feature","properties":{"en":"Minamisoma","fr":"Minamisōma"},"geometry":{"type":"Point","coordinates":[140.957305555556,37.6421944444444]}},{"type":"Feature","properties":{"en":"Grande Prairie","fr":"Grande Prairie"},"geometry":{"type":"Point","coordinates":[-118.8,55.166666666667]}},{"type":"Feature","properties":{"en":"Coquitlam","fr":"Coquitlam"},"geometry":{"type":"Point","coordinates":[-122.791944444444,49.2838888888889]}},{"type":"Feature","properties":{"en":"Port Coquitlam","fr":"Port Coquitlam"},"geometry":{"type":"Point","coordinates":[-122.781,49.2625]}},{"type":"Feature","properties":{"en":"Settsu","fr":"Settsu"},"geometry":{"type":"Point","coordinates":[135.561833333333,34.7772777777778]}},{"type":"Feature","properties":{"en":"Shūnan-shi","fr":"Shūnan"},"geometry":{"type":"Point","coordinates":[131.806222222222,34.0550555555556]}},{"type":"Feature","properties":{"en":"Grand Falls","fr":"Grand-Sault"},"geometry":{"type":"Point","coordinates":[-67.7394,47.0344]}},{"type":"Feature","properties":{"en":"Drummond","fr":"Drummond"},"geometry":{"type":"Point","coordinates":[-67.6852,47.0353]}},{"type":"Feature","properties":{"en":"Listuguj","fr":"Listuguj"},"geometry":{"type":"Point","coordinates":[-66.705805555556,48.016]}},{"type":"Feature","properties":{"en":"Saint-Édouard-de-Fabre","fr":"Saint-Édouard-de-Fabre"},"geometry":{"type":"Point","coordinates":[-79.3667,47.2]}},{"type":"Feature","properties":{"en":"Argenteuil","fr":"Argenteuil"},"geometry":{"type":"Point","coordinates":[-74.416666666667,45.683333333333]}},{"type":"Feature","properties":{"en":"Hagenburg","fr":"Hagenburg"},"geometry":{"type":"Point","coordinates":[9.3269444444444,52.433611111111]}},{"type":"Feature","properties":{"en":"Rožmberk nad Vltavou","fr":"Rožmberk nad Vltavou"},"geometry":{"type":"Point","coordinates":[14.365155507636,48.654332189062]}},{"type":"Feature","properties":{"en":"Rájec-Jestřebí","fr":"Rájec-Jestřebí"},"geometry":{"type":"Point","coordinates":[16.639046717886,49.410967423017]}},{"type":"Feature","properties":{"en":"Tateyama","fr":"Tateyama"},"geometry":{"type":"Point","coordinates":[139.869972222222,34.9965833333333]}},{"type":"Feature","properties":{"en":"Tōno-shi","fr":"Tōno"},"geometry":{"type":"Point","coordinates":[141.532888888889,39.3320277777778]}},{"type":"Feature","properties":{"en":"Katagami","fr":"Katagami"},"geometry":{"type":"Point","coordinates":[140.013027777778,39.85725]}},{"type":"Feature","properties":{"en":"Nanto","fr":"Nanto"},"geometry":{"type":"Point","coordinates":[136.875472222222,36.5574444444444]}},{"type":"Feature","properties":{"en":"Towada","fr":"Towada"},"geometry":{"type":"Point","coordinates":[141.205861111111,40.6126944444444]}},{"type":"Feature","properties":{"en":"Asaka","fr":"Asaka"},"geometry":{"type":"Point","coordinates":[139.593888888889,35.7971944444444]}},{"type":"Feature","properties":{"en":"Sodegaura","fr":"Sodegaura"},"geometry":{"type":"Point","coordinates":[139.954416666667,35.43]}},{"type":"Feature","properties":{"en":"Kameyama","fr":"Kameyama"},"geometry":{"type":"Point","coordinates":[136.451611111111,34.8556944444444]}},{"type":"Feature","properties":{"en":"Himi","fr":"Himi"},"geometry":{"type":"Point","coordinates":[136.973,36.8559166666667]}},{"type":"Feature","properties":{"en":"Komatsu","fr":"Komatsu"},"geometry":{"type":"Point","coordinates":[136.445527777778,36.4083333333333]}},{"type":"Feature","properties":{"en":"Sano","fr":"Sano"},"geometry":{"type":"Point","coordinates":[139.5783,36.3144]}},{"type":"Feature","properties":{"en":"Chichibu","fr":"Chichibu"},"geometry":{"type":"Point","coordinates":[139.085472222222,35.9917777777778]}},{"type":"Feature","properties":{"en":"Fujiyoshida","fr":"Fujiyoshida"},"geometry":{"type":"Point","coordinates":[138.80775,35.4875277777778]}},{"type":"Feature","properties":{"en":"Březová","fr":"Březová"},"geometry":{"type":"Point","coordinates":[12.650037711215,50.145690241437]}},{"type":"Feature","properties":{"en":"Iwakura","fr":"Iwakura"},"geometry":{"type":"Point","coordinates":[136.871416666667,35.2794444444444]}},{"type":"Feature","properties":{"en":"Březová nad Svitavou","fr":"Březová nad Svitavou"},"geometry":{"type":"Point","coordinates":[16.51803117301,49.644205814393]}},{"type":"Feature","properties":{"en":"Mitsuke","fr":"Mitsuke"},"geometry":{"type":"Point","coordinates":[138.91275,37.5315833333333]}},{"type":"Feature","properties":{"en":"Bevern","fr":"Bevern"},"geometry":{"type":"Point","coordinates":[9.49611616147644,51.8571555124302]}},{"type":"Feature","properties":{"en":"Sabile","fr":"Sabile"},"geometry":{"type":"Point","coordinates":[22.572777777778,57.045833333333]}},{"type":"Feature","properties":{"en":"Minamiashigara","fr":"Minamiashigara"},"geometry":{"type":"Point","coordinates":[139.099638888889,35.3207222222222]}},{"type":"Feature","properties":{"en":"Letovice","fr":"Letovice"},"geometry":{"type":"Point","coordinates":[16.573608242859,49.547116840883]}},{"type":"Feature","properties":{"en":"Tagajō","fr":"Tagajō"},"geometry":{"type":"Point","coordinates":[141.00425,38.2938333333333]}},{"type":"Feature","properties":{"en":"Atami","fr":"Atami"},"geometry":{"type":"Point","coordinates":[139.071666666667,35.0963055555556]}},{"type":"Feature","properties":{"en":"Higashihiroshima","fr":"Higashihiroshima"},"geometry":{"type":"Point","coordinates":[132.743333333333,34.4263888888889]}},{"type":"Feature","properties":{"en":"Nobeoka","fr":"Nobeoka"},"geometry":{"type":"Point","coordinates":[131.664888888889,32.5822777777778]}},{"type":"Feature","properties":{"en":"Shimoda","fr":"Shimoda"},"geometry":{"type":"Point","coordinates":[138.945305555556,34.6795277777778]}},{"type":"Feature","properties":{"en":"Tsuchiura","fr":"Tsuchiura"},"geometry":{"type":"Point","coordinates":[140.2045,36.0782777777778]}},{"type":"Feature","properties":{"en":"Mishima","fr":"Mishima"},"geometry":{"type":"Point","coordinates":[138.918555555556,35.1185]}},{"type":"Feature","properties":{"en":"Suita","fr":"Suita"},"geometry":{"type":"Point","coordinates":[135.516833333333,34.7594722222222]}},{"type":"Feature","properties":{"en":"Kitaakita","fr":"Kita-Akita"},"geometry":{"type":"Point","coordinates":[140.370722222222,40.2260277777778]}},{"type":"Feature","properties":{"en":"Příbor","fr":"Příbor"},"geometry":{"type":"Point","coordinates":[18.145022037352,49.640926771377]}},{"type":"Feature","properties":{"en":"Furano","fr":"Furano"},"geometry":{"type":"Point","coordinates":[142.383194444444,43.3420277777778]}},{"type":"Feature","properties":{"en":"Sukumo","fr":"Sukumo"},"geometry":{"type":"Point","coordinates":[132.726222222222,32.9390277777778]}},{"type":"Feature","properties":{"en":"Jičín","fr":"Jičín"},"geometry":{"type":"Point","coordinates":[15.3516528,50.4370452]}},{"type":"Feature","properties":{"en":"Gartow","fr":"Gartow"},"geometry":{"type":"Point","coordinates":[11.4575,53.023888888889]}},{"type":"Feature","properties":{"en":"Cambridge Parish","fr":"paroisse de Cambridge"},"geometry":{"type":"Point","coordinates":[-66.0705,45.8226]}},{"type":"Feature","properties":{"en":"Arida","fr":"Arida"},"geometry":{"type":"Point","coordinates":[135.12775,34.0829722222222]}},{"type":"Feature","properties":{"en":"Wako","fr":"Wakō"},"geometry":{"type":"Point","coordinates":[139.605694444444,35.7812222222222]}},{"type":"Feature","properties":{"en":"Nomi","fr":"Nomi"},"geometry":{"type":"Point","coordinates":[136.554083333333,36.447]}},{"type":"Feature","properties":{"en":"Ebstorf","fr":"Ebstorf"},"geometry":{"type":"Point","coordinates":[10.414722222222,53.03]}},{"type":"Feature","properties":{"en":"Salacgrīva","fr":"Salacgrīva"},"geometry":{"type":"Point","coordinates":[24.358611111111,57.749444444444]}},{"type":"Feature","properties":{"en":"Katsuragi","fr":"Katsuragi"},"geometry":{"type":"Point","coordinates":[135.726444444444,34.4892222222222]}},{"type":"Feature","properties":{"en":"Brome","fr":"Brome"},"geometry":{"type":"Point","coordinates":[10.95,52.6]}},{"type":"Feature","properties":{"en":"Fukuyama","fr":"Fukuyama"},"geometry":{"type":"Point","coordinates":[133.362305555556,34.4858611111111]}},{"type":"Feature","properties":{"en":"Velké Bílovice","fr":"Velké Bílovice"},"geometry":{"type":"Point","coordinates":[16.892269350624,48.849310717964]}},{"type":"Feature","properties":{"en":"Stárkov","fr":"Stárkov"},"geometry":{"type":"Point","coordinates":[16.158265894606,50.533957372783]}},{"type":"Feature","properties":{"en":"Blissfield Parish","fr":"paroisse de Blissfield"},"geometry":{"type":"Point","coordinates":[-66.055,46.59]}},{"type":"Feature","properties":{"en":"Aylesbury","fr":"Aylesbury"},"geometry":{"type":"Point","coordinates":[-105.694,50.939]}},{"type":"Feature","properties":{"en":"Uherský Brod","fr":"Uherský Brod"},"geometry":{"type":"Point","coordinates":[17.647153295745,49.025133430958]}},{"type":"Feature","properties":{"en":"Minoh","fr":"Minoh"},"geometry":{"type":"Point","coordinates":[135.470438888889,34.8269416666667]}},{"type":"Feature","properties":{"en":"Chūō-shi","fr":"Chūō"},"geometry":{"type":"Point","coordinates":[138.51725,35.5996111111111]}},{"type":"Feature","properties":{"en":"Numata","fr":"Numata"},"geometry":{"type":"Point","coordinates":[139.042752777778,36.6439277777778]}},{"type":"Feature","properties":{"en":"Steyerberg","fr":"Steyerberg"},"geometry":{"type":"Point","coordinates":[9.0236111111111,52.570277777778]}},{"type":"Feature","properties":{"en":"Clanwilliam","fr":"Clanwilliam"},"geometry":{"type":"Point","coordinates":[-99.75,50.5]}},{"type":"Feature","properties":{"en":"Hradec nad Moravicí","fr":"Hradec nad Moravicí"},"geometry":{"type":"Point","coordinates":[17.875865633487,49.871004700938]}},{"type":"Feature","properties":{"en":"Pyšely","fr":"Pyšely"},"geometry":{"type":"Point","coordinates":[14.677191592408,49.876851933231]}},{"type":"Feature","properties":{"en":"Frenštát pod Radhoštěm","fr":"Frenštát pod Radhoštěm"},"geometry":{"type":"Point","coordinates":[18.210809609836,49.548334550378]}},{"type":"Feature","properties":{"en":"Eeyou Istchee","fr":"Eeyou Istchee"},"geometry":{"type":"Point","coordinates":[-76.0,52.0]}},{"type":"Feature","properties":{"en":"Kings County","fr":"comté de Kings"},"geometry":{"type":"Point","coordinates":[-64.6,45.0]}},{"type":"Feature","properties":{"en":"Warabi","fr":"Warabi"},"geometry":{"type":"Point","coordinates":[139.679722222222,35.8255555555556]}},{"type":"Feature","properties":{"en":"La Pêche","fr":"La Pêche"},"geometry":{"type":"Point","coordinates":[-75.9833,45.6833]}},{"type":"Feature","properties":{"en":"Rottenmann","fr":"Rottenmann"},"geometry":{"type":"Point","coordinates":[14.355833333333,47.526666666667]}},{"type":"Feature","properties":{"en":"Girouxville","fr":"Girouxville"},"geometry":{"type":"Point","coordinates":[-117.339,55.7539]}},{"type":"Feature","properties":{"en":"Wemotaci","fr":"Wemotaci"},"geometry":{"type":"Point","coordinates":[-73.7841666666667,47.905]}},{"type":"Feature","properties":{"en":"La Motte","fr":"La Motte"},"geometry":{"type":"Point","coordinates":[-78.1167,48.3333]}},{"type":"Feature","properties":{"en":"Svoboda nad Úpou","fr":"Svoboda nad Úpou"},"geometry":{"type":"Point","coordinates":[15.816580645031,50.626003707513]}},{"type":"Feature","properties":{"en":"Stukely-Sud","fr":"Stukely-Sud"},"geometry":{"type":"Point","coordinates":[-72.4167,45.3167]}},{"type":"Feature","properties":{"en":"Casselman","fr":"Casselman"},"geometry":{"type":"Point","coordinates":[-75.0858333333333,45.3113888888889]}},{"type":"Feature","properties":{"en":"Uničov","fr":"Uničov"},"geometry":{"type":"Point","coordinates":[17.121482256516,49.770928637031]}},{"type":"Feature","properties":{"en":"Mikulov","fr":"Mikulov"},"geometry":{"type":"Point","coordinates":[16.637789181722,48.805586996193]}},{"type":"Feature","properties":{"en":"Poděbrady","fr":"Poděbrady"},"geometry":{"type":"Point","coordinates":[15.118884780406,50.142477809038]}},{"type":"Feature","properties":{"en":"Ogori","fr":"Ogōri"},"geometry":{"type":"Point","coordinates":[130.555555555556,33.3963888888889]}},{"type":"Feature","properties":{"en":"Sainte-Sophie","fr":"Sainte-Sophie"},"geometry":{"type":"Point","coordinates":[-73.9,45.816666666667]}},{"type":"Feature","properties":{"en":"Kashima","fr":"Kashima"},"geometry":{"type":"Point","coordinates":[130.098583333333,33.1038333333333]}},{"type":"Feature","properties":{"en":"Nihonmatsu","fr":"Nihonmatsu"},"geometry":{"type":"Point","coordinates":[140.431166666667,37.5848611111111]}},{"type":"Feature","properties":{"en":"Perth East","fr":"Perth East"},"geometry":{"type":"Point","coordinates":[-80.95,43.466666666667]}},{"type":"Feature","properties":{"en":"Fuchū-shi","fr":"Fuchū"},"geometry":{"type":"Point","coordinates":[133.236361111111,34.5683055555556]}},{"type":"Feature","properties":{"en":"Armiansk","fr":"Armiansk"},"geometry":{"type":"Point","coordinates":[33.693333333333,46.107222222222]}},{"type":"Feature","properties":{"en":"Saint-Évariste-de-Forsyth","fr":"Saint-Évariste-de-Forsyth"},"geometry":{"type":"Point","coordinates":[-70.95,45.9333]}},{"type":"Feature","properties":{"en":"Audet","fr":"Audet"},"geometry":{"type":"Point","coordinates":[-70.7333,45.65]}},{"type":"Feature","properties":{"en":"Hanušovice","fr":"Hanušovice"},"geometry":{"type":"Point","coordinates":[16.936473689155,50.080502172329]}},{"type":"Feature","properties":{"en":"Setouchi","fr":"Setouchi"},"geometry":{"type":"Point","coordinates":[134.092805555556,34.6648888888889]}},{"type":"Feature","properties":{"en":"Saint-Gilles","fr":"Saint-Gilles"},"geometry":{"type":"Point","coordinates":[-71.3667,46.5167]}},{"type":"Feature","properties":{"en":"Monbetsu","fr":"Monbetsu"},"geometry":{"type":"Point","coordinates":[143.354416666667,44.3564444444444]}},{"type":"Feature","properties":{"en":"Tomisato","fr":"Tomisato"},"geometry":{"type":"Point","coordinates":[140.342944444444,35.72675]}},{"type":"Feature","properties":{"en":"Date","fr":"Date"},"geometry":{"type":"Point","coordinates":[140.864694444444,42.4718888888889]}},{"type":"Feature","properties":{"en":"Ishikari","fr":"Ishikari"},"geometry":{"type":"Point","coordinates":[141.3155,43.1713611111111]}},{"type":"Feature","properties":{"en":"Chitose","fr":"Chitose"},"geometry":{"type":"Point","coordinates":[141.650888888889,42.8209722222222]}},{"type":"Feature","properties":{"en":"Iwamizawa","fr":"Iwamizawa"},"geometry":{"type":"Point","coordinates":[141.775888888889,43.1961666666667]}},{"type":"Feature","properties":{"en":"Moriguchi","fr":"Moriguchi"},"geometry":{"type":"Point","coordinates":[135.561722222222,34.7357777777778]}},{"type":"Feature","properties":{"en":"Habikino","fr":"Habikino"},"geometry":{"type":"Point","coordinates":[135.606305555556,34.5579166666667]}},{"type":"Feature","properties":{"en":"Uruma","fr":"Uruma"},"geometry":{"type":"Point","coordinates":[127.857416666667,26.3791666666667]}},{"type":"Feature","properties":{"en":"Chōshi","fr":"Chōshi"},"geometry":{"type":"Point","coordinates":[140.826777777778,35.7346388888889]}},{"type":"Feature","properties":{"en":"Chikusei","fr":"Chikusei"},"geometry":{"type":"Point","coordinates":[139.983138888889,36.3070833333333]}},{"type":"Feature","properties":{"en":"Ayabe","fr":"Ayabe"},"geometry":{"type":"Point","coordinates":[135.258805555556,35.2988611111111]}},{"type":"Feature","properties":{"en":"Owariasahi","fr":"Owariasahi"},"geometry":{"type":"Point","coordinates":[137.035361111111,35.2165277777778]}},{"type":"Feature","properties":{"en":"Shinshiro","fr":"Shinshiro"},"geometry":{"type":"Point","coordinates":[137.497722222222,34.8989444444444]}},{"type":"Feature","properties":{"en":"Gamagori","fr":"Gamagōri"},"geometry":{"type":"Point","coordinates":[137.219583333333,34.8263888888889]}},{"type":"Feature","properties":{"en":"Guelph/Eramosa","fr":"Guelph/Eramosa"},"geometry":{"type":"Point","coordinates":[-80.216666666667,43.633333333333]}},{"type":"Feature","properties":{"en":"Nanao","fr":"Nanao"},"geometry":{"type":"Point","coordinates":[136.967444444444,37.0431388888889]}},{"type":"Feature","properties":{"en":"Urasoe","fr":"Urasoe"},"geometry":{"type":"Point","coordinates":[127.721861111111,26.2456944444444]}},{"type":"Feature","properties":{"en":"Ninohe","fr":"Ninohe"},"geometry":{"type":"Point","coordinates":[141.304777777778,40.27125]}},{"type":"Feature","properties":{"en":"Kuji","fr":"Kuji"},"geometry":{"type":"Point","coordinates":[141.775666666667,40.1904722222222]}},{"type":"Feature","properties":{"en":"Kitakami","fr":"Kitakami"},"geometry":{"type":"Point","coordinates":[141.113222222222,39.28675]}},{"type":"Feature","properties":{"en":"Daisen","fr":"Daisen"},"geometry":{"type":"Point","coordinates":[140.475444444444,39.4530555555556]}},{"type":"Feature","properties":{"en":"Yaita","fr":"Yaita"},"geometry":{"type":"Point","coordinates":[139.924111111111,36.8067222222222]}},{"type":"Feature","properties":{"en":"Hirakawa","fr":"Hirakawa"},"geometry":{"type":"Point","coordinates":[140.5665,40.5840833333333]}},{"type":"Feature","properties":{"en":"Toyooka","fr":"Toyooka"},"geometry":{"type":"Point","coordinates":[134.820194444444,35.5445]}},{"type":"Feature","properties":{"en":"Sakura","fr":"Sakura"},"geometry":{"type":"Point","coordinates":[139.966416666667,36.6852777777778]}},{"type":"Feature","properties":{"en":"Tome","fr":"Tome"},"geometry":{"type":"Point","coordinates":[141.18775,38.6918333333333]}},{"type":"Feature","properties":{"en":"Hakusan","fr":"Hakusan"},"geometry":{"type":"Point","coordinates":[136.565583333333,36.5144166666667]}},{"type":"Feature","properties":{"en":"Izumi","fr":"Izumi"},"geometry":{"type":"Point","coordinates":[135.423583333333,34.4835833333333]}},{"type":"Feature","properties":{"en":"Katsuura","fr":"Katsuura"},"geometry":{"type":"Point","coordinates":[140.320833333333,35.1521944444444]}},{"type":"Feature","properties":{"en":"Kakuda","fr":"Kakuda"},"geometry":{"type":"Point","coordinates":[140.782055555556,37.9770277777778]}},{"type":"Feature","properties":{"en":"Sōma-shi","fr":"Sōma"},"geometry":{"type":"Point","coordinates":[140.919638888889,37.7966666666667]}},{"type":"Feature","properties":{"en":"Kashiba","fr":"Kashiba"},"geometry":{"type":"Point","coordinates":[135.699027777778,34.5412777777778]}},{"type":"Feature","properties":{"en":"Onomichi","fr":"Onomichi"},"geometry":{"type":"Point","coordinates":[133.205444444444,34.4091111111111]}},{"type":"Feature","properties":{"en":"Hitachinaka","fr":"Hitachinaka"},"geometry":{"type":"Point","coordinates":[140.534666666667,36.3966944444444]}},{"type":"Feature","properties":{"en":"Nisshin","fr":"Nisshin"},"geometry":{"type":"Point","coordinates":[137.039444444444,35.1319722222222]}},{"type":"Feature","properties":{"en":"Yaizu","fr":"Yaizu"},"geometry":{"type":"Point","coordinates":[138.32325,34.8668888888889]}},{"type":"Feature","properties":{"en":"Izu","fr":"Izu"},"geometry":{"type":"Point","coordinates":[138.946805555556,34.9765277777778]}},{"type":"Feature","properties":{"en":"Iruma","fr":"Iruma"},"geometry":{"type":"Point","coordinates":[139.391138888889,35.8358055555556]}},{"type":"Feature","properties":{"en":"Kinokawa","fr":"Kinokawa"},"geometry":{"type":"Point","coordinates":[135.362777777778,34.2697222222222]}},{"type":"Feature","properties":{"en":"Velké Meziříčí","fr":"Velké Meziříčí"},"geometry":{"type":"Point","coordinates":[16.01226875669,49.355258131562]}},{"type":"Feature","properties":{"en":"Kašperské Hory","fr":"Kašperské Hory"},"geometry":{"type":"Point","coordinates":[13.5561805723,49.142991503322]}},{"type":"Feature","properties":{"en":"Hrádek nad Nisou","fr":"Hrádek nad Nisou"},"geometry":{"type":"Point","coordinates":[14.844661931528,50.85285295319]}},{"type":"Feature","properties":{"en":"Bergen an der Dumme","fr":"Bergen an der Dumme"},"geometry":{"type":"Point","coordinates":[10.966666666667,52.883333333333]}},{"type":"Feature","properties":{"en":"Clenze","fr":"Clenze"},"geometry":{"type":"Point","coordinates":[10.955833333333,52.935833333333]}},{"type":"Feature","properties":{"en":"Arthabaska","fr":"Arthabaska"},"geometry":{"type":"Point","coordinates":[-72.0833,45.9167]}},{"type":"Feature","properties":{"en":"Rumoi","fr":"Rumoi"},"geometry":{"type":"Point","coordinates":[141.637027777778,43.9409722222222]}},{"type":"Feature","properties":{"en":"Sachs Harbour","fr":"Sachs Harbour"},"geometry":{"type":"Point","coordinates":[-125.248,71.9856]}},{"type":"Feature","properties":{"en":"Asago","fr":"Asago"},"geometry":{"type":"Point","coordinates":[134.853083333333,35.3398333333333]}},{"type":"Feature","properties":{"en":"Asakura","fr":"Asakura"},"geometry":{"type":"Point","coordinates":[130.665527777778,33.4234166666667]}},{"type":"Feature","properties":{"en":"Ito","fr":"Itō"},"geometry":{"type":"Point","coordinates":[139.101861111111,34.9657222222222]}},{"type":"Feature","properties":{"en":"Litomyšl","fr":"Litomyšl"},"geometry":{"type":"Point","coordinates":[16.310576465877,49.872064383156]}},{"type":"Feature","properties":{"en":"Ashibetsu","fr":"Ashibetsu"},"geometry":{"type":"Point","coordinates":[142.189611111111,43.5182222222222]}},{"type":"Feature","properties":{"en":"Ashiya","fr":"Ashiya"},"geometry":{"type":"Point","coordinates":[135.304111111111,34.727]}},{"type":"Feature","properties":{"en":"Kikugawa","fr":"Kikugawa"},"geometry":{"type":"Point","coordinates":[138.084777777778,34.75775]}},{"type":"Feature","properties":{"en":"Sokolov","fr":"Sokolov"},"geometry":{"type":"Point","coordinates":[12.640181474439,50.181415762132]}},{"type":"Feature","properties":{"en":"Esterhazy","fr":"Esterhazy"},"geometry":{"type":"Point","coordinates":[-102.071111111111,50.6530555555556]}},{"type":"Feature","properties":{"en":"Dazaifu","fr":"Dazaifu"},"geometry":{"type":"Point","coordinates":[130.52375,33.5128611111111]}},{"type":"Feature","properties":{"en":"Trent Lakes","fr":"Trent Lakes"},"geometry":{"type":"Point","coordinates":[-78.4319444444444,44.6847222222222]}},{"type":"Feature","properties":{"en":"Vysoké Veselí","fr":"Vysoké Veselí"},"geometry":{"type":"Point","coordinates":[15.436397374455,50.3310072226]}},{"type":"Feature","properties":{"en":"Oka","fr":"Oka"},"geometry":{"type":"Point","coordinates":[-74.083333333333,45.466666666667]}},{"type":"Feature","properties":{"en":"Hornepayne","fr":"Hornepayne"},"geometry":{"type":"Point","coordinates":[-84.7833,49.2167]}},{"type":"Feature","properties":{"en":"Peterborough County","fr":"comté de Peterborough"},"geometry":{"type":"Point","coordinates":[-78.166666666667,44.5]}},{"type":"Feature","properties":{"en":"Sainte-Cécile-de-Milton","fr":"Sainte-Cécile-de-Milton"},"geometry":{"type":"Point","coordinates":[-72.75,45.4833]}},{"type":"Feature","properties":{"en":"Dudswell","fr":"Dudswell"},"geometry":{"type":"Point","coordinates":[-71.5833,45.5833]}},{"type":"Feature","properties":{"en":"Aso","fr":"Aso"},"geometry":{"type":"Point","coordinates":[131.121277777778,32.9520555555556]}},{"type":"Feature","properties":{"en":"Eniwa","fr":"Eniwa"},"geometry":{"type":"Point","coordinates":[141.57777777778,42.882555555556]}},{"type":"Feature","properties":{"en":"Oyabe","fr":"Oyabe"},"geometry":{"type":"Point","coordinates":[136.868694444444,36.6755277777778]}},{"type":"Feature","properties":{"en":"Yonezawa","fr":"Yonezawa"},"geometry":{"type":"Point","coordinates":[140.116666666667,37.9222222222222]}},{"type":"Feature","properties":{"en":"Ebina","fr":"Ebina"},"geometry":{"type":"Point","coordinates":[139.390805555556,35.4464166666667]}},{"type":"Feature","properties":{"en":"Tamura","fr":"Tamura"},"geometry":{"type":"Point","coordinates":[140.57625,37.4406388888889]}},{"type":"Feature","properties":{"en":"Tsuruoka","fr":"Tsuruoka"},"geometry":{"type":"Point","coordinates":[139.826666666667,38.7272222222222]}},{"type":"Feature","properties":{"en":"Fujieda","fr":"Fujieda"},"geometry":{"type":"Point","coordinates":[138.257722222222,34.8674166666667]}},{"type":"Feature","properties":{"en":"Sōka-shi","fr":"Sōka"},"geometry":{"type":"Point","coordinates":[139.805333333333,35.8253888888889]}},{"type":"Feature","properties":{"en":"Yatsushiro","fr":"Yatsushiro"},"geometry":{"type":"Point","coordinates":[130.601722222222,32.5075555555556]}},{"type":"Feature","properties":{"en":"Isehara","fr":"Isehara"},"geometry":{"type":"Point","coordinates":[139.314972222222,35.4029444444444]}},{"type":"Feature","properties":{"en":"Fukaya","fr":"Fukaya"},"geometry":{"type":"Point","coordinates":[139.2815,36.1974722222222]}},{"type":"Feature","properties":{"en":"Konosu","fr":"Kōnosu"},"geometry":{"type":"Point","coordinates":[139.522194444444,36.0658888888889]}},{"type":"Feature","properties":{"en":"Gotemba","fr":"Gotenba"},"geometry":{"type":"Point","coordinates":[138.934611111111,35.3086944444444]}},{"type":"Feature","properties":{"en":"Hatsukaichi","fr":"Hatsukaichi"},"geometry":{"type":"Point","coordinates":[132.331583333333,34.3482222222222]}},{"type":"Feature","properties":{"en":"Bar","fr":"Bar"},"geometry":{"type":"Point","coordinates":[27.683055555556,49.078055555556]}},{"type":"Feature","properties":{"en":"Karatsu","fr":"Karatsu"},"geometry":{"type":"Point","coordinates":[129.96825,33.4500833333333]}},{"type":"Feature","properties":{"en":"Frontenac County","fr":"comté de Frontenac"},"geometry":{"type":"Point","coordinates":[-76.7,44.666666666667]}},{"type":"Feature","properties":{"en":"Horní Cerekev","fr":"Horní Cerekev"},"geometry":{"type":"Point","coordinates":[15.327716436736,49.320316855624]}},{"type":"Feature","properties":{"en":"Kishiwada","fr":"Kishiwada"},"geometry":{"type":"Point","coordinates":[135.370916666667,34.4605277777778]}},{"type":"Feature","properties":{"en":"Stratford","fr":"Stratford"},"geometry":{"type":"Point","coordinates":[-80.966666666667,43.366666666667]}},{"type":"Feature","properties":{"en":"Alberton","fr":"Alberton"},"geometry":{"type":"Point","coordinates":[-64.0667,46.8167]}},{"type":"Feature","properties":{"en":"Česká Lípa","fr":"Česká Lípa"},"geometry":{"type":"Point","coordinates":[14.53774710235,50.68558429129]}},{"type":"Feature","properties":{"en":"Fulnek","fr":"Fulnek"},"geometry":{"type":"Point","coordinates":[17.903232874658,49.712371239231]}},{"type":"Feature","properties":{"en":"Sedlice","fr":"Sedlice"},"geometry":{"type":"Point","coordinates":[13.938986162036,49.377240987867]}},{"type":"Feature","properties":{"en":"Shijōnawate-shi","fr":"Shijōnawate"},"geometry":{"type":"Point","coordinates":[135.639527777778,34.7399166666667]}},{"type":"Feature","properties":{"en":"Henryville","fr":"Henryville"},"geometry":{"type":"Point","coordinates":[-73.1833,45.1333]}},{"type":"Feature","properties":{"en":"Solnice","fr":"Solnice"},"geometry":{"type":"Point","coordinates":[16.237690885514,50.203689823075]}},{"type":"Feature","properties":{"en":"Churchill","fr":"Churchill"},"geometry":{"type":"Point","coordinates":[-94.1692,58.7692]}},{"type":"Feature","properties":{"en":"Hradčany","fr":"Hradčany"},"geometry":{"type":"Point","coordinates":[14.397222222222,50.089444444444]}},{"type":"Feature","properties":{"en":"Sucha Beskidzka","fr":"Sucha Beskidzka"},"geometry":{"type":"Point","coordinates":[19.588611111111,49.740277777778]}},{"type":"Feature","properties":{"en":"Lom","fr":"Lom"},"geometry":{"type":"Point","coordinates":[13.657390363555,50.59336916511]}},{"type":"Feature","properties":{"en":"Ruisseau-Ferguson","fr":"Ruisseau-Ferguson"},"geometry":{"type":"Point","coordinates":[-67.5,48.0833]}},{"type":"Feature","properties":{"en":"Pacov","fr":"Pacov"},"geometry":{"type":"Point","coordinates":[15.001713769033,49.470826885963]}},{"type":"Feature","properties":{"en":"Tsuru","fr":"Tsuru"},"geometry":{"type":"Point","coordinates":[138.905444444444,35.5515277777778]}},{"type":"Feature","properties":{"en":"Hanna","fr":"Hanna"},"geometry":{"type":"Point","coordinates":[-111.941944444444,51.6383333333333]}},{"type":"Feature","properties":{"en":"L'Assomption","fr":"L'Assomption"},"geometry":{"type":"Point","coordinates":[-73.4333,45.8]}},{"type":"Feature","properties":{"en":"Otter Lake","fr":"Otter Lake"},"geometry":{"type":"Point","coordinates":[-76.4333,45.85]}},{"type":"Feature","properties":{"en":"Mine","fr":"Mine"},"geometry":{"type":"Point","coordinates":[131.205666666667,34.1666666666667]}},{"type":"Feature","properties":{"en":"Strakonice","fr":"Strakonice"},"geometry":{"type":"Point","coordinates":[13.902396874574,49.261497897079]}},{"type":"Feature","properties":{"en":"Kakogawa","fr":"Kakogawa"},"geometry":{"type":"Point","coordinates":[134.841277777778,34.7569166666667]}},{"type":"Feature","properties":{"en":"Maizuru","fr":"Maizuru"},"geometry":{"type":"Point","coordinates":[135.385972222222,35.47475]}},{"type":"Feature","properties":{"en":"Shirakawa","fr":"Shirakawa"},"geometry":{"type":"Point","coordinates":[140.210916666667,37.1263055555556]}},{"type":"Feature","properties":{"en":"Susaki","fr":"Susaki"},"geometry":{"type":"Point","coordinates":[133.282916666667,33.4007222222222]}},{"type":"Feature","properties":{"en":"Ikšķile","fr":"Ikšķile"},"geometry":{"type":"Point","coordinates":[24.496388888889,56.836666666667]}},{"type":"Feature","properties":{"en":"Masuda","fr":"Masuda"},"geometry":{"type":"Point","coordinates":[131.842833333333,34.67475]}},{"type":"Feature","properties":{"en":"Kurobe","fr":"Kurobe"},"geometry":{"type":"Point","coordinates":[137.44775,36.8714444444444]}},{"type":"Feature","properties":{"en":"Athabasca","fr":"Athabasca"},"geometry":{"type":"Point","coordinates":[-113.285555555556,54.7197222222222]}},{"type":"Feature","properties":{"en":"Svitavy","fr":"Svitavy"},"geometry":{"type":"Point","coordinates":[16.468338539525,49.755965917692]}},{"type":"Feature","properties":{"en":"Františkovy Lázně","fr":"Františkovy Lázně"},"geometry":{"type":"Point","coordinates":[12.35181521379,50.120455065226]}},{"type":"Feature","properties":{"en":"Baloži","fr":"Baloži"},"geometry":{"type":"Point","coordinates":[24.119444444444,56.875]}},{"type":"Feature","properties":{"en":"Grobiņa","fr":"Grobiņa"},"geometry":{"type":"Point","coordinates":[21.1675,56.5375]}},{"type":"Feature","properties":{"en":"Moravský Krumlov","fr":"Moravský Krumlov"},"geometry":{"type":"Point","coordinates":[16.311702605794,49.048965931678]}},{"type":"Feature","properties":{"en":"Miroslav","fr":"Miroslav"},"geometry":{"type":"Point","coordinates":[16.312524080033,48.947705087648]}},{"type":"Feature","properties":{"en":"Sept-Rivières Regional County Municipality","fr":"Sept-Rivières"},"geometry":{"type":"Point","coordinates":[-66.616666666667,50.133333333333]}},{"type":"Feature","properties":{"en":"McCreary","fr":"McCreary"},"geometry":{"type":"Point","coordinates":[-99.3333,50.75]}},{"type":"Feature","properties":{"en":"Borohrádek","fr":"Borohrádek"},"geometry":{"type":"Point","coordinates":[16.093327372427,50.097808676246]}},{"type":"Feature","properties":{"en":"Hachimantai","fr":"Hachimantai"},"geometry":{"type":"Point","coordinates":[141.071638888889,39.9563888888889]}},{"type":"Feature","properties":{"en":"Milovice","fr":"Milovice"},"geometry":{"type":"Point","coordinates":[14.888710216255,50.226024627414]}},{"type":"Feature","properties":{"en":"Shibetsu","fr":"Shibetsu"},"geometry":{"type":"Point","coordinates":[142.400083333333,44.1786111111111]}},{"type":"Feature","properties":{"en":"Koga","fr":"Koga"},"geometry":{"type":"Point","coordinates":[130.47,33.72875]}},{"type":"Feature","properties":{"en":"Kaminoyama","fr":"Kaminoyama"},"geometry":{"type":"Point","coordinates":[140.267861111111,38.1495833333333]}},{"type":"Feature","properties":{"en":"Frampton","fr":"Frampton"},"geometry":{"type":"Point","coordinates":[-70.8,46.4667]}},{"type":"Feature","properties":{"en":"Val-Brillant","fr":"Val-Brillant"},"geometry":{"type":"Point","coordinates":[-67.55,48.5333333333333]}},{"type":"Feature","properties":{"en":"Kasumigaura","fr":"Kasumigaura"},"geometry":{"type":"Point","coordinates":[140.237111111111,36.15175]}},{"type":"Feature","properties":{"en":"Bassano","fr":"Bassano"},"geometry":{"type":"Point","coordinates":[-112.467,50.7833]}},{"type":"Feature","properties":{"en":"Yamagata","fr":"Yamagata"},"geometry":{"type":"Point","coordinates":[136.781361111111,35.5061111111111]}},{"type":"Feature","properties":{"en":"Třeboň","fr":"Třeboň"},"geometry":{"type":"Point","coordinates":[14.770659141428,49.003709466138]}},{"type":"Feature","properties":{"en":"Les Pays-d'en-Haut","fr":"Les Pays-d'en-Haut"},"geometry":{"type":"Point","coordinates":[-74.133333333333,45.95]}},{"type":"Feature","properties":{"en":"Neville","fr":"Neville"},"geometry":{"type":"Point","coordinates":[-107.673,49.971]}},{"type":"Feature","properties":{"en":"Matsubara","fr":"Matsubara"},"geometry":{"type":"Point","coordinates":[135.551861111111,34.5778611111111]}},{"type":"Feature","properties":{"en":"Camrose","fr":"Camrose"},"geometry":{"type":"Point","coordinates":[-112.824166666667,53.0247222222222]}},{"type":"Feature","properties":{"en":"Plesná","fr":"Plesná"},"geometry":{"type":"Point","coordinates":[12.346772975025,50.22082572875]}},{"type":"Feature","properties":{"en":"Bystřice","fr":"Bystřice"},"geometry":{"type":"Point","coordinates":[14.667451342381,49.732203439291]}},{"type":"Feature","properties":{"en":"Port Moody","fr":"Port Moody"},"geometry":{"type":"Point","coordinates":[-122.832,49.2831]}},{"type":"Feature","properties":{"en":"Bučovice","fr":"Bučovice"},"geometry":{"type":"Point","coordinates":[17.001917706954,49.148973571179]}},{"type":"Feature","properties":{"en":"Saint-Prosper","fr":"Saint-Prosper"},"geometry":{"type":"Point","coordinates":[-70.4833333333333,46.2166666666667]}},{"type":"Feature","properties":{"en":"Peterborough","fr":"Peterborough"},"geometry":{"type":"Point","coordinates":[-78.316666666667,44.3]}},{"type":"Feature","properties":{"en":"Votice","fr":"Votice"},"geometry":{"type":"Point","coordinates":[14.63813032544,49.640199066405]}},{"type":"Feature","properties":{"en":"Mizuho","fr":"Mizuho"},"geometry":{"type":"Point","coordinates":[136.690861111111,35.3918055555556]}},{"type":"Feature","properties":{"en":"Valtice","fr":"Valtice"},"geometry":{"type":"Point","coordinates":[16.754980660173,48.740717231543]}},{"type":"Feature","properties":{"en":"Uki","fr":"Uki"},"geometry":{"type":"Point","coordinates":[130.684277777778,32.6477777777778]}},{"type":"Feature","properties":{"en":"Sussex Corner","fr":"Sussex Corner"},"geometry":{"type":"Point","coordinates":[-65.4719,45.7122]}},{"type":"Feature","properties":{"en":"Longue-Rive","fr":"Longue-Rive"},"geometry":{"type":"Point","coordinates":[-69.25,48.55]}},{"type":"Feature","properties":{"en":"Lac-des-Seize-Îles","fr":"Lac-des-Seize-Îles"},"geometry":{"type":"Point","coordinates":[-74.4667,45.9]}},{"type":"Feature","properties":{"en":"Sainte-Victoire-de-Sorel","fr":"Sainte-Victoire-de-Sorel"},"geometry":{"type":"Point","coordinates":[-73.0833,45.95]}},{"type":"Feature","properties":{"en":"Hroznětín","fr":"Hroznětín"},"geometry":{"type":"Point","coordinates":[12.871887611135,50.309509352288]}},{"type":"Feature","properties":{"en":"Saint-Denis-sur-Richelieu","fr":"Saint-Denis-sur-Richelieu"},"geometry":{"type":"Point","coordinates":[-73.15,45.7833]}},{"type":"Feature","properties":{"en":"Baldone","fr":"Baldone"},"geometry":{"type":"Point","coordinates":[24.390833333333,56.7425]}},{"type":"Feature","properties":{"en":"Bavorov","fr":"Bavorov"},"geometry":{"type":"Point","coordinates":[14.078943841876,49.121931975598]}},{"type":"Feature","properties":{"en":"Awa","fr":"Awa"},"geometry":{"type":"Point","coordinates":[134.297444444444,34.1021388888889]}},{"type":"Feature","properties":{"en":"Ayase","fr":"Ayase"},"geometry":{"type":"Point","coordinates":[139.426138888889,35.4371388888889]}},{"type":"Feature","properties":{"en":"Blatná","fr":"Blatná"},"geometry":{"type":"Point","coordinates":[13.881793989077,49.424977027305]}},{"type":"Feature","properties":{"en":"Bakov nad Jizerou","fr":"Bakov nad Jizerou"},"geometry":{"type":"Point","coordinates":[14.941580683763,50.48236715403]}},{"type":"Feature","properties":{"en":"Balzac","fr":"Balzac"},"geometry":{"type":"Point","coordinates":[-114.008,51.213]}},{"type":"Feature","properties":{"en":"Barnwell","fr":"Barnwell"},"geometry":{"type":"Point","coordinates":[-112.262,49.7603]}},{"type":"Feature","properties":{"en":"Barrhead","fr":"Barrhead"},"geometry":{"type":"Point","coordinates":[-114.4,54.116667]}},{"type":"Feature","properties":{"en":"Municipality of the District of Barrington","fr":"Barrington"},"geometry":{"type":"Point","coordinates":[-65.56386389,43.5646]}},{"type":"Feature","properties":{"en":"Bashaw","fr":"Bashaw"},"geometry":{"type":"Point","coordinates":[-112.97138888889,52.583333333333]}},{"type":"Feature","properties":{"en":"Bawlf","fr":"Bawlf"},"geometry":{"type":"Point","coordinates":[-112.466,52.9175]}},{"type":"Feature","properties":{"en":"Beauce-Sartigan","fr":"Beauce-Sartigan"},"geometry":{"type":"Point","coordinates":[-70.65,45.9667]}},{"type":"Feature","properties":{"en":"Beauharnois-Salaberry","fr":"Beauharnois-Salaberry"},"geometry":{"type":"Point","coordinates":[-73.933333333333,45.316666666667]}},{"type":"Feature","properties":{"en":"Beaverlodge","fr":"Beaverlodge"},"geometry":{"type":"Point","coordinates":[-119.429,55.2094]}},{"type":"Feature","properties":{"en":"Beiseker","fr":"Beiseker"},"geometry":{"type":"Point","coordinates":[-113.533,51.387]}},{"type":"Feature","properties":{"en":"Týn nad Vltavou","fr":"Týn nad Vltavou"},"geometry":{"type":"Point","coordinates":[14.420589996012,49.223475602317]}},{"type":"Feature","properties":{"en":"Bellechasse","fr":"Bellechasse"},"geometry":{"type":"Point","coordinates":[-70.7167,46.7333]}},{"type":"Feature","properties":{"en":"Kyotanabe","fr":"Kyōtanabe"},"geometry":{"type":"Point","coordinates":[135.767694444444,34.8144444444444]}},{"type":"Feature","properties":{"en":"Takahama","fr":"Takahama"},"geometry":{"type":"Point","coordinates":[136.987694444444,34.9276111111111]}},{"type":"Feature","properties":{"en":"Tsushima","fr":"Tsushima"},"geometry":{"type":"Point","coordinates":[136.741277777778,35.1770555555556]}},{"type":"Feature","properties":{"en":"Benešov nad Ploučnicí","fr":"Benešov nad Ploučnicí"},"geometry":{"type":"Point","coordinates":[14.312497327553,50.741663932519]}},{"type":"Feature","properties":{"en":"Fukagawa","fr":"Fukagawa"},"geometry":{"type":"Point","coordinates":[142.053583333333,43.72325]}},{"type":"Feature","properties":{"en":"Bibai","fr":"Bibai"},"geometry":{"type":"Point","coordinates":[141.853777777778,43.3329444444444]}},{"type":"Feature","properties":{"en":"Sanjō","fr":"Sanjō"},"geometry":{"type":"Point","coordinates":[138.961666666667,37.6367777777778]}},{"type":"Feature","properties":{"en":"Jōyō-shi","fr":"Jōyō"},"geometry":{"type":"Point","coordinates":[135.780027777778,34.8529444444444]}},{"type":"Feature","properties":{"en":"Kitahiroshima","fr":"Kitahiroshima"},"geometry":{"type":"Point","coordinates":[141.563083333333,42.9855]}},{"type":"Feature","properties":{"en":"Toyoake","fr":"Toyoake"},"geometry":{"type":"Point","coordinates":[137.012833333333,35.0536388888889]}},{"type":"Feature","properties":{"en":"Ikeda","fr":"Ikeda"},"geometry":{"type":"Point","coordinates":[135.428527777778,34.8217222222222]}},{"type":"Feature","properties":{"en":"Bentley","fr":"Bentley"},"geometry":{"type":"Point","coordinates":[-114.05,52.4667]}},{"type":"Feature","properties":{"en":"Benátky nad Jizerou","fr":"Benátky nad Jizerou"},"geometry":{"type":"Point","coordinates":[14.823513539563,50.290918373612]}},{"type":"Feature","properties":{"en":"Ojiya","fr":"Ojiya"},"geometry":{"type":"Point","coordinates":[138.795083333333,37.3143611111111]}},{"type":"Feature","properties":{"en":"Kawachinagano","fr":"Kawachinagano"},"geometry":{"type":"Point","coordinates":[135.564138888889,34.4580833333333]}},{"type":"Feature","properties":{"en":"Kanoya","fr":"Kanoya"},"geometry":{"type":"Point","coordinates":[130.852222222222,31.3782222222222]}},{"type":"Feature","properties":{"en":"Noshiro","fr":"Noshiro"},"geometry":{"type":"Point","coordinates":[140.027083333333,40.2117777777778]}},{"type":"Feature","properties":{"en":"Hashima","fr":"Hashima"},"geometry":{"type":"Point","coordinates":[136.703277777778,35.3199444444444]}},{"type":"Feature","properties":{"en":"Munakata","fr":"Munakata"},"geometry":{"type":"Point","coordinates":[130.540777777778,33.8055277777778]}},{"type":"Feature","properties":{"en":"Uozu","fr":"Uozu"},"geometry":{"type":"Point","coordinates":[137.409166666667,36.8273055555556]}},{"type":"Feature","properties":{"en":"Seiyo","fr":"Seiyo"},"geometry":{"type":"Point","coordinates":[132.510861111111,33.3626388888889]}},{"type":"Feature","properties":{"en":"Toba","fr":"Toba"},"geometry":{"type":"Point","coordinates":[136.84341666667,34.481333333333]}},{"type":"Feature","properties":{"en":"Gero","fr":"Gero"},"geometry":{"type":"Point","coordinates":[137.244138888889,35.8058611111111]}},{"type":"Feature","properties":{"en":"Katano","fr":"Katano"},"geometry":{"type":"Point","coordinates":[135.679944444444,34.7879444444444]}},{"type":"Feature","properties":{"en":"Ena","fr":"Ena"},"geometry":{"type":"Point","coordinates":[137.412833333333,35.44925]}},{"type":"Feature","properties":{"en":"Ishioka","fr":"Ishioka"},"geometry":{"type":"Point","coordinates":[140.287222222222,36.1908333333333]}},{"type":"Feature","properties":{"en":"Sukagawa","fr":"Sukagawa"},"geometry":{"type":"Point","coordinates":[140.372555555556,37.2868888888889]}},{"type":"Feature","properties":{"en":"Hannan","fr":"Hannan"},"geometry":{"type":"Point","coordinates":[135.239694444444,34.3595833333333]}},{"type":"Feature","properties":{"en":"Kumano","fr":"Kumano"},"geometry":{"type":"Point","coordinates":[136.100277777778,33.8887777777778]}},{"type":"Feature","properties":{"en":"Yanai","fr":"Yanai"},"geometry":{"type":"Point","coordinates":[132.101555555556,33.9638611111111]}},{"type":"Feature","properties":{"en":"Tajimi","fr":"Tajimi"},"geometry":{"type":"Point","coordinates":[137.132027777778,35.3327777777778]}},{"type":"Feature","properties":{"en":"Konan","fr":"Kōnan"},"geometry":{"type":"Point","coordinates":[136.870666666667,35.3320833333333]}},{"type":"Feature","properties":{"en":"Nayoro","fr":"Nayoro"},"geometry":{"type":"Point","coordinates":[142.463194444444,44.3559444444444]}},{"type":"Feature","properties":{"en":"Mihara","fr":"Mihara"},"geometry":{"type":"Point","coordinates":[133.078694444444,34.3973888888889]}},{"type":"Feature","properties":{"en":"Fukuroi","fr":"Fukuroi"},"geometry":{"type":"Point","coordinates":[137.924666666667,34.7501666666667]}},{"type":"Feature","properties":{"en":"Hakui","fr":"Hakui"},"geometry":{"type":"Point","coordinates":[136.778972222222,36.8936111111111]}},{"type":"Feature","properties":{"en":"Shiroishi","fr":"Shiroishi"},"geometry":{"type":"Point","coordinates":[140.619888888889,38.0024444444444]}},{"type":"Feature","properties":{"en":"Komatsushima","fr":"Komatsushima"},"geometry":{"type":"Point","coordinates":[134.590555555556,34.0048888888889]}},{"type":"Feature","properties":{"en":"Hikari","fr":"Hikari"},"geometry":{"type":"Point","coordinates":[131.942194444444,33.9618611111111]}},{"type":"Feature","properties":{"en":"Namerikawa","fr":"Namerikawa"},"geometry":{"type":"Point","coordinates":[137.341166666667,36.7643611111111]}},{"type":"Feature","properties":{"en":"Shingu","fr":"Shingū"},"geometry":{"type":"Point","coordinates":[135.992555555556,33.7241666666667]}},{"type":"Feature","properties":{"en":"Toda","fr":"Toda"},"geometry":{"type":"Point","coordinates":[139.677916666667,35.8176111111111]}},{"type":"Feature","properties":{"en":"Miura","fr":"Miura"},"geometry":{"type":"Point","coordinates":[139.620722222222,35.1441944444444]}},{"type":"Feature","properties":{"en":"Wajima","fr":"Wajima"},"geometry":{"type":"Point","coordinates":[136.899097222222,37.3905527777778]}},{"type":"Feature","properties":{"en":"Higashimatsuyama","fr":"Higashimatsuyama"},"geometry":{"type":"Point","coordinates":[139.399916666667,36.0421666666667]}},{"type":"Feature","properties":{"en":"Higashine","fr":"Higashine"},"geometry":{"type":"Point","coordinates":[140.391083333333,38.4313055555556]}},{"type":"Feature","properties":{"en":"Sagae","fr":"Sagae"},"geometry":{"type":"Point","coordinates":[140.276027777778,38.3809166666667]}},{"type":"Feature","properties":{"en":"Takarazuka","fr":"Takarazuka"},"geometry":{"type":"Point","coordinates":[135.360305555556,34.8]}},{"type":"Feature","properties":{"en":"Kakegawa","fr":"Kakegawa"},"geometry":{"type":"Point","coordinates":[137.998388888889,34.76875]}},{"type":"Feature","properties":{"en":"Minami-Alps","fr":"Minami-Alps"},"geometry":{"type":"Point","coordinates":[138.465027777778,35.6083055555556]}},{"type":"Feature","properties":{"en":"Sayama","fr":"Sayama"},"geometry":{"type":"Point","coordinates":[139.412194444444,35.8529722222222]}},{"type":"Feature","properties":{"en":"Maihara","fr":"Maibara"},"geometry":{"type":"Point","coordinates":[136.291638888889,35.3150555555556]}},{"type":"Feature","properties":{"en":"Izumo","fr":"Izumo"},"geometry":{"type":"Point","coordinates":[132.754666666667,35.3670277777778]}},{"type":"Feature","properties":{"en":"Hokuto","fr":"Hokuto"},"geometry":{"type":"Point","coordinates":[138.423638888889,35.7764722222222]}},{"type":"Feature","properties":{"en":"Fukutsu","fr":"Fukutsu"},"geometry":{"type":"Point","coordinates":[130.491083333333,33.7668055555556]}},{"type":"Feature","properties":{"en":"Beroun","fr":"Beroun"},"geometry":{"type":"Point","coordinates":[14.072061165906,49.963908175611]}},{"type":"Feature","properties":{"en":"New Norway","fr":"New Norway"},"geometry":{"type":"Point","coordinates":[-112.95502777778,52.869166666667]}},{"type":"Feature","properties":{"en":"Jáchymov","fr":"Jáchymov"},"geometry":{"type":"Point","coordinates":[12.934739261543,50.358572498147]}},{"type":"Feature","properties":{"en":"Wainwright","fr":"Wainwright"},"geometry":{"type":"Point","coordinates":[-110.866666666667,52.8333333333333]}},{"type":"Feature","properties":{"en":"Koga","fr":"Koga"},"geometry":{"type":"Point","coordinates":[139.755444444444,36.17825]}},{"type":"Feature","properties":{"en":"Piltene","fr":"Piltene"},"geometry":{"type":"Point","coordinates":[21.676111111111,57.225555555556]}},{"type":"Feature","properties":{"en":"Nakano","fr":"Nakano"},"geometry":{"type":"Point","coordinates":[138.369416666667,36.7415277777778]}},{"type":"Feature","properties":{"en":"Kitaibaraki City","fr":"Kitaibaraki"},"geometry":{"type":"Point","coordinates":[140.751027777778,36.8018888888889]}},{"type":"Feature","properties":{"en":"Komoro","fr":"Komoro"},"geometry":{"type":"Point","coordinates":[138.425833333333,36.3275]}},{"type":"Feature","properties":{"en":"Chino","fr":"Chino"},"geometry":{"type":"Point","coordinates":[138.158805555556,35.9955277777778]}},{"type":"Feature","properties":{"en":"Hitachiōta-shi","fr":"Hitachiōta"},"geometry":{"type":"Point","coordinates":[140.530916666667,36.5382777777778]}},{"type":"Feature","properties":{"en":"Shikokuchuo","fr":"Shikokuchūō"},"geometry":{"type":"Point","coordinates":[133.549166666667,33.9807222222222]}},{"type":"Feature","properties":{"en":"Yamatotakada","fr":"Yamatotakada"},"geometry":{"type":"Point","coordinates":[135.736472222222,34.5150555555556]}},{"type":"Feature","properties":{"en":"Okaya","fr":"Okaya"},"geometry":{"type":"Point","coordinates":[138.049305555556,36.0671111111111]}},{"type":"Feature","properties":{"en":"Inashiki","fr":"Inashiki"},"geometry":{"type":"Point","coordinates":[140.323944444444,35.9565277777778]}},{"type":"Feature","properties":{"en":"Iyo","fr":"Iyo"},"geometry":{"type":"Point","coordinates":[132.703666666667,33.7574444444444]}},{"type":"Feature","properties":{"en":"Hitachiōmiya-shi","fr":"Hitachiōmiya"},"geometry":{"type":"Point","coordinates":[140.410888888889,36.5425277777778]}},{"type":"Feature","properties":{"en":"Komagane","fr":"Komagane"},"geometry":{"type":"Point","coordinates":[137.933861111111,35.7287777777778]}},{"type":"Feature","properties":{"en":"Sennan","fr":"Sennan"},"geometry":{"type":"Point","coordinates":[135.273444444444,34.3658888888889]}},{"type":"Feature","properties":{"en":"Tsukumi","fr":"Tsukumi"},"geometry":{"type":"Point","coordinates":[131.86125,33.0721666666667]}},{"type":"Feature","properties":{"en":"Miyoshi","fr":"Miyoshi"},"geometry":{"type":"Point","coordinates":[132.851805555556,34.8056666666667]}},{"type":"Feature","properties":{"en":"Kamisu","fr":"Kamisu"},"geometry":{"type":"Point","coordinates":[140.664527777778,35.8899444444444]}},{"type":"Feature","properties":{"en":"Itako","fr":"Itako"},"geometry":{"type":"Point","coordinates":[140.555361111111,35.9471388888889]}},{"type":"Feature","properties":{"en":"Shinjō-shi","fr":"Shinjō"},"geometry":{"type":"Point","coordinates":[140.301638888889,38.7650277777778]}},{"type":"Feature","properties":{"en":"Moriya","fr":"Moriya"},"geometry":{"type":"Point","coordinates":[139.975416666667,35.9514166666667]}},{"type":"Feature","properties":{"en":"Yamanashi","fr":"Yamanashi"},"geometry":{"type":"Point","coordinates":[138.686888888889,35.6934444444444]}},{"type":"Feature","properties":{"en":"Pāvilosta","fr":"Pāvilosta"},"geometry":{"type":"Point","coordinates":[21.184166666667,56.887777777778]}},{"type":"Feature","properties":{"en":"Durbe","fr":"Durbe"},"geometry":{"type":"Point","coordinates":[21.368888888889,56.588333333333]}},{"type":"Feature","properties":{"en":"Isumi","fr":"Isumi"},"geometry":{"type":"Point","coordinates":[140.385194444444,35.2539166666667]}},{"type":"Feature","properties":{"en":"Tōmi-shi","fr":"Tōmi"},"geometry":{"type":"Point","coordinates":[138.330388888889,36.3593888888889]}},{"type":"Feature","properties":{"en":"Ina","fr":"Ina"},"geometry":{"type":"Point","coordinates":[137.953972222222,35.8275277777778]}},{"type":"Feature","properties":{"en":"Tsuyama","fr":"Tsuyama"},"geometry":{"type":"Point","coordinates":[134.004472222222,35.0691111111111]}},{"type":"Feature","properties":{"en":"Iida","fr":"Iida"},"geometry":{"type":"Point","coordinates":[137.821833333333,35.5148055555556]}},{"type":"Feature","properties":{"en":"Příbram","fr":"Příbram"},"geometry":{"type":"Point","coordinates":[14.010474512485,49.68996461067]}},{"type":"Feature","properties":{"en":"Kainan","fr":"Kainan"},"geometry":{"type":"Point","coordinates":[135.239694444444,34.1575]}},{"type":"Feature","properties":{"en":"Kudamatsu","fr":"Kudamatsu"},"geometry":{"type":"Point","coordinates":[131.870333333333,34.0149722222222]}},{"type":"Feature","properties":{"en":"Hashimoto","fr":"Hashimoto"},"geometry":{"type":"Point","coordinates":[135.605222222222,34.3146388888889]}},{"type":"Feature","properties":{"en":"Utashinai","fr":"Utashinai"},"geometry":{"type":"Point","coordinates":[142.034444444444,43.5213888888889]}},{"type":"Feature","properties":{"en":"Takikawa","fr":"Takikawa"},"geometry":{"type":"Point","coordinates":[141.910416666667,43.5578333333333]}},{"type":"Feature","properties":{"en":"Hokuto","fr":"Hokuto"},"geometry":{"type":"Point","coordinates":[140.653027777778,41.8241111111111]}},{"type":"Feature","properties":{"en":"Mikasa","fr":"Mikasa"},"geometry":{"type":"Point","coordinates":[141.87525,43.2456666666667]}},{"type":"Feature","properties":{"en":"Qajaran","fr":"Kajaran"},"geometry":{"type":"Point","coordinates":[46.16,39.151111111111]}},{"type":"Feature","properties":{"en":"Nepomuk","fr":"Nepomuk"},"geometry":{"type":"Point","coordinates":[13.582292906584,49.486259587175]}},{"type":"Feature","properties":{"en":"Motosu","fr":"Motosu"},"geometry":{"type":"Point","coordinates":[136.678638888889,35.483]}},{"type":"Feature","properties":{"en":"Nakatsugawa","fr":"Nakatsugawa"},"geometry":{"type":"Point","coordinates":[137.500583333333,35.4875833333333]}},{"type":"Feature","properties":{"en":"Kaizu","fr":"Kaizu"},"geometry":{"type":"Point","coordinates":[136.636472222222,35.2205555555556]}},{"type":"Feature","properties":{"en":"Nagahama","fr":"Nagahama"},"geometry":{"type":"Point","coordinates":[136.278333333333,35.3808333333333]}},{"type":"Feature","properties":{"en":"Ushiku","fr":"Ushiku"},"geometry":{"type":"Point","coordinates":[140.149555555556,35.9793611111111]}},{"type":"Feature","properties":{"en":"Ryugasaki","fr":"Ryūgasaki"},"geometry":{"type":"Point","coordinates":[140.182305555556,35.9115555555556]}},{"type":"Feature","properties":{"en":"Chikushino","fr":"Chikushino"},"geometry":{"type":"Point","coordinates":[130.525833333333,33.4874166666667]}},{"type":"Feature","properties":{"en":"Ueda","fr":"Ueda"},"geometry":{"type":"Point","coordinates":[138.249083,36.401889]}},{"type":"Feature","properties":{"en":"Usuki","fr":"Usuki"},"geometry":{"type":"Point","coordinates":[131.80525,33.1261111111111]}},{"type":"Feature","properties":{"en":"Takashima","fr":"Takashima"},"geometry":{"type":"Point","coordinates":[136.035722222222,35.353]}},{"type":"Feature","properties":{"en":"Kushima","fr":"Kushima"},"geometry":{"type":"Point","coordinates":[131.228388888889,31.4645]}},{"type":"Feature","properties":{"en":"Kasama","fr":"Kasama"},"geometry":{"type":"Point","coordinates":[140.304305555556,36.3451666666667]}},{"type":"Feature","properties":{"en":"Uwajima","fr":"Uwajima"},"geometry":{"type":"Point","coordinates":[132.560555555556,33.2233055555556]}},{"type":"Feature","properties":{"en":"Kahoku","fr":"Kahoku"},"geometry":{"type":"Point","coordinates":[136.706694444444,36.7198333333333]}},{"type":"Feature","properties":{"en":"Suwa","fr":"Suwa"},"geometry":{"type":"Point","coordinates":[138.114027777778,36.0391388888889]}},{"type":"Feature","properties":{"en":"Valdemārpils","fr":"Valdemārpils"},"geometry":{"type":"Point","coordinates":[22.591944444444,57.370555555556]}},{"type":"Feature","properties":{"en":"Obanazawa","fr":"Obanazawa"},"geometry":{"type":"Point","coordinates":[140.405666666667,38.6006388888889]}},{"type":"Feature","properties":{"en":"Suzu","fr":"Suzu"},"geometry":{"type":"Point","coordinates":[137.260472222222,37.4363333333333]}},{"type":"Feature","properties":{"en":"Miyazu","fr":"Miyazu"},"geometry":{"type":"Point","coordinates":[135.1955,35.5355555555556]}},{"type":"Feature","properties":{"en":"Semboku","fr":"Semboku"},"geometry":{"type":"Point","coordinates":[140.730583333333,39.7000833333333]}},{"type":"Feature","properties":{"en":"Hida","fr":"Hida"},"geometry":{"type":"Point","coordinates":[137.186222222222,36.2381388888889]}},{"type":"Feature","properties":{"en":"Toki","fr":"Toki"},"geometry":{"type":"Point","coordinates":[137.18325,35.3525277777778]}},{"type":"Feature","properties":{"en":"Gose","fr":"Gose"},"geometry":{"type":"Point","coordinates":[135.740222222222,34.4633333333333]}},{"type":"Feature","properties":{"en":"Katsuyama","fr":"Katsuyama"},"geometry":{"type":"Point","coordinates":[136.500638888889,36.0608611111111]}},{"type":"Feature","properties":{"en":"Saiki","fr":"Saiki"},"geometry":{"type":"Point","coordinates":[131.9,32.9597222222222]}},{"type":"Feature","properties":{"en":"Nikaho","fr":"Nikaho"},"geometry":{"type":"Point","coordinates":[139.907722222222,39.203]}},{"type":"Feature","properties":{"en":"Owase","fr":"Owase"},"geometry":{"type":"Point","coordinates":[136.190972222222,34.0707777777778]}},{"type":"Feature","properties":{"en":"Nagai","fr":"Nagai"},"geometry":{"type":"Point","coordinates":[140.040527777778,38.1075]}},{"type":"Feature","properties":{"en":"Nasukarasuyama","fr":"Nasukarasuyama"},"geometry":{"type":"Point","coordinates":[140.151416666667,36.6568888888889]}},{"type":"Feature","properties":{"en":"Hanyū-shi","fr":"Hanyū"},"geometry":{"type":"Point","coordinates":[139.54847,36.1725]}},{"type":"Feature","properties":{"en":"Yuki","fr":"Yūki"},"geometry":{"type":"Point","coordinates":[139.871530555556,36.2896555555556]}},{"type":"Feature","properties":{"en":"Gobō-shi","fr":"Gobō"},"geometry":{"type":"Point","coordinates":[135.152333333333,33.8914444444444]}},{"type":"Feature","properties":{"en":"Susono","fr":"Susono"},"geometry":{"type":"Point","coordinates":[138.906777777778,35.1739444444444]}},{"type":"Feature","properties":{"en":"Tsuruga","fr":"Tsuruga"},"geometry":{"type":"Point","coordinates":[136.0555,35.6451944444444]}},{"type":"Feature","properties":{"en":"Koka","fr":"Kōka"},"geometry":{"type":"Point","coordinates":[136.166305555556,34.9660833333333]}},{"type":"Feature","properties":{"en":"Tarumizu","fr":"Tarumizu"},"geometry":{"type":"Point","coordinates":[130.700944444444,31.4927777777778]}},{"type":"Feature","properties":{"en":"Shimabara","fr":"Shimabara"},"geometry":{"type":"Point","coordinates":[130.37025,32.7881388888889]}},{"type":"Feature","properties":{"en":"Sabae","fr":"Sabae"},"geometry":{"type":"Point","coordinates":[136.184277777778,35.9564722222222]}},{"type":"Feature","properties":{"en":"Nakama","fr":"Nakama"},"geometry":{"type":"Point","coordinates":[130.709027777778,33.8166111111111]}},{"type":"Feature","properties":{"en":"Nishinoomote","fr":"Nishinoomote"},"geometry":{"type":"Point","coordinates":[130.997027777778,30.7324444444444]}},{"type":"Feature","properties":{"en":"Sanda","fr":"Sanda"},"geometry":{"type":"Point","coordinates":[135.225444444444,34.8899722222222]}},{"type":"Feature","properties":{"en":"Fuefuki","fr":"Fuefuki"},"geometry":{"type":"Point","coordinates":[138.639722222222,35.6473055555556]}},{"type":"Feature","properties":{"en":"Kopřivnice","fr":"Kopřivnice"},"geometry":{"type":"Point","coordinates":[18.144833283338,49.599461028116]}},{"type":"Feature","properties":{"en":"Tagawa","fr":"Tagawa"},"geometry":{"type":"Point","coordinates":[130.806111111111,33.6388888888889]}},{"type":"Feature","properties":{"en":"Tamano","fr":"Tamano"},"geometry":{"type":"Point","coordinates":[133.945972222222,34.4919444444444]}},{"type":"Feature","properties":{"en":"Sakado","fr":"Sakado"},"geometry":{"type":"Point","coordinates":[139.403027777778,35.95725]}},{"type":"Feature","properties":{"en":"Uonuma","fr":"Uonuma"},"geometry":{"type":"Point","coordinates":[138.963833333333,37.2364444444444]}},{"type":"Feature","properties":{"en":"Kitsuki","fr":"Kitsuki"},"geometry":{"type":"Point","coordinates":[131.616138888889,33.417]}},{"type":"Feature","properties":{"en":"Bungo-ōno-shi","fr":"Bungo-ōno"},"geometry":{"type":"Point","coordinates":[131.584222222222,32.9775]}},{"type":"Feature","properties":{"en":"Ukiha","fr":"Ukiha"},"geometry":{"type":"Point","coordinates":[130.755027777778,33.3474444444444]}},{"type":"Feature","properties":{"en":"Omaezaki","fr":"Omaezaki"},"geometry":{"type":"Point","coordinates":[138.128083333333,34.6379444444444]}},{"type":"Feature","properties":{"en":"Hyūga-shi","fr":"Hyūga"},"geometry":{"type":"Point","coordinates":[131.623916666667,32.4228888888889]}},{"type":"Feature","properties":{"en":"Gotsu","fr":"Gōtsu"},"geometry":{"type":"Point","coordinates":[132.217666666667,35.0117777777778]}},{"type":"Feature","properties":{"en":"Suzaka","fr":"Suzaka"},"geometry":{"type":"Point","coordinates":[138.30725,36.6511111111111]}},{"type":"Feature","properties":{"en":"Matsuura","fr":"Matsuura"},"geometry":{"type":"Point","coordinates":[129.709111111111,33.3409722222222]}},{"type":"Feature","properties":{"en":"Hannō","fr":"Hannō"},"geometry":{"type":"Point","coordinates":[139.327777777778,35.8555555555556]}},{"type":"Feature","properties":{"en":"Saito","fr":"Saito"},"geometry":{"type":"Point","coordinates":[131.401361111111,32.1085277777778]}},{"type":"Feature","properties":{"en":"Yame","fr":"Yame"},"geometry":{"type":"Point","coordinates":[130.557861111111,33.212]}},{"type":"Feature","properties":{"en":"Nanyo","fr":"Nan'yō"},"geometry":{"type":"Point","coordinates":[140.148361111111,38.0551111111111]}},{"type":"Feature","properties":{"en":"Taketa","fr":"Taketa"},"geometry":{"type":"Point","coordinates":[131.39777777778,32.973611111111]}},{"type":"Feature","properties":{"en":"Kosai","fr":"Kosai"},"geometry":{"type":"Point","coordinates":[137.531611111111,34.7184444444444]}},{"type":"Feature","properties":{"en":"Minamiuonuma","fr":"Minamiuonuma"},"geometry":{"type":"Point","coordinates":[138.876083333333,37.0655277777778]}},{"type":"Feature","properties":{"en":"Makinohara","fr":"Makinohara"},"geometry":{"type":"Point","coordinates":[138.224611111111,34.74]}},{"type":"Feature","properties":{"en":"Muko","fr":"Mukō"},"geometry":{"type":"Point","coordinates":[135.698277777778,34.9487222222222]}},{"type":"Feature","properties":{"en":"Blansko","fr":"Blansko"},"geometry":{"type":"Point","coordinates":[16.643174766744,49.363160582771]}},{"type":"Feature","properties":{"en":"Uenohara","fr":"Uenohara"},"geometry":{"type":"Point","coordinates":[139.108555555556,35.6301944444444]}},{"type":"Feature","properties":{"en":"Iiyama","fr":"Iiyama"},"geometry":{"type":"Point","coordinates":[138.365527777778,36.8516388888889]}},{"type":"Feature","properties":{"en":"Yasugi","fr":"Yasugi"},"geometry":{"type":"Point","coordinates":[133.250888888889,35.4314444444444]}},{"type":"Feature","properties":{"en":"Jōsō-shi","fr":"Jōsō"},"geometry":{"type":"Point","coordinates":[139.993833333333,36.0235555555556]}},{"type":"Feature","properties":{"en":"Kasai","fr":"Kasai"},"geometry":{"type":"Point","coordinates":[134.841888888889,34.9278333333333]}},{"type":"Feature","properties":{"en":"Tosa","fr":"Tosa"},"geometry":{"type":"Point","coordinates":[133.425361111111,33.4960555555556]}},{"type":"Feature","properties":{"en":"Imizu","fr":"Imizu"},"geometry":{"type":"Point","coordinates":[137.075555555556,36.7305555555556]}},{"type":"Feature","properties":{"en":"Turnov","fr":"Turnov"},"geometry":{"type":"Point","coordinates":[15.156899388718,50.587341607858]}},{"type":"Feature","properties":{"en":"Shibukawa","fr":"Shibukawa"},"geometry":{"type":"Point","coordinates":[139.000416666667,36.4894722222222]}},{"type":"Feature","properties":{"en":"Yukuhashi","fr":"Yukuhashi"},"geometry":{"type":"Point","coordinates":[130.982944444444,33.72875]}},{"type":"Feature","properties":{"en":"Takahashi","fr":"Takahashi"},"geometry":{"type":"Point","coordinates":[133.61683333333,34.791027777778]}},{"type":"Feature","properties":{"en":"Kazo","fr":"Kazo"},"geometry":{"type":"Point","coordinates":[139.601777777778,36.1314444444444]}},{"type":"Feature","properties":{"en":"Shimotsuke","fr":"Shimotsuke"},"geometry":{"type":"Point","coordinates":[139.851805555556,36.3948611111111]}},{"type":"Feature","properties":{"en":"Delta","fr":"Delta"},"geometry":{"type":"Point","coordinates":[-122.99,49.12]}},{"type":"Feature","properties":{"en":"Troyan","fr":"Trojan"},"geometry":{"type":"Point","coordinates":[24.710508,42.891494]}},{"type":"Feature","properties":{"en":"Izumisano","fr":"Izumisano"},"geometry":{"type":"Point","coordinates":[135.327527777778,34.4069444444444]}},{"type":"Feature","properties":{"en":"Misato","fr":"Misato"},"geometry":{"type":"Point","coordinates":[139.872333333333,35.8301388888889]}},{"type":"Feature","properties":{"en":"Kani","fr":"Kani"},"geometry":{"type":"Point","coordinates":[137.061333333333,35.4260555555556]}},{"type":"Feature","properties":{"en":"Mizunami","fr":"Mizunami"},"geometry":{"type":"Point","coordinates":[137.2545,35.3618055555556]}},{"type":"Feature","properties":{"en":"Mino","fr":"Mino"},"geometry":{"type":"Point","coordinates":[136.907555555556,35.54475]}},{"type":"Feature","properties":{"en":"Bečov nad Teplou","fr":"Bečov nad Teplou"},"geometry":{"type":"Point","coordinates":[12.838387437158,50.08356335304]}},{"type":"Feature","properties":{"en":"Sakaide","fr":"Sakaide"},"geometry":{"type":"Point","coordinates":[133.860472222222,34.3163611111111]}},{"type":"Feature","properties":{"en":"Bělčice","fr":"Bělčice"},"geometry":{"type":"Point","coordinates":[13.875789012734,49.502501078412]}},{"type":"Feature","properties":{"en":"Konan","fr":"Konan"},"geometry":{"type":"Point","coordinates":[136.084722222222,35.0040833333333]}},{"type":"Feature","properties":{"en":"Sanuki","fr":"Sanuki"},"geometry":{"type":"Point","coordinates":[134.172055555556,34.3253055555556]}},{"type":"Feature","properties":{"en":"Itoigawa","fr":"Itoigawa"},"geometry":{"type":"Point","coordinates":[137.862666666667,37.0390277777778]}},{"type":"Feature","properties":{"en":"Takaishi","fr":"Takaishi"},"geometry":{"type":"Point","coordinates":[135.442361111111,34.5207222222222]}},{"type":"Feature","properties":{"en":"Moriyama","fr":"Moriyama"},"geometry":{"type":"Point","coordinates":[135.99425,35.0589166666667]}},{"type":"Feature","properties":{"en":"Shōbara-shi","fr":"Shōbara"},"geometry":{"type":"Point","coordinates":[133.017277777778,34.85775]}},{"type":"Feature","properties":{"en":"Gujō","fr":"Gujō"},"geometry":{"type":"Point","coordinates":[136.964333333333,35.7485555555556]}},{"type":"Feature","properties":{"en":"Hasuda","fr":"Hasuda"},"geometry":{"type":"Point","coordinates":[139.662388888889,35.9945]}},{"type":"Feature","properties":{"en":"Imari","fr":"Imari"},"geometry":{"type":"Point","coordinates":[129.880805555556,33.26475]}},{"type":"Feature","properties":{"en":"Shiojiri","fr":"Shiojiri"},"geometry":{"type":"Point","coordinates":[137.953444444444,36.1149722222222]}},{"type":"Feature","properties":{"en":"Bungotakada","fr":"Bungotakada"},"geometry":{"type":"Point","coordinates":[131.446972222222,33.5562222222222]}},{"type":"Feature","properties":{"en":"Kitamoto","fr":"Kitamoto"},"geometry":{"type":"Point","coordinates":[139.530194444444,36.0268888888889]}},{"type":"Feature","properties":{"en":"Kamo","fr":"Kamo"},"geometry":{"type":"Point","coordinates":[139.040222222222,37.6663055555556]}},{"type":"Feature","properties":{"en":"Hokota","fr":"Hokota"},"geometry":{"type":"Point","coordinates":[140.516416666667,36.1586666666667]}},{"type":"Feature","properties":{"en":"Minokamo","fr":"Minokamo"},"geometry":{"type":"Point","coordinates":[137.015666666667,35.4402222222222]}},{"type":"Feature","properties":{"en":"Ritto","fr":"Rittō"},"geometry":{"type":"Point","coordinates":[135.998,35.0216111111111]}},{"type":"Feature","properties":{"en":"Mima","fr":"Mima"},"geometry":{"type":"Point","coordinates":[134.169805555556,34.0533055555556]}},{"type":"Feature","properties":{"en":"Murayama","fr":"Murayama"},"geometry":{"type":"Point","coordinates":[140.380277777778,38.4833333333333]}},{"type":"Feature","properties":{"en":"Tatebayashi","fr":"Tatebayashi"},"geometry":{"type":"Point","coordinates":[139.542111111111,36.2448333333333]}},{"type":"Feature","properties":{"en":"Kirishima","fr":"Kirishima"},"geometry":{"type":"Point","coordinates":[130.763222222222,31.741]}},{"type":"Feature","properties":{"en":"Katori","fr":"Katori"},"geometry":{"type":"Point","coordinates":[140.499194444444,35.8977222222222]}},{"type":"Feature","properties":{"en":"Gosen","fr":"Gosen"},"geometry":{"type":"Point","coordinates":[139.182611111111,37.7444444444444]}},{"type":"Feature","properties":{"en":"Sōsa-shi","fr":"Sōsa"},"geometry":{"type":"Point","coordinates":[140.564277777778,35.7078611111111]}},{"type":"Feature","properties":{"en":"Tōkamachi-shi","fr":"Tōkamachi"},"geometry":{"type":"Point","coordinates":[138.755722222222,37.1275277777778]}},{"type":"Feature","properties":{"en":"Shibushi","fr":"Shibushi"},"geometry":{"type":"Point","coordinates":[131.099888888889,31.4771666666667]}},{"type":"Feature","properties":{"en":"Sō","fr":"Soo"},"geometry":{"type":"Point","coordinates":[131.019361111111,31.6536388888889]}},{"type":"Feature","properties":{"en":"Date","fr":"Date"},"geometry":{"type":"Point","coordinates":[140.562972222222,37.8191388888889]}},{"type":"Feature","properties":{"en":"Biggar","fr":"Biggar"},"geometry":{"type":"Point","coordinates":[-107.979,52.059]}},{"type":"Feature","properties":{"en":"Seki","fr":"Seki"},"geometry":{"type":"Point","coordinates":[136.917916666667,35.4957777777778]}},{"type":"Feature","properties":{"en":"Gyoda","fr":"Gyōda"},"geometry":{"type":"Point","coordinates":[139.455638888889,36.1388888888889]}},{"type":"Feature","properties":{"en":"Itoman","fr":"Itoman"},"geometry":{"type":"Point","coordinates":[127.665777777778,26.1235]}},{"type":"Feature","properties":{"en":"Nichinan","fr":"Nichinan"},"geometry":{"type":"Point","coordinates":[131.37875,31.6019444444444]}},{"type":"Feature","properties":{"en":"Tosu","fr":"Tosu"},"geometry":{"type":"Point","coordinates":[130.506138888889,33.3778333333333]}},{"type":"Feature","properties":{"en":"Yamaga","fr":"Yamaga"},"geometry":{"type":"Point","coordinates":[130.69125,33.0175]}},{"type":"Feature","properties":{"en":"Nakatsu","fr":"Nakatsu"},"geometry":{"type":"Point","coordinates":[131.188277777778,33.5983055555556]}},{"type":"Feature","properties":{"en":"Maniwa","fr":"Maniwa"},"geometry":{"type":"Point","coordinates":[133.752722222222,35.0755833333333]}},{"type":"Feature","properties":{"en":"Sanʼyō-Onoda","fr":"San'yō-Onoda"},"geometry":{"type":"Point","coordinates":[131.181805555556,34.0031666666667]}},{"type":"Feature","properties":{"en":"Nagaokakyō-shi","fr":"Nagaokakyō"},"geometry":{"type":"Point","coordinates":[135.69575,34.9268055555556]}},{"type":"Feature","properties":{"en":"Higashikagawa","fr":"Higashikagawa"},"geometry":{"type":"Point","coordinates":[134.358888888889,34.2438333333333]}},{"type":"Feature","properties":{"en":"Uto","fr":"Uto"},"geometry":{"type":"Point","coordinates":[130.659777777778,32.688]}},{"type":"Feature","properties":{"en":"Kan'onji","fr":"Kan'onji"},"geometry":{"type":"Point","coordinates":[133.662777777778,34.1283333333333]}},{"type":"Feature","properties":{"en":"Mimasaka","fr":"Mimasaka"},"geometry":{"type":"Point","coordinates":[134.148583333333,35.0086111111111]}},{"type":"Feature","properties":{"en":"Kobayashi","fr":"Kobayashi"},"geometry":{"type":"Point","coordinates":[130.972583333333,31.9967222222222]}},{"type":"Feature","properties":{"en":"Hitoyoshi","fr":"Hitoyoshi"},"geometry":{"type":"Point","coordinates":[130.762472222222,32.2100277777778]}},{"type":"Feature","properties":{"en":"Nōgata-shi","fr":"Nōgata"},"geometry":{"type":"Point","coordinates":[130.729666666667,33.7441388888889]}},{"type":"Feature","properties":{"en":"Tamana","fr":"Tamana"},"geometry":{"type":"Point","coordinates":[130.562777777778,32.9352777777778]}},{"type":"Feature","properties":{"en":"Nankoku","fr":"Nankoku"},"geometry":{"type":"Point","coordinates":[133.641472222222,33.5756944444444]}},{"type":"Feature","properties":{"en":"Kasaoka","fr":"Kasaoka"},"geometry":{"type":"Point","coordinates":[133.507361111111,34.5071388888889]}},{"type":"Feature","properties":{"en":"Bizen","fr":"Bizen"},"geometry":{"type":"Point","coordinates":[134.188833333333,34.7451666666667]}},{"type":"Feature","properties":{"en":"Uda","fr":"Uda"},"geometry":{"type":"Point","coordinates":[135.95225,34.5279722222222]}},{"type":"Feature","properties":{"en":"Ibara","fr":"Ibara"},"geometry":{"type":"Point","coordinates":[133.463777777778,34.5976944444444]}},{"type":"Feature","properties":{"en":"Izunokuni","fr":"Izunokuni"},"geometry":{"type":"Point","coordinates":[138.928861111111,35.0277222222222]}},{"type":"Feature","properties":{"en":"Motomiya","fr":"Motomiya"},"geometry":{"type":"Point","coordinates":[140.393833333333,37.5131944444445]}},{"type":"Feature","properties":{"en":"Satte","fr":"Satte"},"geometry":{"type":"Point","coordinates":[139.725861111111,36.0780833333333]}},{"type":"Feature","properties":{"en":"Minami-Awaji","fr":"Minami-Awaji"},"geometry":{"type":"Point","coordinates":[134.779833333333,34.2944444444444]}},{"type":"Feature","properties":{"en":"Yabu","fr":"Yabu"},"geometry":{"type":"Point","coordinates":[134.767611111111,35.4046111111111]}},{"type":"Feature","properties":{"en":"Nishiwaki","fr":"Nishiwaki"},"geometry":{"type":"Point","coordinates":[134.979527777778,34.9829166666667]}},{"type":"Feature","properties":{"en":"Tsurugashima","fr":"Tsurugashima"},"geometry":{"type":"Point","coordinates":[139.393083333333,35.9345]}},{"type":"Feature","properties":{"en":"Yashio","fr":"Yashio"},"geometry":{"type":"Point","coordinates":[139.839222222222,35.8225277777778]}},{"type":"Feature","properties":{"en":"Takasago","fr":"Takasago"},"geometry":{"type":"Point","coordinates":[134.790638888889,34.7659444444444]}},{"type":"Feature","properties":{"en":"Minamiboso","fr":"Minamibōsō"},"geometry":{"type":"Point","coordinates":[139.84,35.0431666666667]}},{"type":"Feature","properties":{"en":"Sanmu","fr":"Sanmu"},"geometry":{"type":"Point","coordinates":[140.413527777778,35.6029166666667]}},{"type":"Feature","properties":{"en":"Soja","fr":"Sōja"},"geometry":{"type":"Point","coordinates":[133.7465,34.6727777777778]}},{"type":"Feature","properties":{"en":"Yoshikawa","fr":"Yoshikawa"},"geometry":{"type":"Point","coordinates":[139.855555555556,35.8958333333333]}},{"type":"Feature","properties":{"en":"Izumiotsu","fr":"Izumiōtsu"},"geometry":{"type":"Point","coordinates":[135.410416666667,34.5042777777778]}},{"type":"Feature","properties":{"en":"Koshi","fr":"Kōshi"},"geometry":{"type":"Point","coordinates":[130.78975,32.8859722222222]}},{"type":"Feature","properties":{"en":"Honjō-shi","fr":"Honjō"},"geometry":{"type":"Point","coordinates":[139.190388888889,36.2435833333333]}},{"type":"Feature","properties":{"en":"Kunisaki","fr":"Kunisaki"},"geometry":{"type":"Point","coordinates":[131.732222222222,33.5633333333333]}},{"type":"Feature","properties":{"en":"Mitoyo","fr":"Mitoyo"},"geometry":{"type":"Point","coordinates":[133.715083333333,34.1826388888889]}},{"type":"Feature","properties":{"en":"Kashiwara","fr":"Kashiwara"},"geometry":{"type":"Point","coordinates":[135.628611111111,34.5792777777778]}},{"type":"Feature","properties":{"en":"Fujimino","fr":"Fujimino"},"geometry":{"type":"Point","coordinates":[139.519777777778,35.8795277777778]}},{"type":"Feature","properties":{"en":"Niimi","fr":"Niimi"},"geometry":{"type":"Point","coordinates":[133.470277777778,34.9770277777778]}},{"type":"Feature","properties":{"en":"Tomioka","fr":"Tomioka"},"geometry":{"type":"Point","coordinates":[138.889916666667,36.2599166666667]}},{"type":"Feature","properties":{"en":"Nanjō-shi","fr":"Nanjō"},"geometry":{"type":"Point","coordinates":[127.770555555556,26.1633333333333]}},{"type":"Feature","properties":{"en":"New Westminster","fr":"New Westminster"},"geometry":{"type":"Point","coordinates":[-122.911,49.2069]}},{"type":"Feature","properties":{"en":"Kato","fr":"Katō"},"geometry":{"type":"Point","coordinates":[134.973361111111,34.9186111111111]}},{"type":"Feature","properties":{"en":"Tamba-Sasayama","fr":"Sasayama"},"geometry":{"type":"Point","coordinates":[135.219222222222,35.0757222222222]}},{"type":"Feature","properties":{"en":"Taku","fr":"Taku"},"geometry":{"type":"Point","coordinates":[130.110194444444,33.2885555555556]}},{"type":"Feature","properties":{"en":"Namegata","fr":"Namegata"},"geometry":{"type":"Point","coordinates":[140.489027777778,35.9905]}},{"type":"Feature","properties":{"en":"Tatsuno","fr":"Tatsuno"},"geometry":{"type":"Point","coordinates":[134.545388888889,34.8579166666667]}},{"type":"Feature","properties":{"en":"Tamba","fr":"Tamba"},"geometry":{"type":"Point","coordinates":[135.035888888889,35.1770833333333]}},{"type":"Feature","properties":{"en":"Shiki","fr":"Shiki"},"geometry":{"type":"Point","coordinates":[139.580305555556,35.8366666666667]}},{"type":"Feature","properties":{"en":"Konan","fr":"Konan"},"geometry":{"type":"Point","coordinates":[133.7005,33.5641666666667]}},{"type":"Feature","properties":{"en":"Shisō","fr":"Shisō"},"geometry":{"type":"Point","coordinates":[134.549388888889,35.0043888888889]}},{"type":"Feature","properties":{"en":"Takeo","fr":"Takeo"},"geometry":{"type":"Point","coordinates":[130.021472222222,33.19475]}},{"type":"Feature","properties":{"en":"Ogi","fr":"Ogi"},"geometry":{"type":"Point","coordinates":[130.216805555556,33.2736666666667]}},{"type":"Feature","properties":{"en":"Kamiamakusa","fr":"Kamiamakusa"},"geometry":{"type":"Point","coordinates":[130.430416666667,32.5874166666667]}},{"type":"Feature","properties":{"en":"Tsukubamirai","fr":"Tsukubamirai"},"geometry":{"type":"Point","coordinates":[140.037027777778,35.9630555555556]}},{"type":"Feature","properties":{"en":"Tainai","fr":"Tainai"},"geometry":{"type":"Point","coordinates":[139.410333333333,38.0596944444444]}},{"type":"Feature","properties":{"en":"Kami","fr":"Kami"},"geometry":{"type":"Point","coordinates":[133.686055555556,33.6036944444444]}},{"type":"Feature","properties":{"en":"Unnan","fr":"Unnan"},"geometry":{"type":"Point","coordinates":[132.900305555556,35.3077222222222]}},{"type":"Feature","properties":{"en":"Echizen","fr":"Echizen"},"geometry":{"type":"Point","coordinates":[136.16875,35.9035]}},{"type":"Feature","properties":{"en":"Blovice","fr":"Blovice"},"geometry":{"type":"Point","coordinates":[13.540135487589,49.582293810018]}},{"type":"Feature","properties":{"en":"Blšany","fr":"Blšany"},"geometry":{"type":"Point","coordinates":[13.471280910723,50.217431991584]}},{"type":"Feature","properties":{"en":"Bohumín","fr":"Bohumín"},"geometry":{"type":"Point","coordinates":[18.357595239984,49.90408983288]}},{"type":"Feature","properties":{"en":"Bohušovice nad Ohří","fr":"Bohušovice nad Ohří"},"geometry":{"type":"Point","coordinates":[14.150578623737,50.493240994466]}},{"type":"Feature","properties":{"en":"Bojkovice","fr":"Bojkovice"},"geometry":{"type":"Point","coordinates":[17.814875213239,49.038644054761]}},{"type":"Feature","properties":{"en":"Bolton","fr":"Bolton"},"geometry":{"type":"Point","coordinates":[-79.7381,43.8972]}},{"type":"Feature","properties":{"en":"Bonaventure","fr":"Bonaventure"},"geometry":{"type":"Point","coordinates":[-65.4833,48.05]}},{"type":"Feature","properties":{"en":"Bonnyville","fr":"Bonnyville"},"geometry":{"type":"Point","coordinates":[-110.75,54.2667]}},{"type":"Feature","properties":{"en":"Bor","fr":"Bor"},"geometry":{"type":"Point","coordinates":[12.775216037849,49.711710233218]}},{"type":"Feature","properties":{"en":"Borovany","fr":"Borovany"},"geometry":{"type":"Point","coordinates":[14.642272395582,48.898675230282]}},{"type":"Feature","properties":{"en":"Boskovice","fr":"Boskovice"},"geometry":{"type":"Point","coordinates":[16.660002080035,49.487537313637]}},{"type":"Feature","properties":{"en":"Boží Dar","fr":"Boží Dar"},"geometry":{"type":"Point","coordinates":[12.924545971721,50.409844098288]}},{"type":"Feature","properties":{"en":"Bracebridge","fr":"Bracebridge"},"geometry":{"type":"Point","coordinates":[-79.3,45.033333333333]}},{"type":"Feature","properties":{"en":"Brandýs nad Orlicí","fr":"Brandýs nad Orlicí"},"geometry":{"type":"Point","coordinates":[16.28534054746,50.001976032064]}},{"type":"Feature","properties":{"en":"Brandýs nad Labem-Stará Boleslav","fr":"Brandýs nad Labem-Stará Boleslav"},"geometry":{"type":"Point","coordinates":[14.663332953497,50.187160680032]}},{"type":"Feature","properties":{"en":"Hidaka","fr":"Hidaka"},"geometry":{"type":"Point","coordinates":[139.339083333333,35.9078055555556]}},{"type":"Feature","properties":{"en":"Priekule","fr":"Priekule"},"geometry":{"type":"Point","coordinates":[21.593333333333,56.447222222222]}},{"type":"Feature","properties":{"en":"Kaizuka","fr":"Kaizuka"},"geometry":{"type":"Point","coordinates":[135.358527777778,34.4376111111111]}},{"type":"Feature","properties":{"en":"Stende","fr":"Stende"},"geometry":{"type":"Point","coordinates":[22.534722222222,57.145]}},{"type":"Feature","properties":{"en":"Kikuchi","fr":"Kikuchi"},"geometry":{"type":"Point","coordinates":[130.81325,32.9794444444444]}},{"type":"Feature","properties":{"en":"Ono","fr":"Ono"},"geometry":{"type":"Point","coordinates":[134.939805555556,34.8578611111111]}},{"type":"Feature","properties":{"en":"North Bay","fr":"North Bay"},"geometry":{"type":"Point","coordinates":[-79.4613888888889,46.3091666666667]}},{"type":"Feature","properties":{"en":"Modřice","fr":"Modřice"},"geometry":{"type":"Point","coordinates":[16.61442392832,49.127917307254]}},{"type":"Feature","properties":{"en":"Lázně Bohdaneč","fr":"Lázně Bohdaneč"},"geometry":{"type":"Point","coordinates":[15.679851974673,50.075648554366]}},{"type":"Feature","properties":{"en":"Saint-Louis-de-Gonzague-du-Cap-Tourmente","fr":"Saint-Louis-de-Gonzague-du-Cap-Tourmente"},"geometry":{"type":"Point","coordinates":[-70.8333,47.0667]}},{"type":"Feature","properties":{"en":"United Counties of Leeds and Grenville","fr":"comtés unis de Leeds et Grenville"},"geometry":{"type":"Point","coordinates":[-75.666666666667,44.833333333333]}},{"type":"Feature","properties":{"en":"Langley","fr":"Langley"},"geometry":{"type":"Point","coordinates":[-122.658,49.1041]}},{"type":"Feature","properties":{"en":"Horní Slavkov","fr":"Horní Slavkov"},"geometry":{"type":"Point","coordinates":[12.807657708289,50.138745037063]}},{"type":"Feature","properties":{"en":"Brome-Missisquoi","fr":"Brome-Missisquoi"},"geometry":{"type":"Point","coordinates":[-72.8,45.1333]}},{"type":"Feature","properties":{"en":"Escuminac","fr":"Escuminac"},"geometry":{"type":"Point","coordinates":[-66.483333333333,48.116666666667]}},{"type":"Feature","properties":{"en":"Hořice","fr":"Hořice"},"geometry":{"type":"Point","coordinates":[15.631918228938,50.366136740505]}},{"type":"Feature","properties":{"en":"Nord-du-Québec","fr":"Nord-du-Québec"},"geometry":{"type":"Point","coordinates":[-74.4166666666667,56.1666666666667]}},{"type":"Feature","properties":{"en":"Swan Hills","fr":"Swan Hills"},"geometry":{"type":"Point","coordinates":[-115.413,54.7106]}},{"type":"Feature","properties":{"en":"Město Touškov","fr":"Město Touškov"},"geometry":{"type":"Point","coordinates":[13.251134564917,49.775975966415]}},{"type":"Feature","properties":{"en":"Nagakute","fr":"Nagakute"},"geometry":{"type":"Point","coordinates":[137.048722222222,35.1841111111111]}},{"type":"Feature","properties":{"en":"Saint-Antoine-de-Tilly","fr":"Saint-Antoine-de-Tilly"},"geometry":{"type":"Point","coordinates":[-71.5833,46.6667]}},{"type":"Feature","properties":{"en":"Hranice","fr":"Hranice"},"geometry":{"type":"Point","coordinates":[12.175858867511,50.304715332785]}},{"type":"Feature","properties":{"en":"Luhačovice","fr":"Luhačovice"},"geometry":{"type":"Point","coordinates":[17.757479338017,49.0998226346]}},{"type":"Feature","properties":{"en":"Kouřim","fr":"Kouřim"},"geometry":{"type":"Point","coordinates":[14.977096015946,50.003119975612]}},{"type":"Feature","properties":{"en":"Penticton","fr":"Penticton"},"geometry":{"type":"Point","coordinates":[-119.58861111111,49.491111111111]}},{"type":"Feature","properties":{"en":"Loket","fr":"Loket"},"geometry":{"type":"Point","coordinates":[12.754126076404,50.186115970463]}},{"type":"Feature","properties":{"en":"Dolní Bousov","fr":"Dolní Bousov"},"geometry":{"type":"Point","coordinates":[15.128214496107,50.438305994642]}},{"type":"Feature","properties":{"en":"Kangirsuk","fr":"Kangirsuk"},"geometry":{"type":"Point","coordinates":[-70.2,60.1]}},{"type":"Feature","properties":{"en":"Northumberland County","fr":"comté de Northumberland"},"geometry":{"type":"Point","coordinates":[-65.583333333333,47.033333333333]}},{"type":"Feature","properties":{"en":"Strmilov","fr":"Strmilov"},"geometry":{"type":"Point","coordinates":[15.199354738175,49.158525239541]}},{"type":"Feature","properties":{"en":"Saint-Malachie","fr":"Saint-Malachie"},"geometry":{"type":"Point","coordinates":[-70.7667,46.5333]}},{"type":"Feature","properties":{"en":"Elizabethtown-Kitley","fr":"Elizabethtown-Kitley"},"geometry":{"type":"Point","coordinates":[-75.8833,44.7]}},{"type":"Feature","properties":{"en":"Gravenhurst","fr":"Gravenhurst"},"geometry":{"type":"Point","coordinates":[-79.3667,44.9167]}},{"type":"Feature","properties":{"en":"St. Albert","fr":"St. Albert"},"geometry":{"type":"Point","coordinates":[-113.62583333333,53.630277777778]}},{"type":"Feature","properties":{"en":"Bystřice pod Hostýnem","fr":"Bystřice pod Hostýnem"},"geometry":{"type":"Point","coordinates":[17.674035465156,49.399238981974]}},{"type":"Feature","properties":{"en":"Harrington","fr":"Harrington"},"geometry":{"type":"Point","coordinates":[-74.6667,45.8333]}},{"type":"Feature","properties":{"en":"Rainy River District","fr":"district de Rainy River"},"geometry":{"type":"Point","coordinates":[-92.0,48.833333333333]}},{"type":"Feature","properties":{"en":"Horní Jiřetín","fr":"Horní Jiřetín"},"geometry":{"type":"Point","coordinates":[13.547270714373,50.573187678443]}},{"type":"Feature","properties":{"en":"Regional District of Central Okanagan","fr":"district régional de Central Okanagan"},"geometry":{"type":"Point","coordinates":[-119.495,49.888]}},{"type":"Feature","properties":{"en":"Skalná","fr":"Skalná"},"geometry":{"type":"Point","coordinates":[12.361521190088,50.170421313008]}},{"type":"Feature","properties":{"en":"Lanžhot","fr":"Lanžhot"},"geometry":{"type":"Point","coordinates":[16.966936264446,48.724453275107]}},{"type":"Feature","properties":{"en":"Luby","fr":"Luby"},"geometry":{"type":"Point","coordinates":[12.406029714772,50.25260191758]}},{"type":"Feature","properties":{"en":"Ferme-Neuve","fr":"Ferme-Neuve"},"geometry":{"type":"Point","coordinates":[-75.45,46.7]}},{"type":"Feature","properties":{"en":"Bedford","fr":"Bedford"},"geometry":{"type":"Point","coordinates":[-72.9667,45.1333]}},{"type":"Feature","properties":{"en":"Wetaskiwin","fr":"Wetaskiwin"},"geometry":{"type":"Point","coordinates":[-113.37694388889,52.969443888889]}},{"type":"Feature","properties":{"en":"Brtnice","fr":"Brtnice"},"geometry":{"type":"Point","coordinates":[15.676443374626,49.30699470864]}},{"type":"Feature","properties":{"en":"Les Îles-de-la-Madeleine","fr":"Les Îles-de-la-Madeleine"},"geometry":{"type":"Point","coordinates":[-61.8667,47.3833]}},{"type":"Feature","properties":{"en":"Essex County","fr":"comté d'Essex"},"geometry":{"type":"Point","coordinates":[-82.7833,42.1667]}},{"type":"Feature","properties":{"en":"L'Islet","fr":"L'Islet"},"geometry":{"type":"Point","coordinates":[-70.35,47.1]}},{"type":"Feature","properties":{"en":"Vyškov","fr":"Vyškov"},"geometry":{"type":"Point","coordinates":[16.998993221633,49.277487239217]}},{"type":"Feature","properties":{"en":"Havlíčkův Brod","fr":"Havlíčkův Brod"},"geometry":{"type":"Point","coordinates":[15.580727658514,49.607899638305]}},{"type":"Feature","properties":{"en":"Jeseník","fr":"Jeseník"},"geometry":{"type":"Point","coordinates":[17.204714793832,50.22937984562]}},{"type":"Feature","properties":{"en":"Kaplice","fr":"Kaplice"},"geometry":{"type":"Point","coordinates":[14.496272135395,48.738564836975]}},{"type":"Feature","properties":{"en":"Manning","fr":"Manning"},"geometry":{"type":"Point","coordinates":[-117.627,56.9142]}},{"type":"Feature","properties":{"en":"Wotton","fr":"Wotton"},"geometry":{"type":"Point","coordinates":[-71.8,45.7333]}},{"type":"Feature","properties":{"en":"Cornwall","fr":"Cornwall"},"geometry":{"type":"Point","coordinates":[-74.74,45.0275]}},{"type":"Feature","properties":{"en":"St. Andrews","fr":"Saint-Andrews"},"geometry":{"type":"Point","coordinates":[-67.052088888889,45.073988888889]}},{"type":"Feature","properties":{"en":"Sayabec","fr":"Sayabec"},"geometry":{"type":"Point","coordinates":[-67.6833333333333,48.5666666666667]}},{"type":"Feature","properties":{"en":"Sezimovo Ústí","fr":"Sezimovo Ústí"},"geometry":{"type":"Point","coordinates":[14.684835568625,49.385258670607]}},{"type":"Feature","properties":{"en":"Hay Lakes","fr":"Hay Lakes"},"geometry":{"type":"Point","coordinates":[-113.055,53.1925]}},{"type":"Feature","properties":{"en":"La Trinité-des-Monts","fr":"La Trinité-des-Monts"},"geometry":{"type":"Point","coordinates":[-68.466666666667,48.133333333333]}},{"type":"Feature","properties":{"en":"Mirošov","fr":"Mirošov"},"geometry":{"type":"Point","coordinates":[13.6581161659,49.68791749561]}},{"type":"Feature","properties":{"en":"Holešov","fr":"Holešov"},"geometry":{"type":"Point","coordinates":[17.578340885825,49.333314366496]}},{"type":"Feature","properties":{"en":"Saint-Ludger-de-Milot","fr":"Saint-Ludger-de-Milot"},"geometry":{"type":"Point","coordinates":[-71.816666666667,48.9]}},{"type":"Feature","properties":{"en":"Gloucester County","fr":"comté de Gloucester"},"geometry":{"type":"Point","coordinates":[-64.822555555556,47.717666666667]}},{"type":"Feature","properties":{"en":"Všeruby","fr":"Všeruby"},"geometry":{"type":"Point","coordinates":[13.229489399944,49.841776770067]}},{"type":"Feature","properties":{"en":"Kangiqsualujjuaq","fr":"Kangiqsualujjuaq"},"geometry":{"type":"Point","coordinates":[-65.9527777777778,58.6943333333333]}},{"type":"Feature","properties":{"en":"Ristigouche-Sud-Est","fr":"Ristigouche-Sud-Est"},"geometry":{"type":"Point","coordinates":[-66.824952777778,48.021502777778]}},{"type":"Feature","properties":{"en":"Nový Knín","fr":"Nový Knín"},"geometry":{"type":"Point","coordinates":[14.293608932196,49.788083396943]}},{"type":"Feature","properties":{"en":"Manicouagan","fr":"Manicouagan"},"geometry":{"type":"Point","coordinates":[-68.15,49.216666666667]}},{"type":"Feature","properties":{"en":"Arundel","fr":"Arundel"},"geometry":{"type":"Point","coordinates":[-74.6167,45.9667]}},{"type":"Feature","properties":{"en":"Kneehill County","fr":"comté de Kneehill"},"geometry":{"type":"Point","coordinates":[-113.26444444444,51.707222222222]}},{"type":"Feature","properties":{"en":"D'Autray","fr":"D'Autray"},"geometry":{"type":"Point","coordinates":[-73.1667,46.1667]}},{"type":"Feature","properties":{"en":"Trmice","fr":"Trmice"},"geometry":{"type":"Point","coordinates":[13.994595933251,50.642946369408]}},{"type":"Feature","properties":{"en":"Hořovice","fr":"Hořovice"},"geometry":{"type":"Point","coordinates":[13.902738643216,49.836060857067]}},{"type":"Feature","properties":{"en":"Montcalm","fr":"Montcalm"},"geometry":{"type":"Point","coordinates":[-73.6667,45.9]}},{"type":"Feature","properties":{"en":"Chilliwack","fr":"Chilliwack"},"geometry":{"type":"Point","coordinates":[-121.9525,49.1711111111111]}},{"type":"Feature","properties":{"en":"Catanduva","fr":"Catanduva"},"geometry":{"type":"Point","coordinates":[-48.972777777778,-21.137777777778]}},{"type":"Feature","properties":{"en":"Lac La Biche","fr":"Lac La Biche"},"geometry":{"type":"Point","coordinates":[-111.979,54.7703]}},{"type":"Feature","properties":{"en":"Coronation","fr":"Coronation"},"geometry":{"type":"Point","coordinates":[-111.433,52.0878]}},{"type":"Feature","properties":{"en":"Whitecourt","fr":"Whitecourt"},"geometry":{"type":"Point","coordinates":[-115.68333333333,54.141666666667]}},{"type":"Feature","properties":{"en":"Nasavrky","fr":"Nasavrky"},"geometry":{"type":"Point","coordinates":[15.804661170541,49.844541582828]}},{"type":"Feature","properties":{"en":"Castor","fr":"Castor"},"geometry":{"type":"Point","coordinates":[-111.909,52.22]}},{"type":"Feature","properties":{"en":"Rakovník","fr":"Rakovník"},"geometry":{"type":"Point","coordinates":[13.733472751214,50.103792787995]}},{"type":"Feature","properties":{"en":"New Carlisle","fr":"New Carlisle"},"geometry":{"type":"Point","coordinates":[-65.3280555555556,48.0091666666667]}},{"type":"Feature","properties":{"en":"Deschambault-Grondines","fr":"Deschambault-Grondines"},"geometry":{"type":"Point","coordinates":[-71.933333333333,46.65]}},{"type":"Feature","properties":{"en":"Vernon","fr":"Vernon"},"geometry":{"type":"Point","coordinates":[-119.272,50.267]}},{"type":"Feature","properties":{"en":"Lloydminster","fr":"Lloydminster"},"geometry":{"type":"Point","coordinates":[-110.005,53.278333333333]}},{"type":"Feature","properties":{"en":"Domažlice","fr":"Domažlice"},"geometry":{"type":"Point","coordinates":[12.929798039263,49.440605680467]}},{"type":"Feature","properties":{"en":"Chrudim","fr":"Chrudim"},"geometry":{"type":"Point","coordinates":[15.795635790875,49.951136279202]}},{"type":"Feature","properties":{"en":"Rokycany","fr":"Rokycany"},"geometry":{"type":"Point","coordinates":[13.594638741285,49.742793661264]}},{"type":"Feature","properties":{"en":"Nové Město na Moravě","fr":"Nové Město na Moravě"},"geometry":{"type":"Point","coordinates":[16.074220542261,49.561481877592]}},{"type":"Feature","properties":{"en":"Frýdlant","fr":"Frýdlant"},"geometry":{"type":"Point","coordinates":[15.079858729413,50.921451823669]}},{"type":"Feature","properties":{"en":"Litvínov","fr":"Litvínov"},"geometry":{"type":"Point","coordinates":[13.611212988257,50.60077979319]}},{"type":"Feature","properties":{"en":"Třinec","fr":"Třinec"},"geometry":{"type":"Point","coordinates":[18.670814768494,49.677609314509]}},{"type":"Feature","properties":{"en":"Ostrov","fr":"Ostrov"},"geometry":{"type":"Point","coordinates":[12.939153516476,50.306035004821]}},{"type":"Feature","properties":{"en":"Kralupy nad Vltavou","fr":"Kralupy nad Vltavou"},"geometry":{"type":"Point","coordinates":[14.311574668457,50.241148972524]}},{"type":"Feature","properties":{"en":"Sakai","fr":"Sakai"},"geometry":{"type":"Point","coordinates":[136.231444444444,36.1669444444444]}},{"type":"Feature","properties":{"en":"Sakuragawa","fr":"Sakuragawa"},"geometry":{"type":"Point","coordinates":[140.090555555556,36.3273055555556]}},{"type":"Feature","properties":{"en":"Kizugawa","fr":"Kizugawa"},"geometry":{"type":"Point","coordinates":[135.820083333333,34.7371388888889]}},{"type":"Feature","properties":{"en":"Asakuchi","fr":"Asakuchi"},"geometry":{"type":"Point","coordinates":[133.584861111111,34.5278888888889]}},{"type":"Feature","properties":{"en":"Miyoshi","fr":"Miyoshi"},"geometry":{"type":"Point","coordinates":[133.807166666667,34.0260277777778]}},{"type":"Feature","properties":{"en":"Minamishimabara","fr":"Minamishimabara"},"geometry":{"type":"Point","coordinates":[130.297777777778,32.6598055555556]}},{"type":"Feature","properties":{"en":"Kanzaki","fr":"Kanzaki"},"geometry":{"type":"Point","coordinates":[130.371472222222,33.3118888888889]}},{"type":"Feature","properties":{"en":"Miyawaka","fr":"Miyawaka"},"geometry":{"type":"Point","coordinates":[130.667388888889,33.7236944444444]}},{"type":"Feature","properties":{"en":"Yufu","fr":"Yufu"},"geometry":{"type":"Point","coordinates":[131.426777777778,33.1800833333333]}},{"type":"Feature","properties":{"en":"Miyama","fr":"Miyama"},"geometry":{"type":"Point","coordinates":[130.47475,33.1524166666667]}},{"type":"Feature","properties":{"en":"Broumov","fr":"Broumov"},"geometry":{"type":"Point","coordinates":[16.331904763502,50.585690135728]}},{"type":"Feature","properties":{"en":"Inukjuak","fr":"Inukjuak"},"geometry":{"type":"Point","coordinates":[-78.1,58.45]}},{"type":"Feature","properties":{"en":"Kangirsuk","fr":"Kangirsuk"},"geometry":{"type":"Point","coordinates":[-70.0278,60.0181]}},{"type":"Feature","properties":{"en":"Timmins","fr":"Timmins"},"geometry":{"type":"Point","coordinates":[-81.3313888888889,48.4716666666667]}},{"type":"Feature","properties":{"en":"West Vancouver","fr":"West Vancouver"},"geometry":{"type":"Point","coordinates":[-123.167,49.3667]}},{"type":"Feature","properties":{"en":"Kangiqsujuaq","fr":"Kangiqsujuaq"},"geometry":{"type":"Point","coordinates":[-71.9667,61.6]}},{"type":"Feature","properties":{"en":"Canmore","fr":"Canmore"},"geometry":{"type":"Point","coordinates":[-115.36802777778,51.083666666667]}},{"type":"Feature","properties":{"en":"Bruce County","fr":"comté de Bruce"},"geometry":{"type":"Point","coordinates":[-81.25,44.5]}},{"type":"Feature","properties":{"en":"Olds","fr":"Olds"},"geometry":{"type":"Point","coordinates":[-114.107,51.7928]}},{"type":"Feature","properties":{"en":"Brumov-Bylnice","fr":"Brumov-Bylnice"},"geometry":{"type":"Point","coordinates":[18.023099545168,49.090871365095]}},{"type":"Feature","properties":{"en":"Kenora","fr":"Kenora"},"geometry":{"type":"Point","coordinates":[-94.483333333333,49.766666666667]}},{"type":"Feature","properties":{"en":"Sooke","fr":"Sooke"},"geometry":{"type":"Point","coordinates":[-123.738,48.3761]}},{"type":"Feature","properties":{"en":"Bruntál","fr":"Bruntál"},"geometry":{"type":"Point","coordinates":[17.464759014801,49.988449251745]}},{"type":"Feature","properties":{"en":"Gravelbourg","fr":"Gravelbourg"},"geometry":{"type":"Point","coordinates":[-106.555,49.874]}},{"type":"Feature","properties":{"en":"Brušperk","fr":"Brušperk"},"geometry":{"type":"Point","coordinates":[18.22213385715,49.700084988917]}},{"type":"Feature","properties":{"en":"Thessalon","fr":"Thessalon"},"geometry":{"type":"Point","coordinates":[-83.55,46.25]}},{"type":"Feature","properties":{"en":"Chestermere","fr":"Chestermere"},"geometry":{"type":"Point","coordinates":[-113.823,51.05]}},{"type":"Feature","properties":{"en":"Jasper","fr":"Jasper"},"geometry":{"type":"Point","coordinates":[-118.082,52.8731]}},{"type":"Feature","properties":{"en":"Unzen","fr":"Unzen"},"geometry":{"type":"Point","coordinates":[130.187527777778,32.8351944444444]}},{"type":"Feature","properties":{"en":"Třešť","fr":"Třešť"},"geometry":{"type":"Point","coordinates":[15.482137396507,49.29097119215]}},{"type":"Feature","properties":{"en":"Vysoké Mýto","fr":"Vysoké Mýto"},"geometry":{"type":"Point","coordinates":[16.161752006464,49.953240035812]}},{"type":"Feature","properties":{"en":"Chodov","fr":"Chodov"},"geometry":{"type":"Point","coordinates":[12.753403883747,50.241450598051]}},{"type":"Feature","properties":{"en":"Jaroměř","fr":"Jaroměř"},"geometry":{"type":"Point","coordinates":[15.921447438363,50.356235289292]}},{"type":"Feature","properties":{"en":"Kraslice","fr":"Kraslice"},"geometry":{"type":"Point","coordinates":[12.517556147716,50.323842588747]}},{"type":"Feature","properties":{"en":"Lanškroun","fr":"Lanškroun"},"geometry":{"type":"Point","coordinates":[16.611954510979,49.912192261266]}},{"type":"Feature","properties":{"en":"Kuřim","fr":"Kuřim"},"geometry":{"type":"Point","coordinates":[16.53146211908,49.298546446655]}},{"type":"Feature","properties":{"en":"Sušice","fr":"Sušice"},"geometry":{"type":"Point","coordinates":[13.520207848015,49.231161465796]}},{"type":"Feature","properties":{"en":"Humpolec","fr":"Humpolec"},"geometry":{"type":"Point","coordinates":[15.359357331212,49.541577778709]}},{"type":"Feature","properties":{"en":"Lovosice","fr":"Lovosice"},"geometry":{"type":"Point","coordinates":[14.051126534986,50.515121498998]}},{"type":"Feature","properties":{"en":"Pelhřimov","fr":"Pelhřimov"},"geometry":{"type":"Point","coordinates":[15.223389364189,49.431396763393]}},{"type":"Feature","properties":{"en":"Moravská Třebová","fr":"Moravská Třebová"},"geometry":{"type":"Point","coordinates":[16.664303989895,49.757953873208]}},{"type":"Feature","properties":{"en":"Nový Bor","fr":"Nový Bor"},"geometry":{"type":"Point","coordinates":[14.555662165889,50.757681178047]}},{"type":"Feature","properties":{"en":"Rychnov nad Kněžnou","fr":"Rychnov nad Kněžnou"},"geometry":{"type":"Point","coordinates":[16.274954757842,50.162870787815]}},{"type":"Feature","properties":{"en":"Lázně Kynžvart","fr":"Lázně Kynžvart"},"geometry":{"type":"Point","coordinates":[12.624806950422,50.010699307737]}},{"type":"Feature","properties":{"en":"Vlašim","fr":"Vlašim"},"geometry":{"type":"Point","coordinates":[14.898853788831,49.706391051684]}},{"type":"Feature","properties":{"en":"Hostinné","fr":"Hostinné"},"geometry":{"type":"Point","coordinates":[15.723429505909,50.540706652015]}},{"type":"Feature","properties":{"en":"Sázava","fr":"Sázava"},"geometry":{"type":"Point","coordinates":[14.896794718867,49.871708476008]}},{"type":"Feature","properties":{"en":"Upton","fr":"Upton"},"geometry":{"type":"Point","coordinates":[-72.6936111111111,45.6505555555555]}},{"type":"Feature","properties":{"en":"Duszniki-Zdrój","fr":"Duszniki-Zdrój"},"geometry":{"type":"Point","coordinates":[16.3908333333333,50.4030555555556]}},{"type":"Feature","properties":{"en":"Ustroń","fr":"Ustroń"},"geometry":{"type":"Point","coordinates":[18.8019444444444,49.7213888888889]}},{"type":"Feature","properties":{"en":"Pyskowice","fr":"Pyskowice"},"geometry":{"type":"Point","coordinates":[18.6275,50.3980555555556]}},{"type":"Feature","properties":{"en":"Raymond","fr":"Raymond"},"geometry":{"type":"Point","coordinates":[-112.651,49.4658]}},{"type":"Feature","properties":{"en":"Budišov nad Budišovkou","fr":"Budišov nad Budišovkou"},"geometry":{"type":"Point","coordinates":[17.629731105793,49.795113342651]}},{"type":"Feature","properties":{"en":"Teplá","fr":"Teplá"},"geometry":{"type":"Point","coordinates":[12.863113923216,49.981955311597]}},{"type":"Feature","properties":{"en":"North Vancouver","fr":"North Vancouver"},"geometry":{"type":"Point","coordinates":[-123.06666666667,49.316666666667]}},{"type":"Feature","properties":{"en":"Světlá nad Sázavou","fr":"Světlá nad Sázavou"},"geometry":{"type":"Point","coordinates":[15.403979061829,49.668062440319]}},{"type":"Feature","properties":{"en":"Budyně nad Ohří","fr":"Budyně nad Ohří"},"geometry":{"type":"Point","coordinates":[14.125997179378,50.404354356138]}},{"type":"Feature","properties":{"en":"Senneville","fr":"Senneville"},"geometry":{"type":"Point","coordinates":[-73.95,45.41666]}},{"type":"Feature","properties":{"en":"Stratford","fr":"Stratford"},"geometry":{"type":"Point","coordinates":[-63.089330555556,46.216663888889]}},{"type":"Feature","properties":{"en":"Westlock","fr":"Westlock"},"geometry":{"type":"Point","coordinates":[-113.851111,54.152222]}},{"type":"Feature","properties":{"en":"Killam","fr":"Killam"},"geometry":{"type":"Point","coordinates":[-111.854,52.7892]}},{"type":"Feature","properties":{"en":"Daysland","fr":"Daysland"},"geometry":{"type":"Point","coordinates":[-112.254,52.865]}},{"type":"Feature","properties":{"en":"Natashquan","fr":"Natashquan"},"geometry":{"type":"Point","coordinates":[-61.816666666667,50.183333333333]}},{"type":"Feature","properties":{"en":"Fort Saskatchewan","fr":"Fort Saskatchewan"},"geometry":{"type":"Point","coordinates":[-113.21305555556,53.712777777778]}},{"type":"Feature","properties":{"en":"Cobourg","fr":"Cobourg"},"geometry":{"type":"Point","coordinates":[-78.166666666667,43.966666666667]}},{"type":"Feature","properties":{"en":"Greater Napanee","fr":"Greater Napanee"},"geometry":{"type":"Point","coordinates":[-76.95,44.25]}},{"type":"Feature","properties":{"en":"Plasy","fr":"Plasy"},"geometry":{"type":"Point","coordinates":[13.390418528751,49.934590172774]}},{"type":"Feature","properties":{"en":"Vrchlabí","fr":"Vrchlabí"},"geometry":{"type":"Point","coordinates":[15.609473689336,50.627013945049]}},{"type":"Feature","properties":{"en":"Vizovice","fr":"Vizovice"},"geometry":{"type":"Point","coordinates":[17.854557978828,49.222868373919]}},{"type":"Feature","properties":{"en":"Cvikov","fr":"Cvikov"},"geometry":{"type":"Point","coordinates":[14.633085701023,50.776745075033]}},{"type":"Feature","properties":{"en":"Horní Blatná","fr":"Horní Blatná"},"geometry":{"type":"Point","coordinates":[12.771021400239,50.3904959362]}},{"type":"Feature","properties":{"en":"Ivančice","fr":"Ivančice"},"geometry":{"type":"Point","coordinates":[16.377529198529,49.101477851144]}},{"type":"Feature","properties":{"en":"Rožnov pod Radhoštěm","fr":"Rožnov pod Radhoštěm"},"geometry":{"type":"Point","coordinates":[18.143045316957,49.45851736056]}},{"type":"Feature","properties":{"en":"Semily","fr":"Semily"},"geometry":{"type":"Point","coordinates":[15.33561979968,50.601957959876]}},{"type":"Feature","properties":{"en":"Stříbro","fr":"Stříbro"},"geometry":{"type":"Point","coordinates":[13.004146255782,49.753048391098]}},{"type":"Feature","properties":{"en":"Havre-Saint-Pierre","fr":"Havre-Saint-Pierre"},"geometry":{"type":"Point","coordinates":[-63.5972222222222,50.245]}},{"type":"Feature","properties":{"en":"Sexsmith","fr":"Sexsmith"},"geometry":{"type":"Point","coordinates":[-118.769,55.3453]}},{"type":"Feature","properties":{"en":"Vodňany","fr":"Vodňany"},"geometry":{"type":"Point","coordinates":[14.175148006577,49.147976092242]}},{"type":"Feature","properties":{"en":"Kojetín","fr":"Kojetín"},"geometry":{"type":"Point","coordinates":[17.302089031356,49.351803869882]}},{"type":"Feature","properties":{"en":"Staré Město","fr":"Staré Město"},"geometry":{"type":"Point","coordinates":[17.433385613484,49.075157294006]}},{"type":"Feature","properties":{"en":"Nová Role","fr":"Nová Role"},"geometry":{"type":"Point","coordinates":[12.784301710647,50.271030375945]}},{"type":"Feature","properties":{"en":"Vracov","fr":"Vracov"},"geometry":{"type":"Point","coordinates":[17.21099802362,48.975242894127]}},{"type":"Feature","properties":{"en":"Otrokovice","fr":"Otrokovice"},"geometry":{"type":"Point","coordinates":[17.530780558281,49.209921755941]}},{"type":"Feature","properties":{"en":"Innisfail","fr":"Innisfail"},"geometry":{"type":"Point","coordinates":[-113.95,52.0333]}},{"type":"Feature","properties":{"en":"Frýdlant nad Ostravicí","fr":"Frýdlant nad Ostravicí"},"geometry":{"type":"Point","coordinates":[18.359696643447,49.592787662664]}},{"type":"Feature","properties":{"en":"Hluboká nad Vltavou","fr":"Hluboká nad Vltavou"},"geometry":{"type":"Point","coordinates":[14.434283204502,49.052328810727]}},{"type":"Feature","properties":{"en":"Letohrad","fr":"Letohrad"},"geometry":{"type":"Point","coordinates":[16.498848119659,50.035827763428]}},{"type":"Feature","properties":{"en":"Libochovice","fr":"Libochovice"},"geometry":{"type":"Point","coordinates":[14.044477760545,50.40634751873]}},{"type":"Feature","properties":{"en":"Mšeno","fr":"Mšeno"},"geometry":{"type":"Point","coordinates":[14.632592830591,50.438161220326]}},{"type":"Feature","properties":{"en":"Stod","fr":"Stod"},"geometry":{"type":"Point","coordinates":[13.16478397126,49.639196063817]}},{"type":"Feature","properties":{"en":"Itoshima","fr":"Itoshima"},"geometry":{"type":"Point","coordinates":[130.1955,33.5573055555556]}},{"type":"Feature","properties":{"en":"Golčův Jeníkov","fr":"Golčův Jeníkov"},"geometry":{"type":"Point","coordinates":[15.476915396147,49.816312662753]}},{"type":"Feature","properties":{"en":"Puvirnituq","fr":"Puvirnituq"},"geometry":{"type":"Point","coordinates":[-77.283333333333,60.033333333333]}},{"type":"Feature","properties":{"en":"Drumheller","fr":"Drumheller"},"geometry":{"type":"Point","coordinates":[-112.71944444444,51.463611111111]}},{"type":"Feature","properties":{"en":"Redcliff","fr":"Redcliff"},"geometry":{"type":"Point","coordinates":[-110.77833333333,50.079166666667]}},{"type":"Feature","properties":{"en":"Ivujivik","fr":"Ivujivik"},"geometry":{"type":"Point","coordinates":[-77.9083,62.4167]}},{"type":"Feature","properties":{"en":"Spruce Grove","fr":"Spruce Grove"},"geometry":{"type":"Point","coordinates":[-113.90083333333,53.545]}},{"type":"Feature","properties":{"en":"Chyše","fr":"Chyše"},"geometry":{"type":"Point","coordinates":[13.249140306818,50.104731164453]}},{"type":"Feature","properties":{"en":"Dačice","fr":"Dačice"},"geometry":{"type":"Point","coordinates":[15.437278856602,49.081598679718]}},{"type":"Feature","properties":{"en":"Rýmařov","fr":"Rýmařov"},"geometry":{"type":"Point","coordinates":[17.271821662136,49.931838496043]}},{"type":"Feature","properties":{"en":"Chlumec nad Cidlinou","fr":"Chlumec nad Cidlinou"},"geometry":{"type":"Point","coordinates":[15.460334603393,50.154454367424]}},{"type":"Feature","properties":{"en":"Hluk","fr":"Hluk"},"geometry":{"type":"Point","coordinates":[17.526680219708,48.988126434505]}},{"type":"Feature","properties":{"en":"Chrastava","fr":"Chrastava"},"geometry":{"type":"Point","coordinates":[14.968948444345,50.81698593906]}},{"type":"Feature","properties":{"en":"Toužim","fr":"Toužim"},"geometry":{"type":"Point","coordinates":[12.985129225835,50.060603889316]}},{"type":"Feature","properties":{"en":"Slaný","fr":"Slaný"},"geometry":{"type":"Point","coordinates":[14.087014267434,50.230541170014]}},{"type":"Feature","properties":{"en":"Polička","fr":"Polička"},"geometry":{"type":"Point","coordinates":[16.265478874053,49.714679390589]}},{"type":"Feature","properties":{"en":"Vimperk","fr":"Vimperk"},"geometry":{"type":"Point","coordinates":[13.774271666134,49.052527919987]}},{"type":"Feature","properties":{"en":"Kahnawake","fr":"Kahnawake"},"geometry":{"type":"Point","coordinates":[-73.6833,45.4167]}},{"type":"Feature","properties":{"en":"Nalžovské Hory","fr":"Nalžovské Hory"},"geometry":{"type":"Point","coordinates":[13.549639891716,49.333677270586]}},{"type":"Feature","properties":{"en":"Milevsko","fr":"Milevsko"},"geometry":{"type":"Point","coordinates":[14.36004017878,49.450972060646]}},{"type":"Feature","properties":{"en":"Nové Strašecí","fr":"Nové Strašecí"},"geometry":{"type":"Point","coordinates":[13.900503723787,50.152805461272]}},{"type":"Feature","properties":{"en":"Bílovec","fr":"Bílovec"},"geometry":{"type":"Point","coordinates":[18.015853348325,49.756380390942]}},{"type":"Feature","properties":{"en":"Moravský Beroun","fr":"Moravský Beroun"},"geometry":{"type":"Point","coordinates":[17.442162192508,49.79374776492]}},{"type":"Feature","properties":{"en":"Hinton","fr":"Hinton"},"geometry":{"type":"Point","coordinates":[-117.564,53.4114]}},{"type":"Feature","properties":{"en":"Protivín","fr":"Protivín"},"geometry":{"type":"Point","coordinates":[14.21719630313,49.199569401436]}},{"type":"Feature","properties":{"en":"Oloví","fr":"Oloví"},"geometry":{"type":"Point","coordinates":[12.558849661898,50.251250156329]}},{"type":"Feature","properties":{"en":"Nýřany","fr":"Nýřany"},"geometry":{"type":"Point","coordinates":[13.211901020269,49.711560287657]}},{"type":"Feature","properties":{"en":"Chropyně","fr":"Chropyně"},"geometry":{"type":"Point","coordinates":[17.364532053366,49.356449955938]}},{"type":"Feature","properties":{"en":"Kralovice","fr":"Královice"},"geometry":{"type":"Point","coordinates":[13.487539689183,49.982014872684]}},{"type":"Feature","properties":{"en":"Podbořany","fr":"Podbořany"},"geometry":{"type":"Point","coordinates":[13.411998129955,50.229466858401]}},{"type":"Feature","properties":{"en":"Nová Paka","fr":"Nová Paka"},"geometry":{"type":"Point","coordinates":[15.515123613971,50.494542634207]}},{"type":"Feature","properties":{"en":"Rotava","fr":"Rotava"},"geometry":{"type":"Point","coordinates":[12.573493433301,50.296387032069]}},{"type":"Feature","properties":{"en":"Horní Jelení","fr":"Horní Jelení"},"geometry":{"type":"Point","coordinates":[16.084028586754,50.049047127984]}},{"type":"Feature","properties":{"en":"Lázně Bělohrad","fr":"Lázně Bělohrad"},"geometry":{"type":"Point","coordinates":[15.582779302884,50.42879172604]}},{"type":"Feature","properties":{"en":"Courtenay","fr":"Courtenay"},"geometry":{"type":"Point","coordinates":[-124.994,49.6878]}},{"type":"Feature","properties":{"en":"Cold Lake","fr":"Cold Lake"},"geometry":{"type":"Point","coordinates":[-110.183,54.4642]}},{"type":"Feature","properties":{"en":"Owen Sound","fr":"Owen Sound"},"geometry":{"type":"Point","coordinates":[-80.9430555555556,44.5677777777778]}},{"type":"Feature","properties":{"en":"Mnichovo Hradiště","fr":"Mnichovo Hradiště"},"geometry":{"type":"Point","coordinates":[14.971430407266,50.527266026167]}},{"type":"Feature","properties":{"en":"Nové Sedlo","fr":"Nové Sedlo"},"geometry":{"type":"Point","coordinates":[12.738085317099,50.206581426026]}},{"type":"Feature","properties":{"en":"Volyně","fr":"Volyně"},"geometry":{"type":"Point","coordinates":[13.88625653958,49.16587049083]}},{"type":"Feature","properties":{"en":"Habartov","fr":"Habartov"},"geometry":{"type":"Point","coordinates":[12.550615081668,50.183085358271]}},{"type":"Feature","properties":{"en":"Strathmore","fr":"Strathmore"},"geometry":{"type":"Point","coordinates":[-113.400278,51.037778]}},{"type":"Feature","properties":{"en":"Odry","fr":"Odry"},"geometry":{"type":"Point","coordinates":[17.830879019923,49.66254664793]}},{"type":"Feature","properties":{"en":"Přelouč","fr":"Přelouč"},"geometry":{"type":"Point","coordinates":[15.560373291128,50.039897141756]}},{"type":"Feature","properties":{"en":"Donalda","fr":"Donalda"},"geometry":{"type":"Point","coordinates":[-112.572,52.5828]}},{"type":"Feature","properties":{"en":"Red Lake","fr":"Red Lake"},"geometry":{"type":"Point","coordinates":[-93.83374,51.01676]}},{"type":"Feature","properties":{"en":"Bystřice nad Pernštejnem","fr":"Bystřice nad Pernštejnem"},"geometry":{"type":"Point","coordinates":[16.261501207469,49.522980589139]}},{"type":"Feature","properties":{"en":"Bzenec","fr":"Bzenec"},"geometry":{"type":"Point","coordinates":[17.266852936959,48.97337624906]}},{"type":"Feature","properties":{"en":"Rychvald","fr":"Rychvald"},"geometry":{"type":"Point","coordinates":[18.376307429057,49.86623590309]}},{"type":"Feature","properties":{"en":"Nový Bydžov","fr":"Nový Bydžov"},"geometry":{"type":"Point","coordinates":[15.490898003773,50.241552543371]}},{"type":"Feature","properties":{"en":"Lysá nad Labem","fr":"Lysá nad Labem"},"geometry":{"type":"Point","coordinates":[14.832888718706,50.201496776686]}},{"type":"Feature","properties":{"en":"Chýnov","fr":"Chýnov"},"geometry":{"type":"Point","coordinates":[14.811247502974,49.406837870531]}},{"type":"Feature","properties":{"en":"Napajedla","fr":"Napajedla"},"geometry":{"type":"Point","coordinates":[17.51195508558,49.171564523809]}},{"type":"Feature","properties":{"en":"Trhové Sviny","fr":"Trhové Sviny"},"geometry":{"type":"Point","coordinates":[14.639241403372,48.842389190234]}},{"type":"Feature","properties":{"en":"Chabařovice","fr":"Chabařovice"},"geometry":{"type":"Point","coordinates":[13.941947767704,50.673266572872]}},{"type":"Feature","properties":{"en":"Jílové u Prahy","fr":"Jílové u Prahy"},"geometry":{"type":"Point","coordinates":[14.493387704233,49.895520876972]}},{"type":"Feature","properties":{"en":"Město Albrechtice","fr":"Město Albrechtice"},"geometry":{"type":"Point","coordinates":[17.574874111245,50.162940734203]}},{"type":"Feature","properties":{"en":"Velký Šenov","fr":"Velký Šenov"},"geometry":{"type":"Point","coordinates":[14.374401743973,50.990853600264]}},{"type":"Feature","properties":{"en":"Vamberk","fr":"Vamberk"},"geometry":{"type":"Point","coordinates":[16.290742760724,50.117591352648]}},{"type":"Feature","properties":{"en":"Olešnice","fr":"Olešnice"},"geometry":{"type":"Point","coordinates":[16.421726188551,49.55758503246]}},{"type":"Feature","properties":{"en":"Nové Hrady","fr":"Nové Hrady"},"geometry":{"type":"Point","coordinates":[14.778383079905,48.789702265925]}},{"type":"Feature","properties":{"en":"Dobřany","fr":"Dobřany"},"geometry":{"type":"Point","coordinates":[13.293116667157,49.654927628789]}},{"type":"Feature","properties":{"en":"Hronov","fr":"Hronov"},"geometry":{"type":"Point","coordinates":[16.182393097246,50.47971690936]}},{"type":"Feature","properties":{"en":"Studénka","fr":"Studénka"},"geometry":{"type":"Point","coordinates":[18.078565781992,49.723408972599]}},{"type":"Feature","properties":{"en":"Bécancour","fr":"Bécancour"},"geometry":{"type":"Point","coordinates":[-72.183333333333,46.316666666667]}},{"type":"Feature","properties":{"en":"Hrob","fr":"Hrob"},"geometry":{"type":"Point","coordinates":[13.726864584511,50.659283194464]}},{"type":"Feature","properties":{"en":"Nové Město nad Metují","fr":"Nové Město nad Metují"},"geometry":{"type":"Point","coordinates":[16.151547223496,50.344598880803]}},{"type":"Feature","properties":{"en":"Vyšší Brod","fr":"Vyšší Brod"},"geometry":{"type":"Point","coordinates":[14.311814549008,48.616062834537]}},{"type":"Feature","properties":{"en":"Postoloprty","fr":"Postoloprty"},"geometry":{"type":"Point","coordinates":[13.702996227431,50.359880648319]}},{"type":"Feature","properties":{"en":"Přimda","fr":"Přimda"},"geometry":{"type":"Point","coordinates":[12.67370999759,49.674995751768]}},{"type":"Feature","properties":{"en":"Choceň","fr":"Choceň"},"geometry":{"type":"Point","coordinates":[16.223087674169,50.00163914968]}},{"type":"Feature","properties":{"en":"Bělá pod Bezdězem","fr":"Bělá pod Bezdězem"},"geometry":{"type":"Point","coordinates":[14.804180555556,50.501213888889]}},{"type":"Feature","properties":{"en":"Moravské Budějovice","fr":"Moravské Budějovice"},"geometry":{"type":"Point","coordinates":[15.808653302577,49.05213602726]}},{"type":"Feature","properties":{"en":"Kamenice nad Lipou","fr":"Kamenice nad Lipou"},"geometry":{"type":"Point","coordinates":[15.075214609068,49.303096203439]}},{"type":"Feature","properties":{"en":"Opočno","fr":"Opočno"},"geometry":{"type":"Point","coordinates":[16.114874404709,50.267452244873]}},{"type":"Feature","properties":{"en":"Březnice","fr":"Breznice"},"geometry":{"type":"Point","coordinates":[13.950670501077,49.557721273425]}},{"type":"Feature","properties":{"en":"Janské Lázně","fr":"Janské Lázně"},"geometry":{"type":"Point","coordinates":[15.781908509876,50.631131119974]}},{"type":"Feature","properties":{"en":"Norway House","fr":"Norway House"},"geometry":{"type":"Point","coordinates":[-97.8156,53.9903]}},{"type":"Feature","properties":{"en":"Přeštice","fr":"Přeštice"},"geometry":{"type":"Point","coordinates":[13.333542808445,49.573084901444]}},{"type":"Feature","properties":{"en":"Luže","fr":"Luže"},"geometry":{"type":"Point","coordinates":[16.028555373521,49.893452667849]}},{"type":"Feature","properties":{"en":"Lipník nad Bečvou","fr":"Lipník nad Bečvou"},"geometry":{"type":"Point","coordinates":[17.58633834226,49.527549239447]}},{"type":"Feature","properties":{"en":"Doksy","fr":"Doksy"},"geometry":{"type":"Point","coordinates":[14.65562316455,50.564781686941]}},{"type":"Feature","properties":{"en":"Meziboří","fr":"Meziboří"},"geometry":{"type":"Point","coordinates":[13.598802095006,50.621246387357]}},{"type":"Feature","properties":{"en":"Bělá nad Radbuzou","fr":"Bělá nad Radbuzou"},"geometry":{"type":"Point","coordinates":[12.717651730923,49.591266278345]}},{"type":"Feature","properties":{"en":"Břidličná","fr":"Břidličná"},"geometry":{"type":"Point","coordinates":[17.371125910979,49.911676127224]}},{"type":"Feature","properties":{"en":"Chernomorets","fr":"Tchernomorets"},"geometry":{"type":"Point","coordinates":[27.638703,42.44437]}},{"type":"Feature","properties":{"en":"Drayton Valley","fr":"Drayton Valley"},"geometry":{"type":"Point","coordinates":[-114.977,53.2222]}},{"type":"Feature","properties":{"en":"Třemošnice","fr":"Třemošnice"},"geometry":{"type":"Point","coordinates":[15.580079728988,49.869168110657]}},{"type":"Feature","properties":{"en":"Velká Bystřice","fr":"Velká Bystřice"},"geometry":{"type":"Point","coordinates":[17.36401034063,49.594235374559]}},{"type":"Feature","properties":{"en":"Smečno","fr":"Smečno"},"geometry":{"type":"Point","coordinates":[14.040442643304,50.188522208334]}},{"type":"Feature","properties":{"en":"Jaroměřice nad Rokytnou","fr":"Jaroměřice nad Rokytnou"},"geometry":{"type":"Point","coordinates":[15.893317828738,49.094127133927]}},{"type":"Feature","properties":{"en":"Plumlov","fr":"Plumlov"},"geometry":{"type":"Point","coordinates":[17.015045041505,49.46615320201]}},{"type":"Feature","properties":{"en":"Dolní Kounice","fr":"Dolní Kounice"},"geometry":{"type":"Point","coordinates":[16.464928890409,49.070143005914]}},{"type":"Feature","properties":{"en":"Miyoshi","fr":"Miyoshi"},"geometry":{"type":"Point","coordinates":[137.074833333333,35.0894444444444]}},{"type":"Feature","properties":{"en":"Klobouky u Brna","fr":"Klobouky u Brna"},"geometry":{"type":"Point","coordinates":[16.859516743457,48.99503415067]}},{"type":"Feature","properties":{"en":"Podivín","fr":"Podivín"},"geometry":{"type":"Point","coordinates":[16.848213144204,48.825563494413]}},{"type":"Feature","properties":{"en":"Hustopeče","fr":"Hustopeče"},"geometry":{"type":"Point","coordinates":[16.73762221643,48.940871942774]}},{"type":"Feature","properties":{"en":"Huntsville","fr":"Huntsville"},"geometry":{"type":"Point","coordinates":[-79.216666666667,45.333333333333]}},{"type":"Feature","properties":{"en":"Velvary","fr":"Velvary"},"geometry":{"type":"Point","coordinates":[14.236239312746,50.28159550962]}},{"type":"Feature","properties":{"en":"Lipnice nad Sázavou","fr":"Lipnice nad Sázavou"},"geometry":{"type":"Point","coordinates":[15.413601512044,49.613077554479]}},{"type":"Feature","properties":{"en":"Javorník","fr":"Javorník"},"geometry":{"type":"Point","coordinates":[17.002798599818,50.390785886776]}},{"type":"Feature","properties":{"en":"Vidnava","fr":"Vidnava"},"geometry":{"type":"Point","coordinates":[17.18633535014,50.372348807006]}},{"type":"Feature","properties":{"en":"Janov","fr":"Janov"},"geometry":{"type":"Point","coordinates":[17.4812607676,50.244855788443]}},{"type":"Feature","properties":{"en":"Rosice","fr":"Rosice"},"geometry":{"type":"Point","coordinates":[16.387885945617,49.1823520088]}},{"type":"Feature","properties":{"en":"Merritt","fr":"Merritt"},"geometry":{"type":"Point","coordinates":[-120.78666666667,50.111944444444]}},{"type":"Feature","properties":{"en":"Castlegar","fr":"Castlegar"},"geometry":{"type":"Point","coordinates":[-117.66472222222,49.326111111111]}},{"type":"Feature","properties":{"en":"Uherský Ostroh","fr":"Uherský Ostroh"},"geometry":{"type":"Point","coordinates":[17.389845788707,48.985567674246]}},{"type":"Feature","properties":{"en":"Sezemice","fr":"Sezemice"},"geometry":{"type":"Point","coordinates":[15.852764757724,50.066548727454]}},{"type":"Feature","properties":{"en":"Kapuskasing","fr":"Kapuskasing"},"geometry":{"type":"Point","coordinates":[-82.416944444444,49.415277777778]}},{"type":"Feature","properties":{"en":"Dašice","fr":"Dašice"},"geometry":{"type":"Point","coordinates":[15.912504135611,50.028485685894]}},{"type":"Feature","properties":{"en":"Karolinka","fr":"Karolinka"},"geometry":{"type":"Point","coordinates":[18.240080792243,49.351265244395]}},{"type":"Feature","properties":{"en":"Mnichovice","fr":"Mnichovice"},"geometry":{"type":"Point","coordinates":[14.709130720987,49.936084569575]}},{"type":"Feature","properties":{"en":"Loštice","fr":"Loštice"},"geometry":{"type":"Point","coordinates":[16.928967697973,49.744715583376]}},{"type":"Feature","properties":{"en":"Velké Pavlovice","fr":"Velké Pavlovice"},"geometry":{"type":"Point","coordinates":[16.816048531966,48.904715556313]}},{"type":"Feature","properties":{"en":"Dobrovice","fr":"Dobrovice"},"geometry":{"type":"Point","coordinates":[14.962418289957,50.369388230822]}},{"type":"Feature","properties":{"en":"Chvaletice","fr":"Chvaletice"},"geometry":{"type":"Point","coordinates":[15.418522529824,50.034484863432]}},{"type":"Feature","properties":{"en":"Cambridge","fr":"Cambridge"},"geometry":{"type":"Point","coordinates":[-80.313888888889,43.358333333333]}},{"type":"Feature","properties":{"en":"Caniapiscau Regional County Municipality","fr":"Caniapiscau"},"geometry":{"type":"Point","coordinates":[-67.083333333333,52.783333333333]}},{"type":"Feature","properties":{"en":"Cape Breton","fr":"Cap-Breton"},"geometry":{"type":"Point","coordinates":[-60.1667,46.15]}},{"type":"Feature","properties":{"en":"Caraquet","fr":"Caraquet"},"geometry":{"type":"Point","coordinates":[-64.959166666667,47.785277777778]}},{"type":"Feature","properties":{"en":"Cariboo Regional District","fr":"district régional de Cariboo"},"geometry":{"type":"Point","coordinates":[-122.0,52.0]}},{"type":"Feature","properties":{"en":"Carleton Place","fr":"Carleton Place"},"geometry":{"type":"Point","coordinates":[-76.133333333333,45.133333333333]}},{"type":"Feature","properties":{"en":"Central Coast Regional District","fr":"district régional de Central Coast"},"geometry":{"type":"Point","coordinates":[-127.0,52.1667]}},{"type":"Feature","properties":{"en":"Central Saanich","fr":"Central Saanich"},"geometry":{"type":"Point","coordinates":[-123.384,48.5142]}},{"type":"Feature","properties":{"en":"Brooks","fr":"Brooks"},"geometry":{"type":"Point","coordinates":[-111.89888888889,50.564166666667]}},{"type":"Feature","properties":{"en":"Mackenzie County","fr":"comté de Mackenzie"},"geometry":{"type":"Point","coordinates":[-117.028333333333,58.7255555555556]}},{"type":"Feature","properties":{"en":"Chambord","fr":"Chambord"},"geometry":{"type":"Point","coordinates":[-72.0667,48.4333]}},{"type":"Feature","properties":{"en":"Metro Vancouver Regional District","fr":"district régional du Grand Vancouver"},"geometry":{"type":"Point","coordinates":[-122.98,49.2494]}},{"type":"Feature","properties":{"en":"Charlevoix-Est","fr":"Charlevoix-Est"},"geometry":{"type":"Point","coordinates":[-69.983333333333,47.733333333333]}},{"type":"Feature","properties":{"en":"Charlotte County","fr":"comté de Charlotte"},"geometry":{"type":"Point","coordinates":[-66.8333333333333,45.1666666666667]}},{"type":"Feature","properties":{"en":"Pembroke","fr":"Pembroke"},"geometry":{"type":"Point","coordinates":[-77.1167,45.8167]}},{"type":"Feature","properties":{"en":"Chrast","fr":"Chrast"},"geometry":{"type":"Point","coordinates":[15.934019325757,49.902090612776]}},{"type":"Feature","properties":{"en":"Chřibská","fr":"Chřibská"},"geometry":{"type":"Point","coordinates":[14.483086016675,50.863313762943]}},{"type":"Feature","properties":{"en":"Kamouraska","fr":"Kamouraska"},"geometry":{"type":"Point","coordinates":[-69.8667,47.5667]}},{"type":"Feature","properties":{"en":"Coaticook","fr":"Coaticook"},"geometry":{"type":"Point","coordinates":[-71.8,45.1333]}},{"type":"Feature","properties":{"en":"Cochrane","fr":"Cochrane"},"geometry":{"type":"Point","coordinates":[-114.467,51.189]}},{"type":"Feature","properties":{"en":"Cochrane District","fr":"district de Cochrane"},"geometry":{"type":"Point","coordinates":[-83.0,50.5]}},{"type":"Feature","properties":{"en":"Cockburn Island","fr":"Cockburn Island"},"geometry":{"type":"Point","coordinates":[-83.3736111111111,45.9205555555556]}},{"type":"Feature","properties":{"en":"Columbia-Shuswap Regional District","fr":"district régional de Columbia-Shuswap"},"geometry":{"type":"Point","coordinates":[-117.667,51.4167]}},{"type":"Feature","properties":{"en":"Colwood","fr":"Colwood"},"geometry":{"type":"Point","coordinates":[-123.496,48.4236]}},{"type":"Feature","properties":{"en":"Victoria County","fr":"comté de Victoria"},"geometry":{"type":"Point","coordinates":[-60.6,46.4]}},{"type":"Feature","properties":{"en":"Comox Valley Regional District","fr":"district régional de Comox Valley"},"geometry":{"type":"Point","coordinates":[-125.1,49.6]}},{"type":"Feature","properties":{"en":"Cowichan Valley Regional District","fr":"district régional de Cowichan Valley"},"geometry":{"type":"Point","coordinates":[-124.217,48.8333]}},{"type":"Feature","properties":{"en":"Dufferin County","fr":"comté de Dufferin"},"geometry":{"type":"Point","coordinates":[-80.166666666667,44.083333333333]}},{"type":"Feature","properties":{"en":"Westmorland County","fr":"comté de Westmorland"},"geometry":{"type":"Point","coordinates":[-64.515527777778,45.959861111111]}},{"type":"Feature","properties":{"en":"Meziměstí","fr":"Meziměstí"},"geometry":{"type":"Point","coordinates":[16.24217020182,50.624638426983]}},{"type":"Feature","properties":{"en":"Saint-Télesphore","fr":"Saint-Télesphore"},"geometry":{"type":"Point","coordinates":[-74.39,45.293611111111]}},{"type":"Feature","properties":{"en":"Côte-Nord-du-Golfe-du-Saint-Laurent","fr":"Côte-Nord-du-Golfe-du-Saint-Laurent"},"geometry":{"type":"Point","coordinates":[-59.478766666667,50.499497222222]}},{"type":"Feature","properties":{"en":"Oamishirasato","fr":"Ōamishirasato"},"geometry":{"type":"Point","coordinates":[140.321,35.52175]}},{"type":"Feature","properties":{"en":"Tomiya","fr":"Tomiya"},"geometry":{"type":"Point","coordinates":[140.895302777778,38.3999361111111]}},{"type":"Feature","properties":{"en":"Takizawa","fr":"Takizawa"},"geometry":{"type":"Point","coordinates":[141.077055555556,39.7346944444444]}},{"type":"Feature","properties":{"en":"Nakagawa","fr":"Nakagawa"},"geometry":{"type":"Point","coordinates":[130.422222222222,33.4995833333333]}},{"type":"Feature","properties":{"en":"Deux-Montagnes","fr":"Deux-Montagnes"},"geometry":{"type":"Point","coordinates":[-74.1,45.466666666667]}},{"type":"Feature","properties":{"en":"Deštná","fr":"Deštná"},"geometry":{"type":"Point","coordinates":[14.923979553583,49.265200237294]}},{"type":"Feature","properties":{"en":"Leduc","fr":"Leduc"},"geometry":{"type":"Point","coordinates":[-113.549,53.2594]}},{"type":"Feature","properties":{"en":"Gananoque","fr":"Gananoque"},"geometry":{"type":"Point","coordinates":[-76.166666666667,44.333333333333]}},{"type":"Feature","properties":{"en":"Dobruška","fr":"Dobruška"},"geometry":{"type":"Point","coordinates":[16.160091697745,50.292047387909]}},{"type":"Feature","properties":{"en":"Dolní Benešov","fr":"Dolní Benešov"},"geometry":{"type":"Point","coordinates":[18.108402450994,49.921002273849]}},{"type":"Feature","properties":{"en":"Dolní Poustevna","fr":"Dolní Poustevna"},"geometry":{"type":"Point","coordinates":[14.286964218032,50.982589027755]}},{"type":"Feature","properties":{"en":"Fraser Valley Regional District","fr":"district régional de Fraser Valley"},"geometry":{"type":"Point","coordinates":[-121.833,49.5833]}},{"type":"Feature","properties":{"en":"Raspenava","fr":"Raspenava"},"geometry":{"type":"Point","coordinates":[15.114763824276,50.904211053115]}},{"type":"Feature","properties":{"en":"Drummond","fr":"Drummond"},"geometry":{"type":"Point","coordinates":[-72.4833,45.8833]}},{"type":"Feature","properties":{"en":"Tovačov","fr":"Tovačov"},"geometry":{"type":"Point","coordinates":[17.287981105092,49.430843735467]}},{"type":"Feature","properties":{"en":"Regional Municipality of Wood Buffalo","fr":"Wood Buffalo"},"geometry":{"type":"Point","coordinates":[-111.38,56.7267]}},{"type":"Feature","properties":{"en":"Dubá","fr":"Dubá"},"geometry":{"type":"Point","coordinates":[14.540330603652,50.540413192855]}},{"type":"Feature","properties":{"en":"Duncan","fr":"Duncan"},"geometry":{"type":"Point","coordinates":[-123.708055555556,48.7786111111111]}},{"type":"Feature","properties":{"en":"Vegreville","fr":"Vegreville"},"geometry":{"type":"Point","coordinates":[-112.052,53.4928]}},{"type":"Feature","properties":{"en":"Rajhrad","fr":"Rajhrad"},"geometry":{"type":"Point","coordinates":[16.603886389526,49.090238953107]}},{"type":"Feature","properties":{"en":"Wawa","fr":"Wawa"},"geometry":{"type":"Point","coordinates":[-84.7736,47.9931]}},{"type":"Feature","properties":{"en":"Kars Parish","fr":"Paroisse de Kars"},"geometry":{"type":"Point","coordinates":[-65.9611,45.6188]}},{"type":"Feature","properties":{"en":"Ledeč nad Sázavou","fr":"Ledeč nad Sázavou"},"geometry":{"type":"Point","coordinates":[15.277769503404,49.695224253124]}},{"type":"Feature","properties":{"en":"Albert County","fr":"comté d'Albert"},"geometry":{"type":"Point","coordinates":[-64.883583333333,45.763916666667]}},{"type":"Feature","properties":{"en":"Sadská","fr":"Sadská"},"geometry":{"type":"Point","coordinates":[14.986406124589,50.136027226498]}},{"type":"Feature","properties":{"en":"Lomnice nad Popelkou","fr":"Lomnice nad Popelkou"},"geometry":{"type":"Point","coordinates":[15.373504846757,50.53067653642]}},{"type":"Feature","properties":{"en":"Kitimat","fr":"Kitimat"},"geometry":{"type":"Point","coordinates":[-128.652222222222,54.0533333333333]}},{"type":"Feature","properties":{"en":"Lennox and Addington County","fr":"comté de Lennox et Addington"},"geometry":{"type":"Point","coordinates":[-77.166666666667,44.666666666667]}},{"type":"Feature","properties":{"en":"Králíky","fr":"Králíky"},"geometry":{"type":"Point","coordinates":[16.760606276532,50.083862294469]}},{"type":"Feature","properties":{"en":"Verneřice","fr":"Verneřice"},"geometry":{"type":"Point","coordinates":[14.301247988978,50.661217730404]}},{"type":"Feature","properties":{"en":"Skuteč","fr":"Skuteč"},"geometry":{"type":"Point","coordinates":[15.996602726521,49.843507732223]}},{"type":"Feature","properties":{"en":"Maskinongé","fr":"Maskinongé"},"geometry":{"type":"Point","coordinates":[-72.9333,46.3167]}},{"type":"Feature","properties":{"en":"Shiraoka","fr":"Shiraoka"},"geometry":{"type":"Point","coordinates":[139.676944444444,36.0190555555556]}},{"type":"Feature","properties":{"en":"Koya","fr":"Kōya"},"geometry":{"type":"Point","coordinates":[135.586527777778,34.2161388888889]}},{"type":"Feature","properties":{"en":"Nonoichi","fr":"Nonoichi"},"geometry":{"type":"Point","coordinates":[136.609777777778,36.5194166666667]}},{"type":"Feature","properties":{"en":"Kirkland Lake","fr":"Kirkland Lake"},"geometry":{"type":"Point","coordinates":[-80.033333333333,48.15]}},{"type":"Feature","properties":{"en":"Okotoks","fr":"Okotoks"},"geometry":{"type":"Point","coordinates":[-113.975,50.725]}},{"type":"Feature","properties":{"en":"Regional District of East Kootenay","fr":"district régional d'East Kootenay"},"geometry":{"type":"Point","coordinates":[-115.75,49.9166666666667]}},{"type":"Feature","properties":{"en":"Pitt Meadows","fr":"Pitt Meadows"},"geometry":{"type":"Point","coordinates":[-122.683,49.2333]}},{"type":"Feature","properties":{"en":"Kunštát","fr":"Kunštát"},"geometry":{"type":"Point","coordinates":[16.517252206001,49.506479529058]}},{"type":"Feature","properties":{"en":"Kosmonosy","fr":"Kosmonosy"},"geometry":{"type":"Point","coordinates":[14.930087921482,50.438562010198]}},{"type":"Feature","properties":{"en":"Vlachovo Březí","fr":"Vlachovo Březí"},"geometry":{"type":"Point","coordinates":[13.958433086596,49.081440635255]}},{"type":"Feature","properties":{"en":"Výsluní","fr":"Výsluní"},"geometry":{"type":"Point","coordinates":[13.237490367401,50.466584592517]}},{"type":"Feature","properties":{"en":"Lambton County","fr":"comté de Lambton"},"geometry":{"type":"Point","coordinates":[-82.1,42.9]}},{"type":"Feature","properties":{"en":"Horní Bříza","fr":"Horní Bříza"},"geometry":{"type":"Point","coordinates":[13.355637956593,49.840223429507]}},{"type":"Feature","properties":{"en":"Obedjiwan","fr":"Obedjiwan"},"geometry":{"type":"Point","coordinates":[-74.9286,48.6706]}},{"type":"Feature","properties":{"en":"Proseč","fr":"Proseč"},"geometry":{"type":"Point","coordinates":[16.116256172056,49.805932069321]}},{"type":"Feature","properties":{"en":"Ronov nad Doubravou","fr":"Ronov nad Doubravou"},"geometry":{"type":"Point","coordinates":[15.531493023158,49.888302914798]}},{"type":"Feature","properties":{"en":"Qikiqtaaluk Region","fr":"Qikiqtaaluk"},"geometry":{"type":"Point","coordinates":[-80.0,70.0]}},{"type":"Feature","properties":{"en":"Velké Opatovice","fr":"Velké Opatovice"},"geometry":{"type":"Point","coordinates":[16.679506811325,49.612395778444]}},{"type":"Feature","properties":{"en":"Duck Lake","fr":"Duck Lake"},"geometry":{"type":"Point","coordinates":[-106.233,52.8167]}},{"type":"Feature","properties":{"en":"Stikine Region","fr":"Région Stikine"},"geometry":{"type":"Point","coordinates":[-130.878611111111,59.4666666666667]}},{"type":"Feature","properties":{"en":"Košťany","fr":"Košťany"},"geometry":{"type":"Point","coordinates":[13.755646654065,50.655164019668]}},{"type":"Feature","properties":{"en":"Vroutek","fr":"Vroutek"},"geometry":{"type":"Point","coordinates":[13.379936056093,50.180087945125]}},{"type":"Feature","properties":{"en":"Hlinsko","fr":"Hlinsko"},"geometry":{"type":"Point","coordinates":[15.907605681006,49.762172981864]}},{"type":"Feature","properties":{"en":"LaSalle","fr":"LaSalle"},"geometry":{"type":"Point","coordinates":[-83.0667,42.2167]}},{"type":"Feature","properties":{"en":"Nipissing District","fr":"district de Nipissing"},"geometry":{"type":"Point","coordinates":[-79.0397222222222,46.2161111111111]}},{"type":"Feature","properties":{"en":"Assiginack","fr":""},"geometry":{"type":"Point","coordinates":[-81.8,45.733333333333]}},{"type":"Feature","properties":{"en":"Simcoe County","fr":"comté de Simcoe"},"geometry":{"type":"Point","coordinates":[-79.733333333333,44.583333333333]}},{"type":"Feature","properties":{"en":"Fort Frances","fr":"Fort Frances"},"geometry":{"type":"Point","coordinates":[-93.4,48.616666666667]}},{"type":"Feature","properties":{"en":"Staré Město","fr":"Staré Město"},"geometry":{"type":"Point","coordinates":[16.947409616007,50.161751097263]}},{"type":"Feature","properties":{"en":"Joliette","fr":"Joliette"},"geometry":{"type":"Point","coordinates":[-73.45,46.0167]}},{"type":"Feature","properties":{"en":"Les Collines-de-l'Outaouais","fr":"Les Collines-de-l'Outaouais"},"geometry":{"type":"Point","coordinates":[-75.8667,45.55]}},{"type":"Feature","properties":{"en":"East Ferris","fr":"East Ferris"},"geometry":{"type":"Point","coordinates":[-79.2791666666667,46.2469444444444]}},{"type":"Feature","properties":{"en":"Saint-Damien","fr":"Saint-Damien"},"geometry":{"type":"Point","coordinates":[-73.483333333333,46.333333333333]}},{"type":"Feature","properties":{"en":"Regional District of Fraser-Fort George","fr":"district régional de Fraser-Fort George"},"geometry":{"type":"Point","coordinates":[-122.77,53.91]}},{"type":"Feature","properties":{"en":"Petawawa","fr":"Petawawa"},"geometry":{"type":"Point","coordinates":[-77.283333333333,45.9]}},{"type":"Feature","properties":{"en":"Mladá Vožice","fr":"Mladá Vožice"},"geometry":{"type":"Point","coordinates":[14.808604191279,49.533195784981]}},{"type":"Feature","properties":{"en":"Kitikmeot Region","fr":"Kitikmeot"},"geometry":{"type":"Point","coordinates":[-100.75,68.91666667]}},{"type":"Feature","properties":{"en":"Fryšták","fr":"Fryšták"},"geometry":{"type":"Point","coordinates":[17.683480007889,49.285206066577]}},{"type":"Feature","properties":{"en":"Mýto","fr":"Mýto"},"geometry":{"type":"Point","coordinates":[13.734668734995,49.789138219741]}},{"type":"Feature","properties":{"en":"Valašské Klobouky","fr":"Valašské Klobouky"},"geometry":{"type":"Point","coordinates":[18.007607874482,49.140630604127]}},{"type":"Feature","properties":{"en":"La Haute-Yamaska","fr":"La Haute-Yamaska"},"geometry":{"type":"Point","coordinates":[-72.7333,45.4]}},{"type":"Feature","properties":{"en":"Morley","fr":""},"geometry":{"type":"Point","coordinates":[-94.1667,48.8333]}},{"type":"Feature","properties":{"en":"Hartmanice","fr":"Hartmanice"},"geometry":{"type":"Point","coordinates":[13.454574137793,49.169580586122]}},{"type":"Feature","properties":{"en":"Kivalliq Region","fr":"Kivalliq"},"geometry":{"type":"Point","coordinates":[-88.0,67.3833]}},{"type":"Feature","properties":{"en":"Le Domaine-du-Roy","fr":"Le Domaine-du-Roy"},"geometry":{"type":"Point","coordinates":[-72.35,48.483333333333]}},{"type":"Feature","properties":{"en":"La Haute-Côte-Nord","fr":"La Haute-Côte-Nord"},"geometry":{"type":"Point","coordinates":[-69.233333333333,48.566666666667]}},{"type":"Feature","properties":{"en":"L'Île-d'Orléans","fr":"L'Île-d'Orléans"},"geometry":{"type":"Point","coordinates":[-70.9,46.916666666667]}},{"type":"Feature","properties":{"en":"La Côte-de-Beaupré","fr":"La Côte-de-Beaupré"},"geometry":{"type":"Point","coordinates":[-70.9,47.05]}},{"type":"Feature","properties":{"en":"Rivière-du-Loup","fr":"Rivière-du-Loup"},"geometry":{"type":"Point","coordinates":[-69.3333333333333,47.9]}},{"type":"Feature","properties":{"en":"Nicolet-Yamaska","fr":"Nicolet-Yamaska"},"geometry":{"type":"Point","coordinates":[-72.8333,46.0667]}},{"type":"Feature","properties":{"en":"Rimouski-Neigette","fr":"Rimouski-Neigette"},"geometry":{"type":"Point","coordinates":[-68.666666666667,48.333333333333]}},{"type":"Feature","properties":{"en":"Beauce-Centre","fr":"Beauce-Centre"},"geometry":{"type":"Point","coordinates":[-70.8167,46.2]}},{"type":"Feature","properties":{"en":"Les Basques","fr":"Les Basques"},"geometry":{"type":"Point","coordinates":[-69.0666666666667,48.1]}},{"type":"Feature","properties":{"en":"Le Val-Saint-François","fr":"Le Val-Saint-François"},"geometry":{"type":"Point","coordinates":[-72.0167,45.5667]}},{"type":"Feature","properties":{"en":"Les Sources","fr":"Les Sources"},"geometry":{"type":"Point","coordinates":[-71.8,45.7333]}},{"type":"Feature","properties":{"en":"La Jacques-Cartier","fr":"La Jacques-Cartier"},"geometry":{"type":"Point","coordinates":[-71.5833,47.0333]}},{"type":"Feature","properties":{"en":"Portneuf","fr":"Portneuf"},"geometry":{"type":"Point","coordinates":[-71.9167,46.8833]}},{"type":"Feature","properties":{"en":"La Mitis","fr":"La Mitis"},"geometry":{"type":"Point","coordinates":[48.5,-68.1]}},{"type":"Feature","properties":{"en":"Témiscamingue","fr":"Témiscamingue"},"geometry":{"type":"Point","coordinates":[-79.2333,47.55]}},{"type":"Feature","properties":{"en":"Les Appalaches","fr":"Les Appalaches"},"geometry":{"type":"Point","coordinates":[-71.3,46.083333333333]}},{"type":"Feature","properties":{"en":"Le Haut-Saint-François","fr":"Le Haut-Saint-François"},"geometry":{"type":"Point","coordinates":[-71.533333333333,45.466666666667]}},{"type":"Feature","properties":{"en":"Montmagny","fr":"Montmagny"},"geometry":{"type":"Point","coordinates":[-70.4,46.8333]}},{"type":"Feature","properties":{"en":"Témiscouata","fr":"Témiscouata"},"geometry":{"type":"Point","coordinates":[-68.8833333333333,47.6833333333333]}},{"type":"Feature","properties":{"en":"Memphrémagog","fr":"Memphrémagog"},"geometry":{"type":"Point","coordinates":[-72.083333333333,45.266666666667]}},{"type":"Feature","properties":{"en":"Le Haut-Richelieu","fr":"Le Haut-Richelieu"},"geometry":{"type":"Point","coordinates":[-73.2333,45.2]}},{"type":"Feature","properties":{"en":"Vaudreuil-Soulanges","fr":"Vaudreuil-Soulanges"},"geometry":{"type":"Point","coordinates":[-74.216666666667,45.35]}},{"type":"Feature","properties":{"en":"Minganie Regional County Municipality","fr":"Minganie"},"geometry":{"type":"Point","coordinates":[-63.6,50.233333333333]}},{"type":"Feature","properties":{"en":"Pierre-De Saurel","fr":"Pierre-De Saurel"},"geometry":{"type":"Point","coordinates":[-73.0,45.9667]}},{"type":"Feature","properties":{"en":"La Côte-de-Gaspé","fr":"La Côte-de-Gaspé"},"geometry":{"type":"Point","coordinates":[-64.9167,49.1667]}},{"type":"Feature","properties":{"en":"Le Rocher-Percé","fr":"Le Rocher-Percé"},"geometry":{"type":"Point","coordinates":[-64.6167,48.3667]}},{"type":"Feature","properties":{"en":"L'Islet","fr":"L'Islet"},"geometry":{"type":"Point","coordinates":[-69.9833,47.1]}},{"type":"Feature","properties":{"en":"Les Chenaux Regional County Municipality","fr":"Les Chenaux"},"geometry":{"type":"Point","coordinates":[-72.4167,46.5]}},{"type":"Feature","properties":{"en":"Les Maskoutains","fr":"Les Maskoutains"},"geometry":{"type":"Point","coordinates":[-72.95,45.6167]}},{"type":"Feature","properties":{"en":"La Haute-Gaspésie","fr":"La Haute-Gaspésie"},"geometry":{"type":"Point","coordinates":[-66.06667,49.21667]}},{"type":"Feature","properties":{"en":"Marguerite-D'Youville","fr":"Marguerite-D'Youville"},"geometry":{"type":"Point","coordinates":[-73.4333,45.6833]}},{"type":"Feature","properties":{"en":"La Vallée-du-Richelieu","fr":"La Vallée-du-Richelieu"},"geometry":{"type":"Point","coordinates":[-73.2,45.5667]}},{"type":"Feature","properties":{"en":"Pontiac","fr":"Pontiac"},"geometry":{"type":"Point","coordinates":[-76.9167,46.05]}},{"type":"Feature","properties":{"en":"Les Laurentides","fr":"Les Laurentides"},"geometry":{"type":"Point","coordinates":[-74.6,46.116666666667]}},{"type":"Feature","properties":{"en":"La Rivière-du-Nord","fr":"La Rivière-du-Nord"},"geometry":{"type":"Point","coordinates":[-74.016666666667,45.816666666667]}},{"type":"Feature","properties":{"en":"Thérèse-De Blainville","fr":"Thérèse-De Blainville"},"geometry":{"type":"Point","coordinates":[-73.883333333333,45.666666666667]}},{"type":"Feature","properties":{"en":"Maria-Chapdelaine","fr":"Maria-Chapdelaine"},"geometry":{"type":"Point","coordinates":[-72.2833333333333,48.9833333333333]}},{"type":"Feature","properties":{"en":"Mékinac","fr":"Mékinac"},"geometry":{"type":"Point","coordinates":[-72.5167,46.8167]}},{"type":"Feature","properties":{"en":"Papineau","fr":"Papineau"},"geometry":{"type":"Point","coordinates":[-75.05,45.8833]}},{"type":"Feature","properties":{"en":"Lac-Saint-Jean-Est","fr":"Lac-Saint-Jean-Est"},"geometry":{"type":"Point","coordinates":[-71.65,48.55]}},{"type":"Feature","properties":{"en":"Rouville","fr":"Rouville"},"geometry":{"type":"Point","coordinates":[-73.05,45.4333]}},{"type":"Feature","properties":{"en":"Le Haut-Saint-Laurent","fr":"Le Haut-Saint-Laurent"},"geometry":{"type":"Point","coordinates":[-74.166666666667,45.083333333333]}},{"type":"Feature","properties":{"en":"Radnice","fr":"Radnice"},"geometry":{"type":"Point","coordinates":[13.605762149562,49.85686764438]}},{"type":"Feature","properties":{"en":"Victoria County","fr":"comté de Victoria"},"geometry":{"type":"Point","coordinates":[-67.329388888889,47.075194444444]}},{"type":"Feature","properties":{"en":"Lake of Bays","fr":"Lake of Bays"},"geometry":{"type":"Point","coordinates":[-79.0063888888889,45.3075]}},{"type":"Feature","properties":{"en":"Wellington County","fr":"comté de Wellington"},"geometry":{"type":"Point","coordinates":[-80.4,43.75]}},{"type":"Feature","properties":{"en":"Netolice","fr":"Netolice"},"geometry":{"type":"Point","coordinates":[14.197010553654,49.049384935494]}},{"type":"Feature","properties":{"en":"La Vallée-de-la-Gatineau","fr":"La Vallée-de-la-Gatineau"},"geometry":{"type":"Point","coordinates":[-76.05,46.5333]}},{"type":"Feature","properties":{"en":"Grand Falls-Windsor","fr":"Grand Falls-Windsor"},"geometry":{"type":"Point","coordinates":[-55.645,48.936944444444]}},{"type":"Feature","properties":{"en":"Grande Cache","fr":"Grande Cache"},"geometry":{"type":"Point","coordinates":[-119.118333333333,53.8886111111111]}},{"type":"Feature","properties":{"en":"Kuujjuaq","fr":"Kuujjuaq"},"geometry":{"type":"Point","coordinates":[-68.3986,58.1067]}},{"type":"Feature","properties":{"en":"Grey County","fr":"comté de Grey"},"geometry":{"type":"Point","coordinates":[-80.67,44.34]}},{"type":"Feature","properties":{"en":"L'Isle-aux-Allumettes","fr":"L'Isle-aux-Allumettes"},"geometry":{"type":"Point","coordinates":[-77.0667,45.9167]}},{"type":"Feature","properties":{"en":"Strathcona Regional District","fr":"district régional de Strathcona"},"geometry":{"type":"Point","coordinates":[-125.5,50.3]}},{"type":"Feature","properties":{"en":"Lišov","fr":"Lišov"},"geometry":{"type":"Point","coordinates":[14.6083897669,49.01604452487]}},{"type":"Feature","properties":{"en":"Habry","fr":"Habry"},"geometry":{"type":"Point","coordinates":[15.484908458344,49.756079038006]}},{"type":"Feature","properties":{"en":"Haliburton County","fr":"comté de Haliburton"},"geometry":{"type":"Point","coordinates":[-78.5,45.083333333333]}},{"type":"Feature","properties":{"en":"Vratimov","fr":"Vratimov"},"geometry":{"type":"Point","coordinates":[18.310188493649,49.769937353857]}},{"type":"Feature","properties":{"en":"Hanover","fr":"Hanover"},"geometry":{"type":"Point","coordinates":[-81.0333,44.15]}},{"type":"Feature","properties":{"en":"Maria","fr":"Maria"},"geometry":{"type":"Point","coordinates":[-65.98846,48.17599]}},{"type":"Feature","properties":{"en":"Měčín","fr":"Měčín"},"geometry":{"type":"Point","coordinates":[13.402924564732,49.480187634621]}},{"type":"Feature","properties":{"en":"Hastings County","fr":"comté de Hastings"},"geometry":{"type":"Point","coordinates":[-77.583333333333,44.75]}},{"type":"Feature","properties":{"en":"Odanak","fr":"Odanak"},"geometry":{"type":"Point","coordinates":[-72.8252085,46.0771187]}},{"type":"Feature","properties":{"en":"Hope","fr":"Hope"},"geometry":{"type":"Point","coordinates":[-121.44194444444,49.385833333333]}},{"type":"Feature","properties":{"en":"Wôlinak","fr":"Wôlinak"},"geometry":{"type":"Point","coordinates":[-72.4238293,46.3250167]}},{"type":"Feature","properties":{"en":"Manitouwadge","fr":"Manitouwadge"},"geometry":{"type":"Point","coordinates":[-85.8333,49.1333]}},{"type":"Feature","properties":{"en":"Heřmanův Městec","fr":"Heřmanův Městec"},"geometry":{"type":"Point","coordinates":[15.664983771248,49.947117687117]}},{"type":"Feature","properties":{"en":"Saint-Louis-du-Ha! Ha!","fr":"Saint-Louis-du-Ha! Ha!"},"geometry":{"type":"Point","coordinates":[-68.983333333333,47.666666666667]}},{"type":"Feature","properties":{"en":"Holice","fr":"Holice"},"geometry":{"type":"Point","coordinates":[15.985965854452,50.066050453806]}},{"type":"Feature","properties":{"en":"Holýšov","fr":"Holýšov"},"geometry":{"type":"Point","coordinates":[13.101338813306,49.593719918694]}},{"type":"Feature","properties":{"en":"Hora Svaté Kateřiny","fr":"Hora Svaté Kateřiny"},"geometry":{"type":"Point","coordinates":[13.436821053642,50.606405689222]}},{"type":"Feature","properties":{"en":"Horní Benešov","fr":"Horní Benešov"},"geometry":{"type":"Point","coordinates":[17.602679023493,49.966822343498]}},{"type":"Feature","properties":{"en":"Horní Planá","fr":"Horní Planá"},"geometry":{"type":"Point","coordinates":[14.032573238265,48.767449964509]}},{"type":"Feature","properties":{"en":"Hostivice","fr":"Hostivice"},"geometry":{"type":"Point","coordinates":[14.258633351605,50.081655150002]}},{"type":"Feature","properties":{"en":"Hostomice","fr":"Hostomice"},"geometry":{"type":"Point","coordinates":[14.045661341703,49.825343438492]}},{"type":"Feature","properties":{"en":"Sunshine Coast Regional District","fr":"district régional de Sunshine Coast"},"geometry":{"type":"Point","coordinates":[-123.75,50.0]}},{"type":"Feature","properties":{"en":"Hoštka","fr":"Hoštka"},"geometry":{"type":"Point","coordinates":[14.335093959709,50.488667065546]}},{"type":"Feature","properties":{"en":"Rudná","fr":"Rudná"},"geometry":{"type":"Point","coordinates":[14.234414258821,50.035104791874]}},{"type":"Feature","properties":{"en":"Miletín","fr":"Miletín"},"geometry":{"type":"Point","coordinates":[15.682347448838,50.403861990102]}},{"type":"Feature","properties":{"en":"Jevíčko","fr":"Jevíčko"},"geometry":{"type":"Point","coordinates":[16.711294340792,49.632219117689]}},{"type":"Feature","properties":{"en":"Hrotovice","fr":"Hrotovice"},"geometry":{"type":"Point","coordinates":[16.060686278745,49.1077399075]}},{"type":"Feature","properties":{"en":"Staňkov","fr":"Staňkov"},"geometry":{"type":"Point","coordinates":[13.06980083185,49.553588279544]}},{"type":"Feature","properties":{"en":"Ledvice","fr":"Ledvice"},"geometry":{"type":"Point","coordinates":[13.772126579967,50.585101934846]}},{"type":"Feature","properties":{"en":"Hrušovany nad Jevišovkou","fr":"Hrušovany nad Jevišovkou"},"geometry":{"type":"Point","coordinates":[16.402703446663,48.829942174573]}},{"type":"Feature","properties":{"en":"Hrádek","fr":"Hrádek"},"geometry":{"type":"Point","coordinates":[13.654152861803,49.710015282901]}},{"type":"Feature","properties":{"en":"Počátky","fr":"Počátky"},"geometry":{"type":"Point","coordinates":[15.240244533546,49.26025831618]}},{"type":"Feature","properties":{"en":"Kenora District","fr":"district de Kenora"},"geometry":{"type":"Point","coordinates":[-94.483333333333,49.766666666667]}},{"type":"Feature","properties":{"en":"Huron County","fr":"comté de Huron"},"geometry":{"type":"Point","coordinates":[-81.4,43.666666666667]}},{"type":"Feature","properties":{"en":"Husinec","fr":"Husinec"},"geometry":{"type":"Point","coordinates":[13.986986419105,49.055048388536]}},{"type":"Feature","properties":{"en":"Yorkton","fr":"Yorkton"},"geometry":{"type":"Point","coordinates":[-102.46277777778,51.213888888889]}},{"type":"Feature","properties":{"en":"Neveklov","fr":"Neveklov"},"geometry":{"type":"Point","coordinates":[14.532957214992,49.753805966421]}},{"type":"Feature","properties":{"en":"Mirovice","fr":"Mirovice"},"geometry":{"type":"Point","coordinates":[14.035858574807,49.51563801896]}},{"type":"Feature","properties":{"en":"Libušín","fr":"Libušín"},"geometry":{"type":"Point","coordinates":[14.054657380156,50.168272849798]}},{"type":"Feature","properties":{"en":"Slavičín","fr":"Slavičín"},"geometry":{"type":"Point","coordinates":[17.873493344939,49.087983788408]}},{"type":"Feature","properties":{"en":"Spálené Poříčí","fr":"Spálené Poříčí"},"geometry":{"type":"Point","coordinates":[13.605607456281,49.613804270367]}},{"type":"Feature","properties":{"en":"Kostelec nad Černými lesy","fr":"Kostelec nad Černými lesy"},"geometry":{"type":"Point","coordinates":[14.859282652392,49.994100705528]}},{"type":"Feature","properties":{"en":"Pohořelice","fr":"Pohořelice"},"geometry":{"type":"Point","coordinates":[16.524457138925,48.981217409611]}},{"type":"Feature","properties":{"en":"Pec pod Sněžkou","fr":"Pec pod Sněžkou"},"geometry":{"type":"Point","coordinates":[15.733247715592,50.693494302965]}},{"type":"Feature","properties":{"en":"Manětín","fr":"Manětín"},"geometry":{"type":"Point","coordinates":[13.2317994,49.9916881]}},{"type":"Feature","properties":{"en":"Potštát","fr":"Potštát"},"geometry":{"type":"Point","coordinates":[17.651771951728,49.636927868366]}},{"type":"Feature","properties":{"en":"Unhošť","fr":"Unhošť"},"geometry":{"type":"Point","coordinates":[14.130145953268,50.085433861082]}},{"type":"Feature","properties":{"en":"Starý Plzenec","fr":"Starý Plzenec"},"geometry":{"type":"Point","coordinates":[13.473552493178,49.697776983968]}},{"type":"Feature","properties":{"en":"Vítkov","fr":"Vítkov"},"geometry":{"type":"Point","coordinates":[17.749454126304,49.774449841863]}},{"type":"Feature","properties":{"en":"Kasejovice","fr":"Kasejovice"},"geometry":{"type":"Point","coordinates":[13.740636727199,49.462791839272]}},{"type":"Feature","properties":{"en":"Jevišovice","fr":"Jevišovice"},"geometry":{"type":"Point","coordinates":[15.989930723354,48.987406765169]}},{"type":"Feature","properties":{"en":"Týnec nad Labem","fr":"Týnec nad Labem"},"geometry":{"type":"Point","coordinates":[15.358422892925,50.042071042678]}},{"type":"Feature","properties":{"en":"Mirotice","fr":"Mirotice"},"geometry":{"type":"Point","coordinates":[14.037008255603,49.429165970659]}},{"type":"Feature","properties":{"en":"Stráž nad Nežárkou","fr":"Stráž nad Nežárkou"},"geometry":{"type":"Point","coordinates":[14.905526673963,49.069778781049]}},{"type":"Feature","properties":{"en":"Jiříkov","fr":"Jiříkov"},"geometry":{"type":"Point","coordinates":[14.569219958203,50.99520860538]}},{"type":"Feature","properties":{"en":"Woodstock","fr":"Woodstock"},"geometry":{"type":"Point","coordinates":[-80.746666666667,43.130555555556]}},{"type":"Feature","properties":{"en":"Kostelec nad Orlicí","fr":"Kostelec nad Orlicí"},"geometry":{"type":"Point","coordinates":[16.213254179601,50.122700875844]}},{"type":"Feature","properties":{"en":"Agarak","fr":"Agarak"},"geometry":{"type":"Point","coordinates":[46.2,38.866666666667]}},{"type":"Feature","properties":{"en":"Albert","fr":"Albert"},"geometry":{"type":"Point","coordinates":[-101.121,49.4436]}},{"type":"Feature","properties":{"en":"Alexander","fr":"Alexander"},"geometry":{"type":"Point","coordinates":[-96.05,50.4833]}},{"type":"Feature","properties":{"en":"Alonsa","fr":"Alonsa"},"geometry":{"type":"Point","coordinates":[-99.05,50.9833]}},{"type":"Feature","properties":{"en":"Archie","fr":"Archie"},"geometry":{"type":"Point","coordinates":[-101.25,50.1667]}},{"type":"Feature","properties":{"en":"Armstrong","fr":"Armstrong"},"geometry":{"type":"Point","coordinates":[-97.45,50.6667]}},{"type":"Feature","properties":{"en":"Arthur","fr":"Arthur"},"geometry":{"type":"Point","coordinates":[-100.999,49.1669]}},{"type":"Feature","properties":{"en":"Birtle","fr":"Birtle"},"geometry":{"type":"Point","coordinates":[-100.999,50.4739]}},{"type":"Feature","properties":{"en":"Blanshard","fr":"Blanshard"},"geometry":{"type":"Point","coordinates":[-100.347,50.1756]}},{"type":"Feature","properties":{"en":"Brenda","fr":"Brenda"},"geometry":{"type":"Point","coordinates":[-100.691,49.1778]}},{"type":"Feature","properties":{"en":"Cameron","fr":"Cameron"},"geometry":{"type":"Point","coordinates":[-100.583,49.4167]}},{"type":"Feature","properties":{"en":"Dauphin","fr":"Dauphin"},"geometry":{"type":"Point","coordinates":[-100.062,51.1958]}},{"type":"Feature","properties":{"en":"East St. Paul","fr":"East St. Paul"},"geometry":{"type":"Point","coordinates":[-97.0103,49.9772]}},{"type":"Feature","properties":{"en":"Edward","fr":"Edward"},"geometry":{"type":"Point","coordinates":[-101.238,49.1781]}},{"type":"Feature","properties":{"en":"Ellice","fr":"Ellice"},"geometry":{"type":"Point","coordinates":[-101.341,50.4669]}},{"type":"Feature","properties":{"en":"Ethelbert","fr":"Ethelbert"},"geometry":{"type":"Point","coordinates":[-100.493,51.5292]}},{"type":"Feature","properties":{"en":"Franklin","fr":"Franklin"},"geometry":{"type":"Point","coordinates":[-97.0003,49.1631]}},{"type":"Feature","properties":{"en":"Gilbert Plains","fr":"Gilbert Plains"},"geometry":{"type":"Point","coordinates":[-100.417,51.1833]}},{"type":"Feature","properties":{"en":"Glenwood","fr":"Glenwood (municipalité rurale)"},"geometry":{"type":"Point","coordinates":[-100.258,49.6214]}},{"type":"Feature","properties":{"en":"Grandview","fr":"Grandview"},"geometry":{"type":"Point","coordinates":[-100.812,51.2]}},{"type":"Feature","properties":{"en":"Hanover","fr":"Hanover"},"geometry":{"type":"Point","coordinates":[-96.8333,49.4667]}},{"type":"Feature","properties":{"en":"Harrison","fr":"Harrison"},"geometry":{"type":"Point","coordinates":[-100.085,50.4661]}},{"type":"Feature","properties":{"en":"Hillsburg","fr":"Hillsburg"},"geometry":{"type":"Point","coordinates":[-101.0,51.3336]}},{"type":"Feature","properties":{"en":"Killarney-Turtle Mountain","fr":"Killarney-Turtle Mountain"},"geometry":{"type":"Point","coordinates":[-99.6658,49.1667]}},{"type":"Feature","properties":{"en":"La Broquerie","fr":"La Broquerie"},"geometry":{"type":"Point","coordinates":[-96.5042,49.5169]}},{"type":"Feature","properties":{"en":"Lawrence","fr":"Lawrence"},"geometry":{"type":"Point","coordinates":[-99.5006,51.3333]}},{"type":"Feature","properties":{"en":"Louise","fr":"Louise"},"geometry":{"type":"Point","coordinates":[-98.9006,49.1631]}},{"type":"Feature","properties":{"en":"Macdonald","fr":"Macdonald"},"geometry":{"type":"Point","coordinates":[-97.5,49.6667]}},{"type":"Feature","properties":{"en":"Montcalm","fr":"Montcalm"},"geometry":{"type":"Point","coordinates":[-97.3394,49.165]}},{"type":"Feature","properties":{"en":"Morton","fr":"Morton"},"geometry":{"type":"Point","coordinates":[-100.096,49.1781]}},{"type":"Feature","properties":{"en":"Mossey River","fr":"Mossey River"},"geometry":{"type":"Point","coordinates":[-100.0,51.6667]}},{"type":"Feature","properties":{"en":"Mountain","fr":"Mountain"},"geometry":{"type":"Point","coordinates":[-100.733,52.2167]}},{"type":"Feature","properties":{"en":"Ochre River","fr":"Ochre River"},"geometry":{"type":"Point","coordinates":[-99.784,51.062]}},{"type":"Feature","properties":{"en":"Park","fr":"Park"},"geometry":{"type":"Point","coordinates":[-100.517,50.7167]}},{"type":"Feature","properties":{"en":"Pembina","fr":"Pembina"},"geometry":{"type":"Point","coordinates":[-98.4861,49.1672]}},{"type":"Feature","properties":{"en":"Piney","fr":"Piney"},"geometry":{"type":"Point","coordinates":[-95.9167,49.225]}},{"type":"Feature","properties":{"en":"Pipestone","fr":"Pipestone"},"geometry":{"type":"Point","coordinates":[-101.167,49.67]}},{"type":"Feature","properties":{"en":"Rhineland","fr":"Rhineland"},"geometry":{"type":"Point","coordinates":[-97.6622,49.1636]}},{"type":"Feature","properties":{"en":"Roblin","fr":""},"geometry":{"type":"Point","coordinates":[-99.2894,49.1044]}},{"type":"Feature","properties":{"en":"Rockwood","fr":"Rockwood"},"geometry":{"type":"Point","coordinates":[-97.3333,50.25]}},{"type":"Feature","properties":{"en":"Rosedale","fr":"Rosedale"},"geometry":{"type":"Point","coordinates":[-99.5044,50.3275]}},{"type":"Feature","properties":{"en":"Rossburn","fr":"Rossburn"},"geometry":{"type":"Point","coordinates":[-100.74,50.7278]}},{"type":"Feature","properties":{"en":"Saskatchewan","fr":"Saskatchewan"},"geometry":{"type":"Point","coordinates":[-100.004,50.1672]}},{"type":"Feature","properties":{"en":"Shell River","fr":"Shell River"},"geometry":{"type":"Point","coordinates":[-101.4,51.3019]}},{"type":"Feature","properties":{"en":"Shoal Lake","fr":"Shoal Lake"},"geometry":{"type":"Point","coordinates":[-100.574,50.47]}},{"type":"Feature","properties":{"en":"Sifton","fr":"Sifton"},"geometry":{"type":"Point","coordinates":[-100.662,49.6656]}},{"type":"Feature","properties":{"en":"Springfield","fr":"Springfield"},"geometry":{"type":"Point","coordinates":[-96.751944444444,49.914722222222]}},{"type":"Feature","properties":{"en":"St. Andrews","fr":"St. Andrews"},"geometry":{"type":"Point","coordinates":[-97.0,50.25]}},{"type":"Feature","properties":{"en":"St. Clements","fr":"St. Clements"},"geometry":{"type":"Point","coordinates":[-96.7506,50.1642]}},{"type":"Feature","properties":{"en":"Regional District of Okanagan-Similkameen","fr":"district régional d'Okanagan-Similkameen"},"geometry":{"type":"Point","coordinates":[-120.0,49.4167]}},{"type":"Feature","properties":{"en":"Stanley","fr":""},"geometry":{"type":"Point","coordinates":[-98.0858,49.1686]}},{"type":"Feature","properties":{"en":"Ste. Rose","fr":"Ste. Rose"},"geometry":{"type":"Point","coordinates":[-99.4164,50.9997]}},{"type":"Feature","properties":{"en":"Strathclair","fr":"Strathclair"},"geometry":{"type":"Point","coordinates":[-100.395,50.404]}},{"type":"Feature","properties":{"en":"Stuartburn","fr":"Stuartburn"},"geometry":{"type":"Point","coordinates":[-96.5172,49.1333]}},{"type":"Feature","properties":{"en":"Taché","fr":"Taché"},"geometry":{"type":"Point","coordinates":[-96.6667,49.7]}},{"type":"Feature","properties":{"en":"Victoria","fr":"Victoria"},"geometry":{"type":"Point","coordinates":[-98.8956,49.6642]}},{"type":"Feature","properties":{"en":"Victoria Beach","fr":"Victoria Beach"},"geometry":{"type":"Point","coordinates":[-96.5628,50.7022]}},{"type":"Feature","properties":{"en":"West St. Paul","fr":"West St. Paul"},"geometry":{"type":"Point","coordinates":[-97.1622,49.9994]}},{"type":"Feature","properties":{"en":"Whitehead","fr":"Whitehead"},"geometry":{"type":"Point","coordinates":[-100.234,49.7794]}},{"type":"Feature","properties":{"en":"Whitewater","fr":"Whitewater"},"geometry":{"type":"Point","coordinates":[-100.084,49.4161]}},{"type":"Feature","properties":{"en":"Winchester","fr":"Winchester"},"geometry":{"type":"Point","coordinates":[-100.501,49.1681]}},{"type":"Feature","properties":{"en":"Woodworth","fr":"Woodworth"},"geometry":{"type":"Point","coordinates":[-100.659,49.9253]}},{"type":"Feature","properties":{"en":"Val-Morin","fr":"Val-Morin"},"geometry":{"type":"Point","coordinates":[-74.183333333333,46.0]}},{"type":"Feature","properties":{"en":"Salluit","fr":"Salluit"},"geometry":{"type":"Point","coordinates":[-75.65,62.2]}},{"type":"Feature","properties":{"en":"Jemnice","fr":"Jemnice"},"geometry":{"type":"Point","coordinates":[15.569944859592,49.019037310782]}},{"type":"Feature","properties":{"en":"Kings County","fr":"comté de Kings"},"geometry":{"type":"Point","coordinates":[-65.789833333333,45.660416666667]}},{"type":"Feature","properties":{"en":"Jablonec nad Jizerou","fr":"Jablonec nad Jizerou"},"geometry":{"type":"Point","coordinates":[15.429694761277,50.703519482891]}},{"type":"Feature","properties":{"en":"Jablonné nad Orlicí","fr":"Jablonné nad Orlicí"},"geometry":{"type":"Point","coordinates":[16.600654937418,50.029661300928]}},{"type":"Feature","properties":{"en":"Jamésie","fr":"Jamésie"},"geometry":{"type":"Point","coordinates":[-74.75,52.0]}},{"type":"Feature","properties":{"en":"Janovice nad Úhlavou","fr":"Janovice nad Úhlavou"},"geometry":{"type":"Point","coordinates":[13.218163623698,49.34525415166]}},{"type":"Feature","properties":{"en":"Jesenice","fr":"Jesenice"},"geometry":{"type":"Point","coordinates":[13.469556956164,50.097127628725]}},{"type":"Feature","properties":{"en":"Regional District of Central Kootenay","fr":"district régional de Central Kootenay"},"geometry":{"type":"Point","coordinates":[-117.5,49.916666666667]}},{"type":"Feature","properties":{"en":"Lake Country","fr":"Lake Country"},"geometry":{"type":"Point","coordinates":[-119.414,50.0833]}},{"type":"Feature","properties":{"en":"Rudolfov","fr":"Rudolfov"},"geometry":{"type":"Point","coordinates":[14.541798472264,48.993468810656]}},{"type":"Feature","properties":{"en":"Jílové","fr":"Jílové"},"geometry":{"type":"Point","coordinates":[14.103945726726,50.760901305653]}},{"type":"Feature","properties":{"en":"Peachland","fr":"Peachland"},"geometry":{"type":"Point","coordinates":[-119.73694444444,49.773611111111]}},{"type":"Feature","properties":{"en":"Rokytnice v Orlických horách","fr":"Rokytnice v Orlických horách"},"geometry":{"type":"Point","coordinates":[16.465745223997,50.164760871562]}},{"type":"Feature","properties":{"en":"Kamenický Šenov","fr":"Kamenický Šenov"},"geometry":{"type":"Point","coordinates":[14.472978263424,50.773661412598]}},{"type":"Feature","properties":{"en":"Slavonice","fr":"Slavonice"},"geometry":{"type":"Point","coordinates":[15.351545845573,48.997591273427]}},{"type":"Feature","properties":{"en":"Kardašova Řečice","fr":"Kardašova Řečice"},"geometry":{"type":"Point","coordinates":[14.853174034382,49.184846971913]}},{"type":"Feature","properties":{"en":"Twillingate","fr":"Twillingate"},"geometry":{"type":"Point","coordinates":[-54.763519444444,49.648219444444]}},{"type":"Feature","properties":{"en":"Moosonee","fr":"Moosonee"},"geometry":{"type":"Point","coordinates":[-80.643055555556,51.272222222222]}},{"type":"Feature","properties":{"en":"Kaznějov","fr":"Kaznějov"},"geometry":{"type":"Point","coordinates":[13.383009731173,49.89323163685]}},{"type":"Feature","properties":{"en":"Kdyně","fr":"Kdyně"},"geometry":{"type":"Point","coordinates":[13.03971039702,49.390878184146]}},{"type":"Feature","properties":{"en":"Kings County","fr":"comté de Kings"},"geometry":{"type":"Point","coordinates":[-62.5,46.25]}},{"type":"Feature","properties":{"en":"Ryley","fr":"Ryley"},"geometry":{"type":"Point","coordinates":[-112.428333,53.289444]}},{"type":"Feature","properties":{"en":"High Prairie","fr":"High Prairie"},"geometry":{"type":"Point","coordinates":[-116.486111111111,55.4325]}},{"type":"Feature","properties":{"en":"Exshaw","fr":"Exshaw"},"geometry":{"type":"Point","coordinates":[-115.1628,51.0617]}},{"type":"Feature","properties":{"en":"Cardston","fr":"Cardston"},"geometry":{"type":"Point","coordinates":[-113.301944,49.2025]}},{"type":"Feature","properties":{"en":"Rocky Mountain House","fr":"Rocky Mountain House"},"geometry":{"type":"Point","coordinates":[-114.922,52.3753]}},{"type":"Feature","properties":{"en":"Fairview","fr":"Fairview"},"geometry":{"type":"Point","coordinates":[-118.393,56.0717]}},{"type":"Feature","properties":{"en":"Sedgewick","fr":"Sedgewick"},"geometry":{"type":"Point","coordinates":[-111.697,52.7725]}},{"type":"Feature","properties":{"en":"High River","fr":"High River"},"geometry":{"type":"Point","coordinates":[-113.874,50.5807]}},{"type":"Feature","properties":{"en":"Foremost","fr":"Foremost"},"geometry":{"type":"Point","coordinates":[-111.440278,49.478889]}},{"type":"Feature","properties":{"en":"Clairmont","fr":"Clairmont"},"geometry":{"type":"Point","coordinates":[-118.794,55.2614]}},{"type":"Feature","properties":{"en":"Valleyview","fr":"Valleyview"},"geometry":{"type":"Point","coordinates":[-117.268,55.0686]}},{"type":"Feature","properties":{"en":"Three Hills","fr":"Three Hills"},"geometry":{"type":"Point","coordinates":[-113.264,51.7072]}},{"type":"Feature","properties":{"en":"Lacombe","fr":"Lacombe"},"geometry":{"type":"Point","coordinates":[-113.737,52.4683]}},{"type":"Feature","properties":{"en":"Lamont","fr":"Lamont"},"geometry":{"type":"Point","coordinates":[-112.778,53.7603]}},{"type":"Feature","properties":{"en":"Nisku","fr":"Nisku"},"geometry":{"type":"Point","coordinates":[-113.533333333333,53.3333333333333]}},{"type":"Feature","properties":{"en":"Didsbury","fr":"Didsbury"},"geometry":{"type":"Point","coordinates":[-114.13111111111,51.665833333333]}},{"type":"Feature","properties":{"en":"Peace River","fr":"Peace River"},"geometry":{"type":"Point","coordinates":[-117.28983333333,56.233861111111]}},{"type":"Feature","properties":{"en":"Wabasca-Desmarais","fr":"Wabasca-Desmarais"},"geometry":{"type":"Point","coordinates":[-113.85,55.9667]}},{"type":"Feature","properties":{"en":"Stony Plain","fr":"Stony Plain"},"geometry":{"type":"Point","coordinates":[-114.006,53.53]}},{"type":"Feature","properties":{"en":"Berwyn","fr":"Berwyn"},"geometry":{"type":"Point","coordinates":[-117.734,56.1475]}},{"type":"Feature","properties":{"en":"Pincher Creek","fr":"Pincher Creek"},"geometry":{"type":"Point","coordinates":[-113.948222,49.485639]}},{"type":"Feature","properties":{"en":"Ponoka","fr":"Ponoka"},"geometry":{"type":"Point","coordinates":[-113.567,52.6833]}},{"type":"Feature","properties":{"en":"Nanton","fr":"Nanton"},"geometry":{"type":"Point","coordinates":[-113.771667,50.349444]}},{"type":"Feature","properties":{"en":"Spirit River","fr":"Spirit River"},"geometry":{"type":"Point","coordinates":[-118.834,55.7819]}},{"type":"Feature","properties":{"en":"Kladruby","fr":"Kladruby"},"geometry":{"type":"Point","coordinates":[12.979962138807,49.715408235232]}},{"type":"Feature","properties":{"en":"Smoky Lake","fr":"Smoky Lake"},"geometry":{"type":"Point","coordinates":[-112.473,54.1208]}},{"type":"Feature","properties":{"en":"Falher","fr":"Falher"},"geometry":{"type":"Point","coordinates":[-117.2013889,55.7372222]}},{"type":"Feature","properties":{"en":"St. Paul","fr":"Saint-Paul"},"geometry":{"type":"Point","coordinates":[-111.297,53.9928]}},{"type":"Feature","properties":{"en":"Stettler","fr":"Stettler"},"geometry":{"type":"Point","coordinates":[-112.719,52.3236]}},{"type":"Feature","properties":{"en":"Morinville","fr":"Morinville"},"geometry":{"type":"Point","coordinates":[-113.64972222222,53.802222222222]}},{"type":"Feature","properties":{"en":"Taber","fr":"Taber"},"geometry":{"type":"Point","coordinates":[-112.150833,49.784722]}},{"type":"Feature","properties":{"en":"Two Hills","fr":"Two Hills"},"geometry":{"type":"Point","coordinates":[-111.746,53.715]}},{"type":"Feature","properties":{"en":"Kitscoty","fr":"Kitscoty"},"geometry":{"type":"Point","coordinates":[-110.333,53.3372]}},{"type":"Feature","properties":{"en":"Vulcan","fr":"Vulcan"},"geometry":{"type":"Point","coordinates":[-113.25,50.4]}},{"type":"Feature","properties":{"en":"Warner","fr":"Warner"},"geometry":{"type":"Point","coordinates":[-112.207777777778,49.2827777777778]}},{"type":"Feature","properties":{"en":"Claresholm","fr":"Claresholm"},"geometry":{"type":"Point","coordinates":[-113.582777777778,50.0197222222222]}},{"type":"Feature","properties":{"en":"Vejprty","fr":"Vejprty"},"geometry":{"type":"Point","coordinates":[13.032216898187,50.492422906068]}},{"type":"Feature","properties":{"en":"York County","fr":"comté d'York"},"geometry":{"type":"Point","coordinates":[-67.0,46.0]}},{"type":"Feature","properties":{"en":"Northumberland County","fr":"comté de Northumberland"},"geometry":{"type":"Point","coordinates":[-78.033333333333,44.116666666667]}},{"type":"Feature","properties":{"en":"Nýrsko","fr":"Nýrsko"},"geometry":{"type":"Point","coordinates":[13.143560977643,49.293977787852]}},{"type":"Feature","properties":{"en":"Nechanice","fr":"Nechanice"},"geometry":{"type":"Point","coordinates":[15.632836647477,50.237415386313]}},{"type":"Feature","properties":{"en":"Sobotka","fr":"Sobotka"},"geometry":{"type":"Point","coordinates":[15.176282856808,50.467471687659]}},{"type":"Feature","properties":{"en":"Mikulášovice","fr":"Mikulášovice"},"geometry":{"type":"Point","coordinates":[14.36380182721,50.965147575772]}},{"type":"Feature","properties":{"en":"Oslavany","fr":"Oslavany"},"geometry":{"type":"Point","coordinates":[16.336541091101,49.123380208518]}},{"type":"Feature","properties":{"en":"Planá","fr":"Planá"},"geometry":{"type":"Point","coordinates":[12.743844417597,49.86827193037]}},{"type":"Feature","properties":{"en":"Poběžovice","fr":"Poběžovice"},"geometry":{"type":"Point","coordinates":[12.802651600976,49.510410536008]}},{"type":"Feature","properties":{"en":"Roztoky","fr":"Roztoky"},"geometry":{"type":"Point","coordinates":[14.397679313408,50.158489314828]}},{"type":"Feature","properties":{"en":"Slatiňany","fr":"Slatiňany"},"geometry":{"type":"Point","coordinates":[15.813826736565,49.921139960832]}},{"type":"Feature","properties":{"en":"Krásná Lípa","fr":"Krásná Lípa"},"geometry":{"type":"Point","coordinates":[14.510107117856,50.913102896533]}},{"type":"Feature","properties":{"en":"Stráž pod Ralskem","fr":"Stráž pod Ralskem"},"geometry":{"type":"Point","coordinates":[14.801123326758,50.702865967816]}},{"type":"Feature","properties":{"en":"Osečná","fr":"Osečná"},"geometry":{"type":"Point","coordinates":[14.921480309652,50.694950937607]}},{"type":"Feature","properties":{"en":"Strathcona County","fr":"comté de Strathcona"},"geometry":{"type":"Point","coordinates":[-113.308888888889,53.5233333333333]}},{"type":"Feature","properties":{"en":"Division No. 12","fr":"division No 12"},"geometry":{"type":"Point","coordinates":[-110.183,54.4642]}},{"type":"Feature","properties":{"en":"Division No. 10","fr":"division No 10"},"geometry":{"type":"Point","coordinates":[-110.01,53.28]}},{"type":"Feature","properties":{"en":"Division No. 17","fr":"division No 17"},"geometry":{"type":"Point","coordinates":[-114.78,55.28]}},{"type":"Feature","properties":{"en":"Division No. 11","fr":"division No 11 (Alberta)"},"geometry":{"type":"Point","coordinates":[-113.49,53.544]}},{"type":"Feature","properties":{"en":"Division No. 19","fr":"division No 19"},"geometry":{"type":"Point","coordinates":[-118.783,55.1781]}},{"type":"Feature","properties":{"en":"Division No. 14","fr":"division No 14"},"geometry":{"type":"Point","coordinates":[-116.42,53.58]}},{"type":"Feature","properties":{"en":"Division No. 16","fr":"division No 16"},"geometry":{"type":"Point","coordinates":[-111.43,56.74]}},{"type":"Feature","properties":{"en":"Division No. 9","fr":"division No 9"},"geometry":{"type":"Point","coordinates":[-114.92,52.37]}},{"type":"Feature","properties":{"en":"Division No. 13","fr":"division No 13"},"geometry":{"type":"Point","coordinates":[-113.254,54.7156]}},{"type":"Feature","properties":{"en":"Division No. 18","fr":"division No 18"},"geometry":{"type":"Point","coordinates":[-119.122,53.8858]}},{"type":"Feature","properties":{"en":"Kryry","fr":"Kryry"},"geometry":{"type":"Point","coordinates":[13.426674117895,50.174468119456]}},{"type":"Feature","properties":{"en":"Alberni-Clayoquot Regional District","fr":"district régional d'Alberni-Clayoquot"},"geometry":{"type":"Point","coordinates":[-125.33333333333,49.25]}},{"type":"Feature","properties":{"en":"qathet Regional District","fr":"district régional de qathet"},"geometry":{"type":"Point","coordinates":[-124.5,50.0]}},{"type":"Feature","properties":{"en":"Konice","fr":"Konice"},"geometry":{"type":"Point","coordinates":[16.889147392975,49.590315943727]}},{"type":"Feature","properties":{"en":"Uhlířské Janovice","fr":"Uhlířské Janovice"},"geometry":{"type":"Point","coordinates":[15.064872183254,49.880250499552]}},{"type":"Feature","properties":{"en":"Kopidlno","fr":"Kopidlno"},"geometry":{"type":"Point","coordinates":[15.270376245697,50.330906112282]}},{"type":"Feature","properties":{"en":"Kostelec na Hané","fr":"Kostelec na Hané"},"geometry":{"type":"Point","coordinates":[17.058271522734,49.513994854353]}},{"type":"Feature","properties":{"en":"Kostelec nad Labem","fr":"Kostelec nad Labem"},"geometry":{"type":"Point","coordinates":[14.585598774844,50.226603627713]}},{"type":"Feature","properties":{"en":"Kožlany","fr":"Kožlany"},"geometry":{"type":"Point","coordinates":[13.541132603917,49.993988077239]}},{"type":"Feature","properties":{"en":"Saint John County","fr":"comté de Saint-Jean"},"geometry":{"type":"Point","coordinates":[-66.0,45.3]}},{"type":"Feature","properties":{"en":"Krnov","fr":"Krnov"},"geometry":{"type":"Point","coordinates":[17.703908920138,50.089666916291]}},{"type":"Feature","properties":{"en":"Králův Dvůr","fr":"Králův Dvůr"},"geometry":{"type":"Point","coordinates":[14.034516923849,49.949891666533]}},{"type":"Feature","properties":{"en":"Krásno","fr":"Krásno"},"geometry":{"type":"Point","coordinates":[12.786301420762,50.109290025027]}},{"type":"Feature","properties":{"en":"Kuujjuarapik","fr":"Kuujjuarapik"},"geometry":{"type":"Point","coordinates":[-77.7583,55.275]}},{"type":"Feature","properties":{"en":"Parry Sound District","fr":"district de Parry Sound"},"geometry":{"type":"Point","coordinates":[-79.833333333333,45.7]}},{"type":"Feature","properties":{"en":"La Matapédia","fr":"La Matapédia"},"geometry":{"type":"Point","coordinates":[-67.5666666666667,48.3]}},{"type":"Feature","properties":{"en":"Mašťov","fr":"Mašťov"},"geometry":{"type":"Point","coordinates":[13.280541500368,50.262376378994]}},{"type":"Feature","properties":{"en":"Lakeshore","fr":"Lakeshore"},"geometry":{"type":"Point","coordinates":[-82.683333333333,42.25]}},{"type":"Feature","properties":{"en":"Lanark County","fr":"comté de Lanark"},"geometry":{"type":"Point","coordinates":[-76.25,45.0]}},{"type":"Feature","properties":{"en":"Austin","fr":"Austin"},"geometry":{"type":"Point","coordinates":[-72.2833,45.1833]}},{"type":"Feature","properties":{"en":"Langley","fr":"Langley"},"geometry":{"type":"Point","coordinates":[-122.582703,49.104444]}},{"type":"Feature","properties":{"en":"Trail","fr":"Trail"},"geometry":{"type":"Point","coordinates":[-117.71,49.095]}},{"type":"Feature","properties":{"en":"Le Granit","fr":"Le Granit"},"geometry":{"type":"Point","coordinates":[-70.888972,45.592139]}},{"type":"Feature","properties":{"en":"Pilníkov","fr":"Pilníkov"},"geometry":{"type":"Point","coordinates":[15.820289929624,50.532514286177]}},{"type":"Feature","properties":{"en":"La Matanie","fr":"La Matanie"},"geometry":{"type":"Point","coordinates":[-67.2833333333333,48.85]}},{"type":"Feature","properties":{"en":"Roussillon","fr":"Roussillon"},"geometry":{"type":"Point","coordinates":[-73.5667,45.3667]}},{"type":"Feature","properties":{"en":"Les Moulins","fr":"Les Moulins"},"geometry":{"type":"Point","coordinates":[-73.6,45.75]}},{"type":"Feature","properties":{"en":"Velké Hamry","fr":"Velké Hamry"},"geometry":{"type":"Point","coordinates":[15.315494872313,50.713787019115]}},{"type":"Feature","properties":{"en":"Pečky","fr":"Pečky"},"geometry":{"type":"Point","coordinates":[15.030238635087,50.090487305541]}},{"type":"Feature","properties":{"en":"Renfrew County","fr":"comté de Renfrew"},"geometry":{"type":"Point","coordinates":[-77.25,45.666666666667]}},{"type":"Feature","properties":{"en":"Manitoulin District","fr":"district de Manitoulin"},"geometry":{"type":"Point","coordinates":[-82.2,45.766666666667]}},{"type":"Feature","properties":{"en":"United Counties of Prescott and Russell","fr":"comtés unis de Prescott et Russell"},"geometry":{"type":"Point","coordinates":[-74.833333333333,45.466666666667]}},{"type":"Feature","properties":{"en":"Borden","fr":"Borden"},"geometry":{"type":"Point","coordinates":[-107.222,52.413]}},{"type":"Feature","properties":{"en":"Lomnice nad Lužnicí","fr":"Lomnice nad Lužnicí"},"geometry":{"type":"Point","coordinates":[14.717287349146,49.084754417801]}},{"type":"Feature","properties":{"en":"Rousínov","fr":"Rousínov"},"geometry":{"type":"Point","coordinates":[16.882160941908,49.201302411488]}},{"type":"Feature","properties":{"en":"Eeyou Istchee James Bay Regional Government","fr":"Eeyou Istchee Baie-James"},"geometry":{"type":"Point","coordinates":[-76.0,52.0]}},{"type":"Feature","properties":{"en":"Liběchov","fr":"Liběchov"},"geometry":{"type":"Point","coordinates":[14.446835371569,50.407910682451]}},{"type":"Feature","properties":{"en":"Gadsby","fr":"Gadsby"},"geometry":{"type":"Point","coordinates":[-112.362,52.2958]}},{"type":"Feature","properties":{"en":"La Patrie","fr":"La Patrie"},"geometry":{"type":"Point","coordinates":[-71.25,45.4]}},{"type":"Feature","properties":{"en":"Bancroft","fr":"Bancroft"},"geometry":{"type":"Point","coordinates":[-77.85,45.05]}},{"type":"Feature","properties":{"en":"Třemošná","fr":"Třemošná"},"geometry":{"type":"Point","coordinates":[13.395051407159,49.815938878371]}},{"type":"Feature","properties":{"en":"Třebechovice pod Orebem","fr":"Třebechovice pod Orebem"},"geometry":{"type":"Point","coordinates":[15.9923048313,50.201006677785]}},{"type":"Feature","properties":{"en":"Odolena Voda","fr":"Odolena Voda"},"geometry":{"type":"Point","coordinates":[14.410860235991,50.233487444448]}},{"type":"Feature","properties":{"en":"Týnec nad Sázavou","fr":"Týnec nad Sázavou"},"geometry":{"type":"Point","coordinates":[14.589890530837,49.833548574825]}},{"type":"Feature","properties":{"en":"Rychnov u Jablonce nad Nisou","fr":"Rychnov u Jablonce nad Nisou"},"geometry":{"type":"Point","coordinates":[15.149892975586,50.683846705646]}},{"type":"Feature","properties":{"en":"Svratka","fr":"Svratka"},"geometry":{"type":"Point","coordinates":[16.032182159293,49.710702553661]}},{"type":"Feature","properties":{"en":"Trhový Štěpánov","fr":"Trhový Štěpánov"},"geometry":{"type":"Point","coordinates":[15.013611593212,49.711536905402]}},{"type":"Feature","properties":{"en":"Tadoussac","fr":"Tadoussac"},"geometry":{"type":"Point","coordinates":[-69.7167,48.15]}},{"type":"Feature","properties":{"en":"McLennan","fr":"McLennan"},"geometry":{"type":"Point","coordinates":[-116.909,55.7117]}},{"type":"Feature","properties":{"en":"Městec Králové","fr":"Městec Králové"},"geometry":{"type":"Point","coordinates":[15.29765720647,50.207235649606]}},{"type":"Feature","properties":{"en":"Nové Město pod Smrkem","fr":"Nové Město pod Smrkem"},"geometry":{"type":"Point","coordinates":[15.22954639252,50.924963588909]}},{"type":"Feature","properties":{"en":"Nová Včelnice","fr":"Nová Včelnice"},"geometry":{"type":"Point","coordinates":[15.072624474936,49.239413262448]}},{"type":"Feature","properties":{"en":"Arrowwood","fr":"Arrowwood"},"geometry":{"type":"Point","coordinates":[-113.144,50.7363]}},{"type":"Feature","properties":{"en":"Fort Qu'Appelle","fr":"Fort Qu'Appelle"},"geometry":{"type":"Point","coordinates":[-103.783,50.7667]}},{"type":"Feature","properties":{"en":"Loučná pod Klínovcem","fr":"Loučná pod Klínovcem"},"geometry":{"type":"Point","coordinates":[12.981577596076,50.418684947191]}},{"type":"Feature","properties":{"en":"Rosalind","fr":"Rosalind"},"geometry":{"type":"Point","coordinates":[-112.44,52.7873]}},{"type":"Feature","properties":{"en":"L'Anse-au-Clair","fr":"L'Anse-au-Clair"},"geometry":{"type":"Point","coordinates":[-57.064261111111,51.432419444444]}},{"type":"Feature","properties":{"en":"Bruce Mines","fr":"Bruce Mines"},"geometry":{"type":"Point","coordinates":[-83.7833,46.2833]}},{"type":"Feature","properties":{"en":"Carstairs","fr":"Carstairs"},"geometry":{"type":"Point","coordinates":[-114.095,51.5619]}},{"type":"Feature","properties":{"en":"Moosomin","fr":"Moosomin"},"geometry":{"type":"Point","coordinates":[-101.671111111111,50.1447222222222]}},{"type":"Feature","properties":{"en":"Rokytnice nad Jizerou","fr":"Rokytnice nad Jizerou"},"geometry":{"type":"Point","coordinates":[15.43367987853,50.725660992559]}},{"type":"Feature","properties":{"en":"Humboldt","fr":"Humboldt"},"geometry":{"type":"Point","coordinates":[-105.123,52.2019]}},{"type":"Feature","properties":{"en":"Stirling","fr":"Stirling"},"geometry":{"type":"Point","coordinates":[-112.517,49.5022]}},{"type":"Feature","properties":{"en":"Mashteuiatsh","fr":"Mashteuiatsh"},"geometry":{"type":"Point","coordinates":[-72.2333333333333,48.5666666666667]}},{"type":"Feature","properties":{"en":"Matawinie","fr":"Matawinie"},"geometry":{"type":"Point","coordinates":[-73.783333333333,46.266666666667]}},{"type":"Feature","properties":{"en":"Milk River","fr":"Milk River"},"geometry":{"type":"Point","coordinates":[-112.087222,49.148889]}},{"type":"Feature","properties":{"en":"Millet","fr":"Millet"},"geometry":{"type":"Point","coordinates":[-113.467,53.0833]}},{"type":"Feature","properties":{"en":"Kinistino","fr":"Kinistino"},"geometry":{"type":"Point","coordinates":[-105.03,52.95]}},{"type":"Feature","properties":{"en":"Outlook","fr":"Outlook"},"geometry":{"type":"Point","coordinates":[-107.052777777778,51.4888888888889]}},{"type":"Feature","properties":{"en":"Vonda","fr":"Vonda"},"geometry":{"type":"Point","coordinates":[-106.092,52.323]}},{"type":"Feature","properties":{"en":"Watson","fr":"Watson"},"geometry":{"type":"Point","coordinates":[-104.517,52.1167]}},{"type":"Feature","properties":{"en":"Whitewood","fr":"Whitewood"},"geometry":{"type":"Point","coordinates":[-102.25,50.3333]}},{"type":"Feature","properties":{"en":"Wolseley","fr":"Wolseley"},"geometry":{"type":"Point","coordinates":[-103.273,50.425]}},{"type":"Feature","properties":{"en":"Granum","fr":"Granum"},"geometry":{"type":"Point","coordinates":[-113.507,49.8736]}},{"type":"Feature","properties":{"en":"Middlesex County","fr":"comté de Middlesex"},"geometry":{"type":"Point","coordinates":[-81.5,43.0]}},{"type":"Feature","properties":{"en":"Midland","fr":"Midland"},"geometry":{"type":"Point","coordinates":[-79.883333333333,44.75]}},{"type":"Feature","properties":{"en":"The Nation","fr":"La Nation"},"geometry":{"type":"Point","coordinates":[-75.0333,45.35]}},{"type":"Feature","properties":{"en":"Nová Bystřice","fr":"Nová Bystřice"},"geometry":{"type":"Point","coordinates":[15.103166868967,49.019322192393]}},{"type":"Feature","properties":{"en":"Smržovka","fr":"Smržovka"},"geometry":{"type":"Point","coordinates":[15.246500406797,50.738254442679]}},{"type":"Feature","properties":{"en":"Smiths Falls","fr":"Smiths Falls"},"geometry":{"type":"Point","coordinates":[-76.0167,44.9]}},{"type":"Feature","properties":{"en":"Montebello","fr":"Montebello"},"geometry":{"type":"Point","coordinates":[-74.9333,45.65]}},{"type":"Feature","properties":{"en":"Morkovice-Slížany","fr":"Morkovice-Slížany"},"geometry":{"type":"Point","coordinates":[17.207838904809,49.247997076259]}},{"type":"Feature","properties":{"en":"Mount Pearl","fr":"Mount Pearl"},"geometry":{"type":"Point","coordinates":[-52.807438888889,47.518838888889]}},{"type":"Feature","properties":{"en":"Muskoka Lakes","fr":"Muskoka Lakes"},"geometry":{"type":"Point","coordinates":[-79.584444444444,45.105]}},{"type":"Feature","properties":{"en":"Temiskaming Shores","fr":"Temiskaming Shores"},"geometry":{"type":"Point","coordinates":[-79.7152777777778,47.4936111111111]}},{"type":"Feature","properties":{"en":"Nipigon","fr":"Nipigon"},"geometry":{"type":"Point","coordinates":[-88.268333333333,49.015277777778]}},{"type":"Feature","properties":{"en":"Abbey","fr":"Abbey"},"geometry":{"type":"Point","coordinates":[-108.45,50.444]}},{"type":"Feature","properties":{"en":"Abernethy","fr":"Abernethy"},"geometry":{"type":"Point","coordinates":[-103.252,50.444]}},{"type":"Feature","properties":{"en":"Albertville","fr":"Albertville"},"geometry":{"type":"Point","coordinates":[-105.533,53.4167]}},{"type":"Feature","properties":{"en":"Annaheim","fr":"Annaheim"},"geometry":{"type":"Point","coordinates":[-104.821,52.3184]}},{"type":"Feature","properties":{"en":"Archerwill","fr":"Archerwill"},"geometry":{"type":"Point","coordinates":[-103.861,52.4397]}},{"type":"Feature","properties":{"en":"Arran","fr":"Arran"},"geometry":{"type":"Point","coordinates":[-101.719,51.8844]}},{"type":"Feature","properties":{"en":"Atwater","fr":"Atwater"},"geometry":{"type":"Point","coordinates":[-102.227,50.7753]}},{"type":"Feature","properties":{"en":"Aylsham","fr":"Aylsham"},"geometry":{"type":"Point","coordinates":[-103.8,53.2]}},{"type":"Feature","properties":{"en":"Belle Plaine","fr":"Belle Plaine"},"geometry":{"type":"Point","coordinates":[-105.15,50.4]}},{"type":"Feature","properties":{"en":"Bethune","fr":"Bethune"},"geometry":{"type":"Point","coordinates":[-105.20547679635,50.710452869547]}},{"type":"Feature","properties":{"en":"Bladworth","fr":"Bladworth"},"geometry":{"type":"Point","coordinates":[-106.139166666667,51.3675]}},{"type":"Feature","properties":{"en":"Bracken","fr":"Bracken"},"geometry":{"type":"Point","coordinates":[-108.096,49.178]}},{"type":"Feature","properties":{"en":"Bradwell","fr":"Bradwell"},"geometry":{"type":"Point","coordinates":[-106.231,51.9475]}},{"type":"Feature","properties":{"en":"Broderick","fr":"Broderick"},"geometry":{"type":"Point","coordinates":[-106.912,51.512]}},{"type":"Feature","properties":{"en":"Brownlee","fr":"Brownlee"},"geometry":{"type":"Point","coordinates":[-106.015,50.739]}},{"type":"Feature","properties":{"en":"Buchanan","fr":"Buchanan"},"geometry":{"type":"Point","coordinates":[-102.756,51.7039]}},{"type":"Feature","properties":{"en":"Bulyea","fr":"Bulyea"},"geometry":{"type":"Point","coordinates":[-104.862,50.986]}},{"type":"Feature","properties":{"en":"Cadillac","fr":"Cadillac"},"geometry":{"type":"Point","coordinates":[-107.733,49.717]}},{"type":"Feature","properties":{"en":"Calder","fr":"Calder"},"geometry":{"type":"Point","coordinates":[-101.75,51.15]}},{"type":"Feature","properties":{"en":"Carievale","fr":"Carievale"},"geometry":{"type":"Point","coordinates":[-101.626,49.1733]}},{"type":"Feature","properties":{"en":"Carmichael","fr":"Carmichael"},"geometry":{"type":"Point","coordinates":[-108.791,50.058]}},{"type":"Feature","properties":{"en":"Chamberlain","fr":"Chamberlain"},"geometry":{"type":"Point","coordinates":[-105.568,50.8514]}},{"type":"Feature","properties":{"en":"Clavet","fr":"Clavet"},"geometry":{"type":"Point","coordinates":[-106.331,51.979]}},{"type":"Feature","properties":{"en":"Climax","fr":"Climax"},"geometry":{"type":"Point","coordinates":[-108.383,49.2]}},{"type":"Feature","properties":{"en":"Coleville","fr":"Coleville"},"geometry":{"type":"Point","coordinates":[-109.23333333333,51.7]}},{"type":"Feature","properties":{"en":"Conquest","fr":"Conquest"},"geometry":{"type":"Point","coordinates":[-107.22,51.31]}},{"type":"Feature","properties":{"en":"Consul","fr":"Consul"},"geometry":{"type":"Point","coordinates":[-109.502,49.288]}},{"type":"Feature","properties":{"en":"Debden","fr":"Debden"},"geometry":{"type":"Point","coordinates":[-106.867,53.517]}},{"type":"Feature","properties":{"en":"Denholm","fr":"Denholm"},"geometry":{"type":"Point","coordinates":[-108.011,52.657]}},{"type":"Feature","properties":{"en":"Dinsmore","fr":"Dinsmore"},"geometry":{"type":"Point","coordinates":[-107.418,51.334]}},{"type":"Feature","properties":{"en":"Dodsland","fr":"Dodsland"},"geometry":{"type":"Point","coordinates":[-108.838,51.801]}},{"type":"Feature","properties":{"en":"Dorintosh","fr":"Dorintosh"},"geometry":{"type":"Point","coordinates":[-108.626,54.352]}},{"type":"Feature","properties":{"en":"North Saanich","fr":"North Saanich"},"geometry":{"type":"Point","coordinates":[-123.42,48.6142]}},{"type":"Feature","properties":{"en":"North Vancouver","fr":"North Vancouver (district)"},"geometry":{"type":"Point","coordinates":[-123.01944444444,49.311111111111]}},{"type":"Feature","properties":{"en":"Northern Rockies Regional Municipality","fr":"District régional de Northern Rockies"},"geometry":{"type":"Point","coordinates":[-123.75,59.0]}},{"type":"Feature","properties":{"en":"Masis","fr":"Masis"},"geometry":{"type":"Point","coordinates":[44.438,40.067]}},{"type":"Feature","properties":{"en":"Dubuc","fr":"Dubuc"},"geometry":{"type":"Point","coordinates":[-102.479,50.684]}},{"type":"Feature","properties":{"en":"Duff","fr":"Duff"},"geometry":{"type":"Point","coordinates":[-103.092,50.874]}},{"type":"Feature","properties":{"en":"Duval","fr":"Duval"},"geometry":{"type":"Point","coordinates":[-104.982,51.162]}},{"type":"Feature","properties":{"en":"Týniště nad Orlicí","fr":"Týniště nad Orlicí"},"geometry":{"type":"Point","coordinates":[16.077768029523,50.151400055455]}},{"type":"Feature","properties":{"en":"Edenwold","fr":"Edenwold"},"geometry":{"type":"Point","coordinates":[-104.252,50.633]}},{"type":"Feature","properties":{"en":"Elbow","fr":"Elbow"},"geometry":{"type":"Point","coordinates":[-106.559,51.144]}},{"type":"Feature","properties":{"en":"Irricana","fr":"Irricana"},"geometry":{"type":"Point","coordinates":[-113.611,51.3189]}},{"type":"Feature","properties":{"en":"Endeavour","fr":"Endeavour"},"geometry":{"type":"Point","coordinates":[-102.621,52.231]}},{"type":"Feature","properties":{"en":"Englefeld","fr":"Englefeld"},"geometry":{"type":"Point","coordinates":[-104.662,52.169]}},{"type":"Feature","properties":{"en":"Ernfold","fr":"Ernfold"},"geometry":{"type":"Point","coordinates":[-106.892,50.448]}},{"type":"Feature","properties":{"en":"Eyebrow","fr":"Eyebrow"},"geometry":{"type":"Point","coordinates":[-106.185,50.732]}},{"type":"Feature","properties":{"en":"Fenwood","fr":"Fenwood"},"geometry":{"type":"Point","coordinates":[-103.159,50.995]}},{"type":"Feature","properties":{"en":"Flaxcombe","fr":"Flaxcombe"},"geometry":{"type":"Point","coordinates":[-109.622,51.459]}},{"type":"Feature","properties":{"en":"Frontier","fr":"Frontier"},"geometry":{"type":"Point","coordinates":[-108.567,49.199]}},{"type":"Feature","properties":{"en":"Gainsborough","fr":"Gainsborough"},"geometry":{"type":"Point","coordinates":[-101.45,49.1667]}},{"type":"Feature","properties":{"en":"Gerald","fr":"Gerald"},"geometry":{"type":"Point","coordinates":[-101.793,50.664]}},{"type":"Feature","properties":{"en":"Glaslyn","fr":"Glaslyn"},"geometry":{"type":"Point","coordinates":[-108.372,53.358]}},{"type":"Feature","properties":{"en":"Glen Ewen","fr":"Glen Ewen"},"geometry":{"type":"Point","coordinates":[-102.02,49.2063]}},{"type":"Feature","properties":{"en":"Glenavon","fr":"Glenavon"},"geometry":{"type":"Point","coordinates":[-103.132,50.181]}},{"type":"Feature","properties":{"en":"Glenside","fr":"Glenside"},"geometry":{"type":"Point","coordinates":[-106.831,51.451]}},{"type":"Feature","properties":{"en":"Golden Prairie","fr":"Golden Prairie"},"geometry":{"type":"Point","coordinates":[-109.631,50.22]}},{"type":"Feature","properties":{"en":"Goodeve","fr":"Goodeve"},"geometry":{"type":"Point","coordinates":[-103.045,51.115]}},{"type":"Feature","properties":{"en":"Goodwater","fr":"Goodwater"},"geometry":{"type":"Point","coordinates":[-103.889,49.391]}},{"type":"Feature","properties":{"en":"Halbrite","fr":"Halbrite"},"geometry":{"type":"Point","coordinates":[-103.558,49.488]}},{"type":"Feature","properties":{"en":"Hawarden","fr":"Hawarden"},"geometry":{"type":"Point","coordinates":[-106.581,51.407]}},{"type":"Feature","properties":{"en":"Hazenmore","fr":"Hazenmore"},"geometry":{"type":"Point","coordinates":[-107.138,49.687]}},{"type":"Feature","properties":{"en":"Hodgeville","fr":"Hodgeville"},"geometry":{"type":"Point","coordinates":[-106.967,50.121]}},{"type":"Feature","properties":{"en":"Holdfast","fr":"Holdfast"},"geometry":{"type":"Point","coordinates":[-105.405,50.963]}},{"type":"Feature","properties":{"en":"Hubbard","fr":"Hubbard"},"geometry":{"type":"Point","coordinates":[-103.463,51.048]}},{"type":"Feature","properties":{"en":"Hyas","fr":"Hyas"},"geometry":{"type":"Point","coordinates":[-102.238,51.875]}},{"type":"Feature","properties":{"en":"Rožďalovice","fr":"Rožďalovice"},"geometry":{"type":"Point","coordinates":[15.169699158824,50.30482174607]}},{"type":"Feature","properties":{"en":"Invermay","fr":"Invermay"},"geometry":{"type":"Point","coordinates":[-103.152,51.8069]}},{"type":"Feature","properties":{"en":"Jansen","fr":"Jansen"},"geometry":{"type":"Point","coordinates":[-104.717,51.783]}},{"type":"Feature","properties":{"en":"Keeler","fr":"Keeler"},"geometry":{"type":"Point","coordinates":[-105.878,50.6787]}},{"type":"Feature","properties":{"en":"Kelliher","fr":"Kelliher"},"geometry":{"type":"Point","coordinates":[-103.74,51.261]}},{"type":"Feature","properties":{"en":"Kenaston","fr":"Kenaston"},"geometry":{"type":"Point","coordinates":[-106.283,51.5]}},{"type":"Feature","properties":{"en":"Kincaid","fr":"Kincaid"},"geometry":{"type":"Point","coordinates":[-107.006,49.671]}},{"type":"Feature","properties":{"en":"Kinley","fr":"Kinley"},"geometry":{"type":"Point","coordinates":[-107.427,52.018]}},{"type":"Feature","properties":{"en":"Krydor","fr":"Krydor"},"geometry":{"type":"Point","coordinates":[-107.074722222222,52.7875]}},{"type":"Feature","properties":{"en":"Queens County","fr":"comté de Queens"},"geometry":{"type":"Point","coordinates":[-63.25,46.283333333333]}},{"type":"Feature","properties":{"en":"Queens County","fr":"comté de Queens"},"geometry":{"type":"Point","coordinates":[-65.0,44.2]}},{"type":"Feature","properties":{"en":"Němčice nad Hanou","fr":"Němčice nad Hanou"},"geometry":{"type":"Point","coordinates":[17.205985962544,49.341827353502]}},{"type":"Feature","properties":{"en":"Paskov","fr":"Paskov"},"geometry":{"type":"Point","coordinates":[18.290408503542,49.73177254678]}},{"type":"Feature","properties":{"en":"Lac-au-Saumon","fr":"Lac-au-Saumon"},"geometry":{"type":"Point","coordinates":[-67.35,48.4167]}},{"type":"Feature","properties":{"en":"Saint-Edmond-les-Plaines","fr":"Saint-Edmond-les-Plaines"},"geometry":{"type":"Point","coordinates":[-72.55,48.9]}},{"type":"Feature","properties":{"en":"Rejštejn","fr":"Rejštejn"},"geometry":{"type":"Point","coordinates":[13.515188044379,49.140631911268]}},{"type":"Feature","properties":{"en":"Williams Lake","fr":"Williams Lake"},"geometry":{"type":"Point","coordinates":[-122.14166666667,52.141666666667]}},{"type":"Feature","properties":{"en":"Sylvan Lake","fr":"Sylvan Lake"},"geometry":{"type":"Point","coordinates":[-114.096,52.3083]}},{"type":"Feature","properties":{"en":"Bittern Lake","fr":"Bittern Lake"},"geometry":{"type":"Point","coordinates":[-113.059,53.0045]}},{"type":"Feature","properties":{"en":"Hrochův Týnec","fr":"Hrochův Týnec"},"geometry":{"type":"Point","coordinates":[15.910602980736,49.959504928636]}},{"type":"Feature","properties":{"en":"United Counties of Stormont, Dundas and Glengarry","fr":"comtés unis de Stormont, Dundas et Glengarry"},"geometry":{"type":"Point","coordinates":[-74.95,45.166666666667]}},{"type":"Feature","properties":{"en":"Peace River Regional District","fr":"district régional de Peace River"},"geometry":{"type":"Point","coordinates":[-122.75,56.6667]}},{"type":"Feature","properties":{"en":"Manyberries","fr":"Manyberries"},"geometry":{"type":"Point","coordinates":[-110.694,49.4017]}},{"type":"Feature","properties":{"en":"Quesnel","fr":"Quesnel"},"geometry":{"type":"Point","coordinates":[-122.493,52.9784]}},{"type":"Feature","properties":{"en":"Ralsko","fr":"Ralsko"},"geometry":{"type":"Point","coordinates":[14.804217154393,50.585570576188]}},{"type":"Feature","properties":{"en":"Sainte-Anne-de-la-Pocatière","fr":"Sainte-Anne-de-la-Pocatière"},"geometry":{"type":"Point","coordinates":[-70.0,47.35]}},{"type":"Feature","properties":{"en":"St. Thomas","fr":"St. Thomas"},"geometry":{"type":"Point","coordinates":[-81.183333333333,42.775]}},{"type":"Feature","properties":{"en":"Morin-Heights","fr":"Morin-Heights"},"geometry":{"type":"Point","coordinates":[-74.25,45.9]}},{"type":"Feature","properties":{"en":"Laird","fr":"Laird"},"geometry":{"type":"Point","coordinates":[-106.59,52.712]}},{"type":"Feature","properties":{"en":"Lake Lenore","fr":"Lake Lenore"},"geometry":{"type":"Point","coordinates":[-104.941,52.393]}},{"type":"Feature","properties":{"en":"Lang","fr":"Lang"},"geometry":{"type":"Point","coordinates":[-104.372,49.919]}},{"type":"Feature","properties":{"en":"Lebret","fr":"Lebret"},"geometry":{"type":"Point","coordinates":[-103.703,50.7571]}},{"type":"Feature","properties":{"en":"Leoville","fr":"Leoville"},"geometry":{"type":"Point","coordinates":[-107.551,53.632]}},{"type":"Feature","properties":{"en":"Leross","fr":"Leross"},"geometry":{"type":"Point","coordinates":[-103.868,51.288]}},{"type":"Feature","properties":{"en":"Lestock","fr":"Lestock"},"geometry":{"type":"Point","coordinates":[-103.983,51.311]}},{"type":"Feature","properties":{"en":"Liberty","fr":"Liberty"},"geometry":{"type":"Point","coordinates":[-105.437,51.153]}},{"type":"Feature","properties":{"en":"Lipton","fr":"Lipton"},"geometry":{"type":"Point","coordinates":[-104.862,50.986]}},{"type":"Feature","properties":{"en":"Loreburn","fr":"Loreburn"},"geometry":{"type":"Point","coordinates":[-106.5985,51.2301]}},{"type":"Feature","properties":{"en":"Love","fr":"Love"},"geometry":{"type":"Point","coordinates":[-104.167,53.486]}},{"type":"Feature","properties":{"en":"Lucky Lake","fr":"Lucky Lake"},"geometry":{"type":"Point","coordinates":[-107.15,50.998]}},{"type":"Feature","properties":{"en":"MacNutt","fr":"MacNutt"},"geometry":{"type":"Point","coordinates":[-101.607,51.099]}},{"type":"Feature","properties":{"en":"Macrorie","fr":"Macrorie"},"geometry":{"type":"Point","coordinates":[-107.082,51.322]}},{"type":"Feature","properties":{"en":"Major","fr":"Major"},"geometry":{"type":"Point","coordinates":[-109.613,51.873]}},{"type":"Feature","properties":{"en":"Makwa","fr":"Makwa"},"geometry":{"type":"Point","coordinates":[-108.889,53.991]}},{"type":"Feature","properties":{"en":"Mankota","fr":"Mankota"},"geometry":{"type":"Point","coordinates":[-107.07,49.421]}},{"type":"Feature","properties":{"en":"Marcelin","fr":"Marcelin"},"geometry":{"type":"Point","coordinates":[-106.756,52.986]}},{"type":"Feature","properties":{"en":"Marengo","fr":"Marengo"},"geometry":{"type":"Point","coordinates":[-109.784,51.4797]}},{"type":"Feature","properties":{"en":"Markinch","fr":"Markinch"},"geometry":{"type":"Point","coordinates":[-104.349,50.944]}},{"type":"Feature","properties":{"en":"Marquis","fr":"Marquis"},"geometry":{"type":"Point","coordinates":[-105.719,50.618]}},{"type":"Feature","properties":{"en":"Maryfield","fr":""},"geometry":{"type":"Point","coordinates":[-101.525,49.836]}},{"type":"Feature","properties":{"en":"Maymont","fr":"Maymont"},"geometry":{"type":"Point","coordinates":[-107.706,52.563]}},{"type":"Feature","properties":{"en":"Clarenville","fr":"Clarenville"},"geometry":{"type":"Point","coordinates":[-53.965,48.1566]}},{"type":"Feature","properties":{"en":"Velešín","fr":"Velešín"},"geometry":{"type":"Point","coordinates":[14.462517439026,48.829564866244]}},{"type":"Feature","properties":{"en":"Rtyně v Podkrkonoší","fr":"Rtyně v Podkrkonoší"},"geometry":{"type":"Point","coordinates":[16.071958352158,50.505266420412]}},{"type":"Feature","properties":{"en":"Rožmitál pod Třemšínem","fr":"Rožmitál pod Třemšínem"},"geometry":{"type":"Point","coordinates":[13.864345146533,49.602046222311]}},{"type":"Feature","properties":{"en":"Pictou County","fr":"comté de Pictou"},"geometry":{"type":"Point","coordinates":[-62.6,45.5]}},{"type":"Feature","properties":{"en":"Rabí","fr":"Rabí"},"geometry":{"type":"Point","coordinates":[13.617637249415,49.280837729607]}},{"type":"Feature","properties":{"en":"Elk Point","fr":"Elk Point"},"geometry":{"type":"Point","coordinates":[-110.897,53.8967]}},{"type":"Feature","properties":{"en":"Smiřice","fr":"Smiřice"},"geometry":{"type":"Point","coordinates":[15.865155425739,50.29982171362]}},{"type":"Feature","properties":{"en":"Chisasibi","fr":"Chisasibi"},"geometry":{"type":"Point","coordinates":[-78.8958,53.7833]}},{"type":"Feature","properties":{"en":"Regional District of Nanaimo","fr":"district régional de Nanaimo"},"geometry":{"type":"Point","coordinates":[-124.333,49.25]}},{"type":"Feature","properties":{"en":"Regional District of Bulkley-Nechako","fr":"district régional de Bulkley-Nechako"},"geometry":{"type":"Point","coordinates":[-125.735,54.35]}},{"type":"Feature","properties":{"en":"Shelburne County","fr":"comté de Shelburne"},"geometry":{"type":"Point","coordinates":[-65.3,43.8]}},{"type":"Feature","properties":{"en":"Devon","fr":"Devon"},"geometry":{"type":"Point","coordinates":[-113.73222222222,53.363333333333]}},{"type":"Feature","properties":{"en":"Prince County","fr":"comté de Prince"},"geometry":{"type":"Point","coordinates":[-64.0833,46.75]}},{"type":"Feature","properties":{"en":"Barons","fr":"Barons"},"geometry":{"type":"Point","coordinates":[-113.08277777778,49.999722222222]}},{"type":"Feature","properties":{"en":"Callander","fr":"Callander"},"geometry":{"type":"Point","coordinates":[-79.4055555555556,46.1761111111111]}},{"type":"Feature","properties":{"en":"Fort Macleod","fr":"Fort Macleod"},"geometry":{"type":"Point","coordinates":[-113.39752777778,49.725583333333]}},{"type":"Feature","properties":{"en":"Regional District of Kitimat-Stikine","fr":"district régional de Kitimat-Stikine"},"geometry":{"type":"Point","coordinates":[-129.0,55.0]}},{"type":"Feature","properties":{"en":"Regional District of Mount Waddington","fr":"district régional de Mount Waddington"},"geometry":{"type":"Point","coordinates":[-127.565585,50.604232]}},{"type":"Feature","properties":{"en":"Regional District of Kootenay Boundary","fr":"district régional de Kootenay Boundary"},"geometry":{"type":"Point","coordinates":[-117.052,49.501]}},{"type":"Feature","properties":{"en":"Regional District of North Okanagan","fr":"district régional de North Okanagan"},"geometry":{"type":"Point","coordinates":[-119.18,50.45]}},{"type":"Feature","properties":{"en":"Algoma District","fr":"district d'Algoma"},"geometry":{"type":"Point","coordinates":[-84.5,48.0]}},{"type":"Feature","properties":{"en":"Renfrew","fr":"Renfrew"},"geometry":{"type":"Point","coordinates":[-76.6831,45.4717]}},{"type":"Feature","properties":{"en":"Tofield","fr":"Tofield"},"geometry":{"type":"Point","coordinates":[-112.667,53.3703]}},{"type":"Feature","properties":{"en":"Rovensko pod Troskami","fr":"Rovensko pod Troskami"},"geometry":{"type":"Point","coordinates":[15.25950314592,50.535372997967]}},{"type":"Feature","properties":{"en":"Saint-Théodore-d'Acton","fr":"Saint-Théodore-d'Acton"},"geometry":{"type":"Point","coordinates":[-72.5833,45.6833]}},{"type":"Feature","properties":{"en":"Galahad","fr":"Galahad"},"geometry":{"type":"Point","coordinates":[-111.92777777778,52.513333333333]}},{"type":"Feature","properties":{"en":"Minto","fr":"Minto"},"geometry":{"type":"Point","coordinates":[-80.8667,43.9167]}},{"type":"Feature","properties":{"en":"Coutts","fr":"Coutts"},"geometry":{"type":"Point","coordinates":[-111.95,49.0]}},{"type":"Feature","properties":{"en":"Jesenice","fr":"Jesenice"},"geometry":{"type":"Point","coordinates":[14.513559856752,49.96821662742]}},{"type":"Feature","properties":{"en":"Meacham","fr":"Meacham"},"geometry":{"type":"Point","coordinates":[-105.768,52.106]}},{"type":"Feature","properties":{"en":"Meota","fr":"Meota"},"geometry":{"type":"Point","coordinates":[-108.46,53.04]}},{"type":"Feature","properties":{"en":"Milden","fr":"Milden"},"geometry":{"type":"Point","coordinates":[-107.517,51.4833]}},{"type":"Feature","properties":{"en":"Mistatim","fr":"Mistatim"},"geometry":{"type":"Point","coordinates":[-103.357,52.867]}},{"type":"Feature","properties":{"en":"Montmartre","fr":"Montmartre"},"geometry":{"type":"Point","coordinates":[-103.415,50.213]}},{"type":"Feature","properties":{"en":"Mortlach","fr":"Mortlach"},"geometry":{"type":"Point","coordinates":[-106.064,50.455]}},{"type":"Feature","properties":{"en":"Muenster","fr":"Muenster"},"geometry":{"type":"Point","coordinates":[-104.995,52.1908]}},{"type":"Feature","properties":{"en":"Netherhill","fr":"Netherhill"},"geometry":{"type":"Point","coordinates":[-108.949,51.487]}},{"type":"Feature","properties":{"en":"Odessa","fr":"Odessa"},"geometry":{"type":"Point","coordinates":[-103.784,50.283]}},{"type":"Feature","properties":{"en":"Pangman","fr":"Pangman"},"geometry":{"type":"Point","coordinates":[-104.66,49.6464]}},{"type":"Feature","properties":{"en":"Paradise Hill","fr":"Paradise Hill"},"geometry":{"type":"Point","coordinates":[-109.451,53.532]}},{"type":"Feature","properties":{"en":"Pelly","fr":"Pelly"},"geometry":{"type":"Point","coordinates":[-101.915,51.863]}},{"type":"Feature","properties":{"en":"Pennant","fr":"Pennant"},"geometry":{"type":"Point","coordinates":[-108.23,50.536]}},{"type":"Feature","properties":{"en":"Perdue","fr":"Perdue"},"geometry":{"type":"Point","coordinates":[-107.55,52.05]}},{"type":"Feature","properties":{"en":"Pierceland","fr":"Pierceland"},"geometry":{"type":"Point","coordinates":[-109.755,54.349]}},{"type":"Feature","properties":{"en":"Pilger","fr":"Pilger"},"geometry":{"type":"Point","coordinates":[-105.297,52.44]}},{"type":"Feature","properties":{"en":"Pleasantdale","fr":"Pleasantdale"},"geometry":{"type":"Point","coordinates":[-104.506,52.576]}},{"type":"Feature","properties":{"en":"Plenty","fr":"Plenty"},"geometry":{"type":"Point","coordinates":[-108.838,51.801]}},{"type":"Feature","properties":{"en":"Plunkett","fr":"Plunkett"},"geometry":{"type":"Point","coordinates":[-105.445,51.906]}},{"type":"Feature","properties":{"en":"Prelate","fr":"Prelate"},"geometry":{"type":"Point","coordinates":[-109.409,50.852]}},{"type":"Feature","properties":{"en":"Punnichy","fr":"Punnichy"},"geometry":{"type":"Point","coordinates":[-104.293,51.3716]}},{"type":"Feature","properties":{"en":"Quill Lake","fr":"Quill Lake"},"geometry":{"type":"Point","coordinates":[-104.25,52.0667]}},{"type":"Feature","properties":{"en":"Quinton","fr":"Quinton"},"geometry":{"type":"Point","coordinates":[-104.408,51.3869]}},{"type":"Feature","properties":{"en":"Rama","fr":"Rama"},"geometry":{"type":"Point","coordinates":[-102.999,51.7575]}},{"type":"Feature","properties":{"en":"Richard","fr":"Richard"},"geometry":{"type":"Point","coordinates":[-107.7,52.7]}},{"type":"Feature","properties":{"en":"Richmound","fr":"Richmound"},"geometry":{"type":"Point","coordinates":[-109.763,50.446]}},{"type":"Feature","properties":{"en":"Riverhurst","fr":"Riverhurst"},"geometry":{"type":"Point","coordinates":[-106.85,50.9167]}},{"type":"Feature","properties":{"en":"Ruddell","fr":"Ruddell"},"geometry":{"type":"Point","coordinates":[-107.85,52.6]}},{"type":"Feature","properties":{"en":"Rush Lake","fr":"Rush Lake"},"geometry":{"type":"Point","coordinates":[-107.402572,50.404682]}},{"type":"Feature","properties":{"en":"Sceptre","fr":"Sceptre"},"geometry":{"type":"Point","coordinates":[-109.26,50.9]}},{"type":"Feature","properties":{"en":"Sedley","fr":"Sedley"},"geometry":{"type":"Point","coordinates":[-104.0,50.1667]}},{"type":"Feature","properties":{"en":"Semans","fr":"Semans"},"geometry":{"type":"Point","coordinates":[-104.733,51.4]}},{"type":"Feature","properties":{"en":"Senlac","fr":"Senlac"},"geometry":{"type":"Point","coordinates":[-109.708,52.4931]}},{"type":"Feature","properties":{"en":"Sheho","fr":"Sheho"},"geometry":{"type":"Point","coordinates":[-103.2125,51.586944444444]}},{"type":"Feature","properties":{"en":"Simpson","fr":"Simpson"},"geometry":{"type":"Point","coordinates":[-105.45,51.45]}},{"type":"Feature","properties":{"en":"Smiley","fr":"Smiley"},"geometry":{"type":"Point","coordinates":[-109.47,51.6342]}},{"type":"Feature","properties":{"en":"Spy Hill","fr":"Spy Hill"},"geometry":{"type":"Point","coordinates":[-101.687,50.6186]}},{"type":"Feature","properties":{"en":"St. Gregor","fr":"St. Gregor"},"geometry":{"type":"Point","coordinates":[-104.816,52.134]}},{"type":"Feature","properties":{"en":"St. Louis","fr":"Saint-Louis"},"geometry":{"type":"Point","coordinates":[-105.817,52.9167]}},{"type":"Feature","properties":{"en":"Stenen","fr":"Stenen"},"geometry":{"type":"Point","coordinates":[-102.402,51.917]}},{"type":"Feature","properties":{"en":"Tantallon","fr":"Tantallon"},"geometry":{"type":"Point","coordinates":[-101.842,50.5375]}},{"type":"Feature","properties":{"en":"Tessier","fr":"Tessier"},"geometry":{"type":"Point","coordinates":[-107.433,51.8061]}},{"type":"Feature","properties":{"en":"Theodore","fr":"Theodore"},"geometry":{"type":"Point","coordinates":[-105.65,51.95]}},{"type":"Feature","properties":{"en":"Tramping Lake","fr":"Tramping Lake"},"geometry":{"type":"Point","coordinates":[-108.949,52.135]}},{"type":"Feature","properties":{"en":"Tugaske","fr":"Tugaske"},"geometry":{"type":"Point","coordinates":[-106.287,50.875]}},{"type":"Feature","properties":{"en":"Tuxford","fr":"Tuxford"},"geometry":{"type":"Point","coordinates":[-105.582,50.5739]}},{"type":"Feature","properties":{"en":"Val Marie","fr":"Val Marie"},"geometry":{"type":"Point","coordinates":[-107.729166666667,49.2455555555556]}},{"type":"Feature","properties":{"en":"Valparaiso","fr":"Valparaiso"},"geometry":{"type":"Point","coordinates":[-104.18,52.8497]}},{"type":"Feature","properties":{"en":"Vanguard","fr":"Vanguard"},"geometry":{"type":"Point","coordinates":[-107.257,49.909]}},{"type":"Feature","properties":{"en":"Vanscoy","fr":"Vanscoy"},"geometry":{"type":"Point","coordinates":[-106.983,52.0]}},{"type":"Feature","properties":{"en":"Waldeck","fr":"Waldeck"},"geometry":{"type":"Point","coordinates":[-107.597,50.358]}},{"type":"Feature","properties":{"en":"Waseca","fr":"Waseca"},"geometry":{"type":"Point","coordinates":[-109.467,53.1]}},{"type":"Feature","properties":{"en":"Webb","fr":"Webb"},"geometry":{"type":"Point","coordinates":[-108.228,50.186]}},{"type":"Feature","properties":{"en":"Weekes","fr":"Weekes"},"geometry":{"type":"Point","coordinates":[-102.87,52.5675]}},{"type":"Feature","properties":{"en":"Weldon","fr":"Weldon"},"geometry":{"type":"Point","coordinates":[-105.141944444444,53.0075]}},{"type":"Feature","properties":{"en":"Wiseton","fr":"Wiseton"},"geometry":{"type":"Point","coordinates":[-107.649,51.3144]}},{"type":"Feature","properties":{"en":"Wood Mountain","fr":"Wood Mountain"},"geometry":{"type":"Point","coordinates":[-106.382,49.3708]}},{"type":"Feature","properties":{"en":"Yarbo","fr":"Yarbo"},"geometry":{"type":"Point","coordinates":[-101.934,50.6947]}},{"type":"Feature","properties":{"en":"Zelma","fr":"Zelma"},"geometry":{"type":"Point","coordinates":[-105.911,51.841]}},{"type":"Feature","properties":{"en":"Zenon Park","fr":"Zenon Park"},"geometry":{"type":"Point","coordinates":[-103.754,53.064]}},{"type":"Feature","properties":{"en":"Legal","fr":"Legal"},"geometry":{"type":"Point","coordinates":[-113.595,53.949166666667]}},{"type":"Feature","properties":{"en":"Saint-Augustin","fr":"Saint-Augustin"},"geometry":{"type":"Point","coordinates":[-58.65,51.216666666667]}},{"type":"Feature","properties":{"en":"Saint-Donat","fr":"Saint-Donat"},"geometry":{"type":"Point","coordinates":[-74.2167,46.3167]}},{"type":"Feature","properties":{"en":"Parry Sound","fr":"Parry Sound"},"geometry":{"type":"Point","coordinates":[-80.033333333333,45.333333333333]}},{"type":"Feature","properties":{"en":"Schreiber","fr":"Schreiber"},"geometry":{"type":"Point","coordinates":[-87.2667,48.8167]}},{"type":"Feature","properties":{"en":"Carmangay","fr":"Carmangay"},"geometry":{"type":"Point","coordinates":[-113.111388888889,50.1294444444444]}},{"type":"Feature","properties":{"en":"Hearst","fr":"Hearst"},"geometry":{"type":"Point","coordinates":[-83.6544444444445,49.6869444444444]}},{"type":"Feature","properties":{"en":"Cochrane","fr":"Cochrane"},"geometry":{"type":"Point","coordinates":[-81.016666666667,49.066666666667]}},{"type":"Feature","properties":{"en":"Krásná Hora nad Vltavou","fr":"Krásná Hora nad Vltavou"},"geometry":{"type":"Point","coordinates":[14.277462816466,49.604686941663]}},{"type":"Feature","properties":{"en":"Oyen","fr":"Oyen"},"geometry":{"type":"Point","coordinates":[-110.474,51.3522]}},{"type":"Feature","properties":{"en":"Talgar","fr":"Talgar"},"geometry":{"type":"Point","coordinates":[77.240833333333,43.303611111111]}},{"type":"Feature","properties":{"en":"Větřní","fr":"Větřní"},"geometry":{"type":"Point","coordinates":[14.286158877573,48.774330573721]}},{"type":"Feature","properties":{"en":"Suchdol nad Lužnicí","fr":"Suchdol nad Lužnicí"},"geometry":{"type":"Point","coordinates":[14.876960231353,48.893401070196]}},{"type":"Feature","properties":{"en":"Crossfield","fr":"Crossfield"},"geometry":{"type":"Point","coordinates":[-114.02611111111,51.431111111111]}},{"type":"Feature","properties":{"en":"Wabamun","fr":"Wabamun"},"geometry":{"type":"Point","coordinates":[-114.468,53.5578]}},{"type":"Feature","properties":{"en":"Alberta Beach","fr":"Alberta Beach"},"geometry":{"type":"Point","coordinates":[-114.35,53.6767]}},{"type":"Feature","properties":{"en":"Division No. 5","fr":"division No 5"},"geometry":{"type":"Point","coordinates":[-113.4,51.04]}},{"type":"Feature","properties":{"en":"Division No. 4","fr":"division No 4"},"geometry":{"type":"Point","coordinates":[-111.933,51.6447]}},{"type":"Feature","properties":{"en":"Sainte-Martine","fr":"Sainte-Martine"},"geometry":{"type":"Point","coordinates":[-73.8,45.25]}},{"type":"Feature","properties":{"en":"Mayerthorpe","fr":"Mayerthorpe"},"geometry":{"type":"Point","coordinates":[-115.134,53.9503]}},{"type":"Feature","properties":{"en":"St. Stephen","fr":"Saint-Stephen"},"geometry":{"type":"Point","coordinates":[-67.277222222222,45.192222222222]}},{"type":"Feature","properties":{"en":"Clarenceville","fr":"Clarenceville"},"geometry":{"type":"Point","coordinates":[-73.25,45.0667]}},{"type":"Feature","properties":{"en":"Saint-André-Avellin","fr":"Saint-André-Avellin"},"geometry":{"type":"Point","coordinates":[-75.0667,45.7167]}},{"type":"Feature","properties":{"en":"Clarence-Rockland","fr":"Clarence-Rockland"},"geometry":{"type":"Point","coordinates":[-75.215,45.4880555555556]}},{"type":"Feature","properties":{"en":"Valcourt","fr":"Valcourt"},"geometry":{"type":"Point","coordinates":[-72.35,45.5]}},{"type":"Feature","properties":{"en":"Municipality of the District of Lunenburg","fr":"Lunenburg"},"geometry":{"type":"Point","coordinates":[-64.599166666667,44.433333333333]}},{"type":"Feature","properties":{"en":"Orillia","fr":"Orillia"},"geometry":{"type":"Point","coordinates":[-79.416666666667,44.6]}},{"type":"Feature","properties":{"en":"Mundare","fr":"Mundare"},"geometry":{"type":"Point","coordinates":[-112.336,53.5911]}},{"type":"Feature","properties":{"en":"Bouchette","fr":"Bouchette"},"geometry":{"type":"Point","coordinates":[-75.9667,46.2167]}},{"type":"Feature","properties":{"en":"Municipality of the District of Clare","fr":"Clare"},"geometry":{"type":"Point","coordinates":[-66.116667,44.333333]}},{"type":"Feature","properties":{"en":"Saint-Marcel","fr":"Saint-Marcel"},"geometry":{"type":"Point","coordinates":[-70.0667,46.9]}},{"type":"Feature","properties":{"en":"Saint-Léonard-d'Aston","fr":"Saint-Léonard-d'Aston"},"geometry":{"type":"Point","coordinates":[-72.3667,46.1]}},{"type":"Feature","properties":{"en":"Eckville","fr":"Eckville"},"geometry":{"type":"Point","coordinates":[-114.361,52.3622]}},{"type":"Feature","properties":{"en":"Cardwell Parish","fr":"paroisse de Cardwell"},"geometry":{"type":"Point","coordinates":[-65.3219,45.782]}},{"type":"Feature","properties":{"en":"Terrace Bay","fr":"Terrace Bay"},"geometry":{"type":"Point","coordinates":[-87.1,48.8]}},{"type":"Feature","properties":{"en":"Aupaluk","fr":"Aupaluk"},"geometry":{"type":"Point","coordinates":[-69.6,59.3]}},{"type":"Feature","properties":{"en":"Grande-Digue","fr":"Grande-Digue"},"geometry":{"type":"Point","coordinates":[-64.5757,46.2737]}},{"type":"Feature","properties":{"en":"Val-Alain","fr":"Val-Alain"},"geometry":{"type":"Point","coordinates":[-71.75,46.4167]}},{"type":"Feature","properties":{"en":"Tillsonburg","fr":"Tillsonburg"},"geometry":{"type":"Point","coordinates":[-80.7308333333333,42.8680555555556]}},{"type":"Feature","properties":{"en":"Saint-Louis-de-Gonzague","fr":"Saint-Louis-de-Gonzague"},"geometry":{"type":"Point","coordinates":[-73.983333333333,45.2]}},{"type":"Feature","properties":{"en":"Prescott","fr":"Prescott"},"geometry":{"type":"Point","coordinates":[-75.5167,44.7167]}},{"type":"Feature","properties":{"en":"Dysart et al","fr":"Dysart et al"},"geometry":{"type":"Point","coordinates":[-78.4167,45.2]}},{"type":"Feature","properties":{"en":"Hérouxville","fr":"Hérouxville"},"geometry":{"type":"Point","coordinates":[-72.6167,46.6667]}},{"type":"Feature","properties":{"en":"Mníšek pod Brdy","fr":"Mníšek pod Brdy"},"geometry":{"type":"Point","coordinates":[14.261816920552,49.866576610398]}},{"type":"Feature","properties":{"en":"Náměšť nad Oslavou","fr":"Náměšť nad Oslavou"},"geometry":{"type":"Point","coordinates":[16.158503502674,49.207301366068]}},{"type":"Feature","properties":{"en":"Perth","fr":"Perth"},"geometry":{"type":"Point","coordinates":[-76.25,44.9]}},{"type":"Feature","properties":{"en":"Carleton County","fr":"comté de Carleton"},"geometry":{"type":"Point","coordinates":[-67.316666666667,46.35]}},{"type":"Feature","properties":{"en":"Division No. 7","fr":"division No 7"},"geometry":{"type":"Point","coordinates":[-111.72,52.72]}},{"type":"Feature","properties":{"en":"Division No. 8","fr":"division No 8"},"geometry":{"type":"Point","coordinates":[-113.8,52.2667]}},{"type":"Feature","properties":{"en":"Edberg","fr":"Edberg"},"geometry":{"type":"Point","coordinates":[-112.786,52.7843]}},{"type":"Feature","properties":{"en":"Orangeville","fr":"Orangeville"},"geometry":{"type":"Point","coordinates":[-80.116666666667,43.916666666667]}},{"type":"Feature","properties":{"en":"Crowsnest Pass","fr":"Crowsnest Pass"},"geometry":{"type":"Point","coordinates":[-114.46805555556,49.625]}},{"type":"Feature","properties":{"en":"Rainbow Lake","fr":"Rainbow Lake"},"geometry":{"type":"Point","coordinates":[-119.383,58.5]}},{"type":"Feature","properties":{"en":"Bruderheim","fr":"Bruderheim"},"geometry":{"type":"Point","coordinates":[-112.928,53.8042]}},{"type":"Feature","properties":{"en":"Venise-en-Québec","fr":"Venise-en-Québec"},"geometry":{"type":"Point","coordinates":[-73.1333,45.0833]}},{"type":"Feature","properties":{"en":"Verchères","fr":"Verchères"},"geometry":{"type":"Point","coordinates":[-73.35,45.7833]}},{"type":"Feature","properties":{"en":"Queens County","fr":"comté de Queens"},"geometry":{"type":"Point","coordinates":[-66.0,45.833333333333]}},{"type":"Feature","properties":{"en":"Kent County","fr":"comté de Kent"},"geometry":{"type":"Point","coordinates":[-64.8,46.583333333333]}},{"type":"Feature","properties":{"en":"Restigouche County","fr":"comté de Restigouche"},"geometry":{"type":"Point","coordinates":[-67.0885,47.726083333333]}},{"type":"Feature","properties":{"en":"St. Marys","fr":"St. Marys"},"geometry":{"type":"Point","coordinates":[-81.1330555555556,43.2594444444444]}},{"type":"Feature","properties":{"en":"Division No. 1","fr":"division No 1"},"geometry":{"type":"Point","coordinates":[-110.667,50.0333]}},{"type":"Feature","properties":{"en":"Halkirk","fr":"Halkirk"},"geometry":{"type":"Point","coordinates":[-112.148,52.2814]}},{"type":"Feature","properties":{"en":"Cumberland County","fr":"comté de Cumberland"},"geometry":{"type":"Point","coordinates":[-64.1,45.7]}},{"type":"Feature","properties":{"en":"Woodstock","fr":"Woodstock"},"geometry":{"type":"Point","coordinates":[-67.598333,46.152222]}},{"type":"Feature","properties":{"en":"Leamington","fr":"Leamington"},"geometry":{"type":"Point","coordinates":[-82.5999,42.052]}},{"type":"Feature","properties":{"en":"Division No. 2","fr":"division No 2"},"geometry":{"type":"Point","coordinates":[-112.26,49.76]}},{"type":"Feature","properties":{"en":"Cobalt","fr":"Cobalt"},"geometry":{"type":"Point","coordinates":[-79.683333333333,47.4]}},{"type":"Feature","properties":{"en":"Division No. 3","fr":"division No 3"},"geometry":{"type":"Point","coordinates":[-113.4,49.73]}},{"type":"Feature","properties":{"en":"Hawkesbury","fr":"Hawkesbury"},"geometry":{"type":"Point","coordinates":[-74.6016666666667,45.6083333333333]}},{"type":"Feature","properties":{"en":"Calmar","fr":"Calmar"},"geometry":{"type":"Point","coordinates":[-113.805277777778,53.265]}},{"type":"Feature","properties":{"en":"Botha","fr":"Botha"},"geometry":{"type":"Point","coordinates":[-112.52361111111,52.307777777778]}},{"type":"Feature","properties":{"en":"Saint-Éloi","fr":"Saint-Éloi"},"geometry":{"type":"Point","coordinates":[-69.233333333333,48.033333333333]}},{"type":"Feature","properties":{"en":"Hants County","fr":"comté de Hants"},"geometry":{"type":"Point","coordinates":[-63.9,45.1]}},{"type":"Feature","properties":{"en":"Digby County","fr":"comté de Digby"},"geometry":{"type":"Point","coordinates":[-65.8,44.3]}},{"type":"Feature","properties":{"en":"Inverness County","fr":"comté d'Inverness"},"geometry":{"type":"Point","coordinates":[-61.1,46.2]}},{"type":"Feature","properties":{"en":"Division No. 15","fr":"division No 15"},"geometry":{"type":"Point","coordinates":[-115.35,51.09]}},{"type":"Feature","properties":{"en":"Delburne","fr":"Delburne"},"geometry":{"type":"Point","coordinates":[-113.234,52.2009]}},{"type":"Feature","properties":{"en":"Saint-Charles-Borromée","fr":"Saint-Charles-Borromée"},"geometry":{"type":"Point","coordinates":[-73.4667,46.05]}},{"type":"Feature","properties":{"en":"Chýně","fr":"Chýně"},"geometry":{"type":"Point","coordinates":[14.2270156413,50.060802725006]}},{"type":"Feature","properties":{"en":"Gibbons","fr":"Gibbons"},"geometry":{"type":"Point","coordinates":[-113.323,53.8278]}},{"type":"Feature","properties":{"en":"Coaldale","fr":"Coaldale"},"geometry":{"type":"Point","coordinates":[-112.61833333333,49.727777777778]}},{"type":"Feature","properties":{"en":"Richmond County","fr":"comté de Richmond"},"geometry":{"type":"Point","coordinates":[-60.8,45.7]}},{"type":"Feature","properties":{"en":"Consort","fr":"Consort"},"geometry":{"type":"Point","coordinates":[-110.767,52.0167]}},{"type":"Feature","properties":{"en":"Division No. 6","fr":"division No 6"},"geometry":{"type":"Point","coordinates":[-113.972,50.75]}},{"type":"Feature","properties":{"en":"Jistebnice","fr":"Jistebnice"},"geometry":{"type":"Point","coordinates":[14.527636483302,49.48560498156]}},{"type":"Feature","properties":{"en":"Tasiujaq","fr":"Tasiujaq"},"geometry":{"type":"Point","coordinates":[-69.9333,58.7]}},{"type":"Feature","properties":{"en":"L'Isle-aux-Coudres","fr":"L'Isle-aux-Coudres"},"geometry":{"type":"Point","coordinates":[-70.3833,47.4]}},{"type":"Feature","properties":{"en":"Caroline","fr":"Caroline"},"geometry":{"type":"Point","coordinates":[-114.74,52.0934]}},{"type":"Feature","properties":{"en":"Elliot Lake","fr":"Elliot Lake"},"geometry":{"type":"Point","coordinates":[-82.65,46.383333333333]}},{"type":"Feature","properties":{"en":"Severn","fr":"Severn"},"geometry":{"type":"Point","coordinates":[-79.5063888888889,44.7558333333333]}},{"type":"Feature","properties":{"en":"West Elgin","fr":"West Elgin"},"geometry":{"type":"Point","coordinates":[-81.6667,42.5833]}},{"type":"Feature","properties":{"en":"Blackfalds","fr":"Blackfalds"},"geometry":{"type":"Point","coordinates":[-113.796111111111,52.3783333333333]}},{"type":"Feature","properties":{"en":"Nnewi","fr":"Nnewi"},"geometry":{"type":"Point","coordinates":[6.916667,6.016667]}},{"type":"Feature","properties":{"en":"Glendon","fr":"Glendon"},"geometry":{"type":"Point","coordinates":[-111.154,54.2483]}},{"type":"Feature","properties":{"en":"Saint-Damien-de-Buckland","fr":"Saint-Damien-de-Buckland"},"geometry":{"type":"Point","coordinates":[-70.6667,46.6333]}},{"type":"Feature","properties":{"en":"Lotbinière","fr":"Lotbinière"},"geometry":{"type":"Point","coordinates":[-71.6,46.5167]}},{"type":"Feature","properties":{"en":"Hardisty","fr":"Hardisty"},"geometry":{"type":"Point","coordinates":[-111.303,52.6751]}},{"type":"Feature","properties":{"en":"Kebaowek","fr":"Kebaowek"},"geometry":{"type":"Point","coordinates":[-78.983338,46.783338]}},{"type":"Feature","properties":{"en":"Lac-Simon","fr":"Lac-Simon"},"geometry":{"type":"Point","coordinates":[-77.3609,48.0615]}},{"type":"Feature","properties":{"en":"Abercorn","fr":"Abercorn"},"geometry":{"type":"Point","coordinates":[-72.6667,45.0333]}},{"type":"Feature","properties":{"en":"Adstock","fr":"Adstock"},"geometry":{"type":"Point","coordinates":[-71.083333333333,46.05]}},{"type":"Feature","properties":{"en":"Urban agglomeration of Montreal","fr":"agglomération de Montréal"},"geometry":{"type":"Point","coordinates":[-73.65,45.516666666667]}},{"type":"Feature","properties":{"en":"Urban agglomeration of Longueuil","fr":"agglomération de Longueuil"},"geometry":{"type":"Point","coordinates":[-73.5167,45.5333]}},{"type":"Feature","properties":{"en":"urban agglomeration of La Tuque","fr":"agglomération de La Tuque"},"geometry":{"type":"Point","coordinates":[-72.7833,47.4333]}},{"type":"Feature","properties":{"en":"Aguanish","fr":"Aguanish"},"geometry":{"type":"Point","coordinates":[-62.083333333333,50.216666666667]}},{"type":"Feature","properties":{"en":"Akulivik","fr":"Akulivik"},"geometry":{"type":"Point","coordinates":[-77.9,60.85]}},{"type":"Feature","properties":{"en":"Albanel","fr":"Albanel"},"geometry":{"type":"Point","coordinates":[-72.45,48.8833]}},{"type":"Feature","properties":{"en":"Albertville","fr":"Albertville"},"geometry":{"type":"Point","coordinates":[-67.3667,48.3167]}},{"type":"Feature","properties":{"en":"Alfred and Plantagenet","fr":"Alfred et Plantagenet"},"geometry":{"type":"Point","coordinates":[-74.9191666666667,45.5805555555555]}},{"type":"Feature","properties":{"en":"Alleyn-et-Cawood","fr":"Alleyn-et-Cawood"},"geometry":{"type":"Point","coordinates":[-76.1667,45.9167]}},{"type":"Feature","properties":{"en":"Amherst","fr":"Amherst"},"geometry":{"type":"Point","coordinates":[-74.7667,46.05]}},{"type":"Feature","properties":{"en":"Ange-Gardien","fr":"Ange-Gardien"},"geometry":{"type":"Point","coordinates":[-72.9344444444444,45.355]}},{"type":"Feature","properties":{"en":"Pikogan","fr":"Pikogan"},"geometry":{"type":"Point","coordinates":[-78.1197,48.6]}},{"type":"Feature","properties":{"en":"Municipality of the District of Argyle","fr":"Argyle"},"geometry":{"type":"Point","coordinates":[-65.85,43.8]}},{"type":"Feature","properties":{"en":"Armagh","fr":"Armagh"},"geometry":{"type":"Point","coordinates":[-70.5833,46.75]}},{"type":"Feature","properties":{"en":"Armstrong","fr":"Armstrong"},"geometry":{"type":"Point","coordinates":[-79.8244444444444,47.7111111111111]}},{"type":"Feature","properties":{"en":"Orkney","fr":""},"geometry":{"type":"Point","coordinates":[-107.917,49.1333]}},{"type":"Feature","properties":{"en":"Ascot Corner","fr":"Ascot Corner"},"geometry":{"type":"Point","coordinates":[-71.766666666667,45.45]}},{"type":"Feature","properties":{"en":"Melville Beach","fr":""},"geometry":{"type":"Point","coordinates":[-102.7254806,50.6153861]}},{"type":"Feature","properties":{"en":"Aston-Jonction","fr":"Aston-Jonction"},"geometry":{"type":"Point","coordinates":[-72.2333,46.1667]}},{"type":"Feature","properties":{"en":"Auclair","fr":"Auclair"},"geometry":{"type":"Point","coordinates":[-68.65,47.7333]}},{"type":"Feature","properties":{"en":"Aumond","fr":"Aumond"},"geometry":{"type":"Point","coordinates":[-75.89,46.47]}},{"type":"Feature","properties":{"en":"Aupaluk","fr":"Aupaluk"},"geometry":{"type":"Point","coordinates":[-69.500005,59.280005]}},{"type":"Feature","properties":{"en":"Authier","fr":"Authier"},"geometry":{"type":"Point","coordinates":[-78.85,48.7333]}},{"type":"Feature","properties":{"en":"Authier-Nord","fr":"Authier-Nord"},"geometry":{"type":"Point","coordinates":[-78.8667,48.8333]}},{"type":"Feature","properties":{"en":"Ayer's Cliff","fr":"Ayer's Cliff"},"geometry":{"type":"Point","coordinates":[-72.05,45.1667]}},{"type":"Feature","properties":{"en":"Aylmer","fr":"Aylmer"},"geometry":{"type":"Point","coordinates":[-80.983333333333,42.766666666667]}},{"type":"Feature","properties":{"en":"Baie-Atibenne","fr":"Baie-Atibenne"},"geometry":{"type":"Point","coordinates":[-74.450005,47.383338]}},{"type":"Feature","properties":{"en":"Baie-Obaoca","fr":"Baie-Obaoca"},"geometry":{"type":"Point","coordinates":[-74.300005,47.516672]}},{"type":"Feature","properties":{"en":"Baie-Johan-Beetz","fr":"Baie-Johan-Beetz"},"geometry":{"type":"Point","coordinates":[-62.8,50.283333333333]}},{"type":"Feature","properties":{"en":"Baie-Sainte-Catherine","fr":"Baie-Sainte-Catherine"},"geometry":{"type":"Point","coordinates":[-69.733333333333,48.1]}},{"type":"Feature","properties":{"en":"Baie-Trinité","fr":"Baie-Trinité"},"geometry":{"type":"Point","coordinates":[-67.3,49.4167]}},{"type":"Feature","properties":{"en":"Baie-d'Hudson","fr":"Baie-d'Hudson"},"geometry":{"type":"Point","coordinates":[-75.0,58.5]}},{"type":"Feature","properties":{"en":"Baie-de-la-Bouteille","fr":"Baie-de-la-Bouteille"},"geometry":{"type":"Point","coordinates":[-73.666666666667,46.766666666667]}},{"type":"Feature","properties":{"en":"Baie-des-Chaloupes","fr":"Baie-des-Chaloupes"},"geometry":{"type":"Point","coordinates":[-74.5333,46.5833]}},{"type":"Feature","properties":{"en":"Baie-des-Sables","fr":"Baie-des-Sables"},"geometry":{"type":"Point","coordinates":[-67.8965498,48.7200035]}},{"type":"Feature","properties":{"en":"Baie-du-Febvre","fr":"Baie-du-Febvre"},"geometry":{"type":"Point","coordinates":[-72.716666666667,46.133333333333]}},{"type":"Feature","properties":{"en":"Barnston West","fr":"Barnston-Ouest"},"geometry":{"type":"Point","coordinates":[-71.9667,45.1]}},{"type":"Feature","properties":{"en":"Barraute","fr":"Barraute"},"geometry":{"type":"Point","coordinates":[-77.6333,48.4333]}},{"type":"Feature","properties":{"en":"Batiscan","fr":"Batiscan"},"geometry":{"type":"Point","coordinates":[-72.25,46.5]}},{"type":"Feature","properties":{"en":"Bayfield","fr":"Bayfield"},"geometry":{"type":"Point","coordinates":[-63.8175,46.136944444444]}},{"type":"Feature","properties":{"en":"Bayham","fr":"Bayham"},"geometry":{"type":"Point","coordinates":[-80.783333333333,42.733333333333]}},{"type":"Feature","properties":{"en":"Beaulac-Garthby","fr":"Beaulac-Garthby"},"geometry":{"type":"Point","coordinates":[-71.383333333333,45.833333333333]}},{"type":"Feature","properties":{"en":"Beaumont","fr":"Beaumont"},"geometry":{"type":"Point","coordinates":[-71.0,46.8167]}},{"type":"Feature","properties":{"en":"Belcourt","fr":"Belcourt"},"geometry":{"type":"Point","coordinates":[-77.35,48.4]}},{"type":"Feature","properties":{"en":"Belle-Rivière","fr":"Belle-Rivière"},"geometry":{"type":"Point","coordinates":[-71.7667,48.1667]}},{"type":"Feature","properties":{"en":"Belledune","fr":"Belledune"},"geometry":{"type":"Point","coordinates":[-65.8615,47.8603]}},{"type":"Feature","properties":{"en":"Berry","fr":"Berry"},"geometry":{"type":"Point","coordinates":[-78.2667,48.8167]}},{"type":"Feature","properties":{"en":"Berthier-sur-Mer","fr":"Berthier-sur-Mer"},"geometry":{"type":"Point","coordinates":[-70.7333,46.9167]}},{"type":"Feature","properties":{"en":"Biencourt","fr":"Biencourt"},"geometry":{"type":"Point","coordinates":[-68.6,47.9333]}},{"type":"Feature","properties":{"en":"Blanc-Sablon","fr":"Blanc-Sablon"},"geometry":{"type":"Point","coordinates":[-57.2018045,51.4133875]}},{"type":"Feature","properties":{"en":"Blandford-Blenheim","fr":"Blandford-Blenheim"},"geometry":{"type":"Point","coordinates":[-80.6,43.2333]}},{"type":"Feature","properties":{"en":"Blue Sea","fr":"Blue Sea"},"geometry":{"type":"Point","coordinates":[-76.0833,46.2]}},{"type":"Feature","properties":{"en":"Boileau","fr":"Boileau"},"geometry":{"type":"Point","coordinates":[-74.7667,45.9167]}},{"type":"Feature","properties":{"en":"Bois-Franc","fr":"Bois-Franc"},"geometry":{"type":"Point","coordinates":[-75.9833,46.5]}},{"type":"Feature","properties":{"en":"Boischatel","fr":"Boischatel"},"geometry":{"type":"Point","coordinates":[-71.15,46.9]}},{"type":"Feature","properties":{"en":"West Bolton","fr":"Bolton-Ouest"},"geometry":{"type":"Point","coordinates":[-72.45,45.2333]}},{"type":"Feature","properties":{"en":"Bolton-Est","fr":"Bolton-Est"},"geometry":{"type":"Point","coordinates":[-72.35,45.2]}},{"type":"Feature","properties":{"en":"Bonne-Espérance","fr":"Bonne-Espérance"},"geometry":{"type":"Point","coordinates":[-57.7080555555556,51.4719444444444]}},{"type":"Feature","properties":{"en":"Bonsecours","fr":"Bonsecours"},"geometry":{"type":"Point","coordinates":[-72.283333333333,45.416666666667]}},{"type":"Feature","properties":{"en":"Botwood","fr":"Botwood"},"geometry":{"type":"Point","coordinates":[-55.366666666667,49.15]}},{"type":"Feature","properties":{"en":"Onoway","fr":"Onoway"},"geometry":{"type":"Point","coordinates":[-114.198,53.7011]}},{"type":"Feature","properties":{"en":"Bowman","fr":"Bowman"},"geometry":{"type":"Point","coordinates":[-75.6667,45.9167]}},{"type":"Feature","properties":{"en":"Brantville","fr":"Brantville"},"geometry":{"type":"Point","coordinates":[-64.9711,47.3756]}},{"type":"Feature","properties":{"en":"Brigham","fr":"Brigham"},"geometry":{"type":"Point","coordinates":[-72.85,45.25]}},{"type":"Feature","properties":{"en":"Brighton","fr":"Brighton"},"geometry":{"type":"Point","coordinates":[-77.7642,44.1222]}},{"type":"Feature","properties":{"en":"Bristol","fr":"Bristol"},"geometry":{"type":"Point","coordinates":[-76.4579,45.5311]}},{"type":"Feature","properties":{"en":"Brockton","fr":"Brockton"},"geometry":{"type":"Point","coordinates":[-81.216666666667,44.166666666667]}},{"type":"Feature","properties":{"en":"Brome","fr":"Brome"},"geometry":{"type":"Point","coordinates":[-72.5667,45.2]}},{"type":"Feature","properties":{"en":"Bruce","fr":"Bruce"},"geometry":{"type":"Point","coordinates":[-112.039,53.1733]}},{"type":"Feature","properties":{"en":"Bryson","fr":"Bryson"},"geometry":{"type":"Point","coordinates":[-76.6236,45.6775]}},{"type":"Feature","properties":{"en":"Brébeuf","fr":"Brébeuf"},"geometry":{"type":"Point","coordinates":[-74.6667,46.0667]}},{"type":"Feature","properties":{"en":"Esgenoôpetitj 14","fr":"Esgenoôpetitj 14"},"geometry":{"type":"Point","coordinates":[-65.13775,47.208722222222]}},{"type":"Feature","properties":{"en":"Bury","fr":"Bury"},"geometry":{"type":"Point","coordinates":[-71.5,45.4667]}},{"type":"Feature","properties":{"en":"Béarn","fr":"Béarn"},"geometry":{"type":"Point","coordinates":[-79.3333,47.2833]}},{"type":"Feature","properties":{"en":"Bégin","fr":"Bégin"},"geometry":{"type":"Point","coordinates":[-71.3333,48.6667]}},{"type":"Feature","properties":{"en":"Béthanie","fr":"Béthanie"},"geometry":{"type":"Point","coordinates":[-72.4333,45.5]}},{"type":"Feature","properties":{"en":"Cacouna","fr":"Cacouna"},"geometry":{"type":"Point","coordinates":[-69.5167,47.9167]}},{"type":"Feature","properties":{"en":"Cacouna","fr":"Cacouna"},"geometry":{"type":"Point","coordinates":[-69.5,47.9167]}},{"type":"Feature","properties":{"en":"Calixa-Lavallée","fr":"Calixa-Lavallée"},"geometry":{"type":"Point","coordinates":[-73.2833,45.75]}},{"type":"Feature","properties":{"en":"Campbell's Bay","fr":"Campbell's Bay"},"geometry":{"type":"Point","coordinates":[-76.6,45.7333]}},{"type":"Feature","properties":{"en":"Caniapiscau","fr":"Caniapiscau"},"geometry":{"type":"Point","coordinates":[-69.9167,54.8667]}},{"type":"Feature","properties":{"en":"Cantley","fr":"Cantley"},"geometry":{"type":"Point","coordinates":[-75.7833,45.5667]}},{"type":"Feature","properties":{"en":"Cap-Saint-Ignace","fr":"Cap-Saint-Ignace"},"geometry":{"type":"Point","coordinates":[-70.4667,47.0333]}},{"type":"Feature","properties":{"en":"Caplan","fr":"Caplan"},"geometry":{"type":"Point","coordinates":[-65.6833,48.1]}},{"type":"Feature","properties":{"en":"Cascades-Malignes","fr":"Cascades-Malignes"},"geometry":{"type":"Point","coordinates":[-76.1,47.1167]}},{"type":"Feature","properties":{"en":"Cascapédia–Saint-Jules","fr":"Cascapédia–Saint-Jules"},"geometry":{"type":"Point","coordinates":[-65.9167,48.25]}},{"type":"Feature","properties":{"en":"Cayamant","fr":"Cayamant"},"geometry":{"type":"Point","coordinates":[-76.25,46.1333]}},{"type":"Feature","properties":{"en":"Champlain","fr":"Champlain"},"geometry":{"type":"Point","coordinates":[-72.35,46.45]}},{"type":"Feature","properties":{"en":"Champlain","fr":"Champlain"},"geometry":{"type":"Point","coordinates":[-74.6577777777778,45.5736111111111]}},{"type":"Feature","properties":{"en":"Champneuf","fr":"Champneuf"},"geometry":{"type":"Point","coordinates":[-77.5,48.5833]}},{"type":"Feature","properties":{"en":"Chapleau","fr":"Chapleau"},"geometry":{"type":"Point","coordinates":[-83.4002777777778,47.8438888888889]}},{"type":"Feature","properties":{"en":"Charette","fr":"Charette"},"geometry":{"type":"Point","coordinates":[-72.9333,46.45]}},{"type":"Feature","properties":{"en":"Chartierville","fr":"Chartierville"},"geometry":{"type":"Point","coordinates":[-71.2,45.3]}},{"type":"Feature","properties":{"en":"Chazel","fr":"Chazel"},"geometry":{"type":"Point","coordinates":[-79.05,48.8667]}},{"type":"Feature","properties":{"en":"Chelsea","fr":"Chelsea"},"geometry":{"type":"Point","coordinates":[-75.783333333333,45.5]}},{"type":"Feature","properties":{"en":"Chertsey","fr":"Chertsey"},"geometry":{"type":"Point","coordinates":[-73.916666666667,46.166666666667]}},{"type":"Feature","properties":{"en":"Chesterville","fr":"Chesterville"},"geometry":{"type":"Point","coordinates":[-71.8167,45.9667]}},{"type":"Feature","properties":{"en":"Chichester","fr":"Chichester"},"geometry":{"type":"Point","coordinates":[-77.1167,45.9167]}},{"type":"Feature","properties":{"en":"Chisasibi","fr":"Chisasibi"},"geometry":{"type":"Point","coordinates":[-78.8933,53.7836]}},{"type":"Feature","properties":{"en":"Chute-Saint-Philippe","fr":"Chute-Saint-Philippe"},"geometry":{"type":"Point","coordinates":[-75.233333333333,46.65]}},{"type":"Feature","properties":{"en":"Chute-aux-Outardes","fr":"Chute-aux-Outardes"},"geometry":{"type":"Point","coordinates":[-68.3907,49.1234]}},{"type":"Feature","properties":{"en":"Chénéville","fr":"Chénéville"},"geometry":{"type":"Point","coordinates":[-75.05,45.8833]}},{"type":"Feature","properties":{"en":"Clair","fr":"Clair"},"geometry":{"type":"Point","coordinates":[-68.605,47.2525]}},{"type":"Feature","properties":{"en":"Clarendon","fr":"Clarendon"},"geometry":{"type":"Point","coordinates":[-76.5167,45.65]}},{"type":"Feature","properties":{"en":"Clermont","fr":"Clermont"},"geometry":{"type":"Point","coordinates":[-79.1667,48.9167]}},{"type":"Feature","properties":{"en":"Clerval","fr":"Clerval"},"geometry":{"type":"Point","coordinates":[-79.4333,48.75]}},{"type":"Feature","properties":{"en":"Cleveland","fr":"Cleveland"},"geometry":{"type":"Point","coordinates":[-72.083333333333,45.666666666667]}},{"type":"Feature","properties":{"en":"Cloridorme","fr":"Cloridorme"},"geometry":{"type":"Point","coordinates":[-64.8333,49.1833]}},{"type":"Feature","properties":{"en":"Clyde River","fr":"Clyde River"},"geometry":{"type":"Point","coordinates":[-63.254,46.224]}},{"type":"Feature","properties":{"en":"Cocagne","fr":"Cocagne"},"geometry":{"type":"Point","coordinates":[-64.62,46.340555555556]}},{"type":"Feature","properties":{"en":"Mississippi Mills","fr":"Mississippi Mills"},"geometry":{"type":"Point","coordinates":[-76.2,45.2167]}},{"type":"Feature","properties":{"en":"Russell","fr":"Russell"},"geometry":{"type":"Point","coordinates":[-75.3172222222222,45.3]}},{"type":"Feature","properties":{"en":"Coldstream","fr":"Coldstream"},"geometry":{"type":"Point","coordinates":[-119.248,50.22]}},{"type":"Feature","properties":{"en":"Colliers","fr":"Colliers"},"geometry":{"type":"Point","coordinates":[-53.233333333333,47.45]}},{"type":"Feature","properties":{"en":"Collines-du-Basque","fr":"Collines-du-Basque"},"geometry":{"type":"Point","coordinates":[-65.15,48.9167]}},{"type":"Feature","properties":{"en":"Colombier","fr":"Colombier"},"geometry":{"type":"Point","coordinates":[-68.85,48.8667]}},{"type":"Feature","properties":{"en":"Compton","fr":"Compton"},"geometry":{"type":"Point","coordinates":[-71.8167,45.2333]}},{"type":"Feature","properties":{"en":"Cardston County","fr":"comté de Cardston"},"geometry":{"type":"Point","coordinates":[-113.301944,49.2025]}},{"type":"Feature","properties":{"en":"Northern Sunrise County","fr":"comté de Northern Sunrise"},"geometry":{"type":"Point","coordinates":[-117.29,56.2339]}},{"type":"Feature","properties":{"en":"Conception Harbour","fr":"Conception Harbour"},"geometry":{"type":"Point","coordinates":[-53.216666666667,47.433333333333]}},{"type":"Feature","properties":{"en":"Penetanguishene","fr":"Penetanguishene"},"geometry":{"type":"Point","coordinates":[-79.9,44.7838888888889]}},{"type":"Feature","properties":{"en":"Cook's Harbour","fr":"Cook's Harbour"},"geometry":{"type":"Point","coordinates":[-55.86388889,51.60777778]}},{"type":"Feature","properties":{"en":"Coucoucache","fr":"Coucoucache"},"geometry":{"type":"Point","coordinates":[-73.2306,47.7522]}},{"type":"Feature","properties":{"en":"Coulée-des-Adolphe","fr":"Coulée-des-Adolphe"},"geometry":{"type":"Point","coordinates":[-66.65,48.9667]}},{"type":"Feature","properties":{"en":"Crabtree","fr":"Crabtree"},"geometry":{"type":"Point","coordinates":[-73.4730555555556,45.9630555555555]}},{"type":"Feature","properties":{"en":"Cramahe","fr":"Cramahe"},"geometry":{"type":"Point","coordinates":[-77.877222222222,44.086666666667]}},{"type":"Feature","properties":{"en":"Salmon Arm","fr":"Salmon Arm"},"geometry":{"type":"Point","coordinates":[-119.27222222222,50.702222222222]}},{"type":"Feature","properties":{"en":"Dalhousie Junction","fr":"Dalhousie Junction"},"geometry":{"type":"Point","coordinates":[-66.484,48.0509]}},{"type":"Feature","properties":{"en":"Dawson","fr":"Dawson"},"geometry":{"type":"Point","coordinates":[-94.4833,48.75]}},{"type":"Feature","properties":{"en":"Denholm","fr":"Denholm"},"geometry":{"type":"Point","coordinates":[-75.75,45.8167]}},{"type":"Feature","properties":{"en":"Deschaillons-sur-Saint-Laurent","fr":"Deschaillons-sur-Saint-Laurent"},"geometry":{"type":"Point","coordinates":[-72.1125,46.554722222222]}},{"type":"Feature","properties":{"en":"Tay","fr":"Tay"},"geometry":{"type":"Point","coordinates":[-79.7667,44.7167]}},{"type":"Feature","properties":{"en":"Disraeli","fr":"Disraeli"},"geometry":{"type":"Point","coordinates":[-71.3667,45.9167]}},{"type":"Feature","properties":{"en":"Doaktown","fr":"Doaktown"},"geometry":{"type":"Point","coordinates":[-66.1167,46.55]}},{"type":"Feature","properties":{"en":"Doncaster","fr":"Doncaster"},"geometry":{"type":"Point","coordinates":[-74.116666666667,46.15]}},{"type":"Feature","properties":{"en":"Donnelly","fr":"Donnelly"},"geometry":{"type":"Point","coordinates":[-117.105,55.7228]}},{"type":"Feature","properties":{"en":"Dosquet","fr":"Dosquet"},"geometry":{"type":"Point","coordinates":[-71.5333,46.4667]}},{"type":"Feature","properties":{"en":"Dryden","fr":"Dryden"},"geometry":{"type":"Point","coordinates":[-92.8338888888889,49.78]}},{"type":"Feature","properties":{"en":"Dubreuilville","fr":"Dubreuilville"},"geometry":{"type":"Point","coordinates":[-84.5719444444444,48.3363888888889]}},{"type":"Feature","properties":{"en":"Duhamel","fr":"Duhamel"},"geometry":{"type":"Point","coordinates":[-75.0833,46.0167]}},{"type":"Feature","properties":{"en":"Duhamel-Ouest","fr":"Duhamel-Ouest"},"geometry":{"type":"Point","coordinates":[-79.4333,47.3667]}},{"type":"Feature","properties":{"en":"Dundee","fr":"Dundee"},"geometry":{"type":"Point","coordinates":[-74.483333333333,45.016666666667]}},{"type":"Feature","properties":{"en":"Dupuy","fr":"Dupuy"},"geometry":{"type":"Point","coordinates":[-79.35,48.8333]}},{"type":"Feature","properties":{"en":"Durham-Sud","fr":"Durham-Sud"},"geometry":{"type":"Point","coordinates":[-72.3333,45.6667]}},{"type":"Feature","properties":{"en":"Déléage","fr":"Déléage"},"geometry":{"type":"Point","coordinates":[-75.9167,46.3833]}},{"type":"Feature","properties":{"en":"Dépôt-Échouani","fr":"Dépôt-Échouani"},"geometry":{"type":"Point","coordinates":[-75.5833,47.8333]}},{"type":"Feature","properties":{"en":"West Nipissing","fr":"Nipissing Ouest"},"geometry":{"type":"Point","coordinates":[-79.924847222222,46.370441666667]}},{"type":"Feature","properties":{"en":"East Broughton","fr":"East Broughton"},"geometry":{"type":"Point","coordinates":[-71.0667,46.2167]}},{"type":"Feature","properties":{"en":"East Farnham","fr":"East Farnham"},"geometry":{"type":"Point","coordinates":[-72.7667,45.2333]}},{"type":"Feature","properties":{"en":"East Hereford","fr":"East Hereford"},"geometry":{"type":"Point","coordinates":[-71.5025,45.0761111111111]}},{"type":"Feature","properties":{"en":"Eastmain","fr":"Eastmain"},"geometry":{"type":"Point","coordinates":[-78.5,52.2333]}},{"type":"Feature","properties":{"en":"Eastman","fr":"Eastman"},"geometry":{"type":"Point","coordinates":[-72.316666666667,45.3]}},{"type":"Feature","properties":{"en":"Wasaga Beach","fr":"Wasaga Beach"},"geometry":{"type":"Point","coordinates":[-80.0167,44.5206]}},{"type":"Feature","properties":{"en":"Eel River Crossing","fr":"Eel River Crossing"},"geometry":{"type":"Point","coordinates":[-66.4208,48.0125]}},{"type":"Feature","properties":{"en":"Egan-Sud","fr":"Egan-Sud"},"geometry":{"type":"Point","coordinates":[-76.0,46.4333]}},{"type":"Feature","properties":{"en":"Elgin","fr":"Elgin"},"geometry":{"type":"Point","coordinates":[-74.2292,45.0222]}},{"type":"Feature","properties":{"en":"Entrelacs","fr":"Entrelacs"},"geometry":{"type":"Point","coordinates":[-74.0,46.116666666667]}},{"type":"Feature","properties":{"en":"Espanola","fr":"Espanola"},"geometry":{"type":"Point","coordinates":[-81.7572222222222,46.2419444444444]}},{"type":"Feature","properties":{"en":"Esprit-Saint","fr":"Esprit-Saint"},"geometry":{"type":"Point","coordinates":[-68.566666666667,48.066666666667]}},{"type":"Feature","properties":{"en":"Esquimalt—Juan de Fuca","fr":"Esquimalt—Juan de Fuca"},"geometry":{"type":"Point","coordinates":[-123.94,48.5]}},{"type":"Feature","properties":{"en":"Essipit","fr":"Essipit"},"geometry":{"type":"Point","coordinates":[-69.4,48.333333333333]}},{"type":"Feature","properties":{"en":"Fassett","fr":"Fassett"},"geometry":{"type":"Point","coordinates":[-74.8667,45.65]}},{"type":"Feature","properties":{"en":"Fauquier-Strickland","fr":"Fauquier-Strickland"},"geometry":{"type":"Point","coordinates":[-82.037222222222,49.276388888889]}},{"type":"Feature","properties":{"en":"Ferland-et-Boilleau","fr":"Ferland-et-Boilleau"},"geometry":{"type":"Point","coordinates":[-70.8333,48.1]}},{"type":"Feature","properties":{"en":"Fort-Coulonge","fr":"Fort-Coulonge"},"geometry":{"type":"Point","coordinates":[-76.7333,45.85]}},{"type":"Feature","properties":{"en":"Forteau","fr":"Forteau"},"geometry":{"type":"Point","coordinates":[-56.9573,51.4733]}},{"type":"Feature","properties":{"en":"Fortierville","fr":"Fortierville"},"geometry":{"type":"Point","coordinates":[-72.033333333333,46.483333333333]}},{"type":"Feature","properties":{"en":"Franklin","fr":"Franklin"},"geometry":{"type":"Point","coordinates":[-73.9167,45.0333]}},{"type":"Feature","properties":{"en":"Franquelin","fr":"Franquelin"},"geometry":{"type":"Point","coordinates":[-67.8916666666667,49.2933333333333]}},{"type":"Feature","properties":{"en":"Kativik Regional Government","fr":"administration régionale Kativik"},"geometry":{"type":"Point","coordinates":[-70.965472222222,58.602777777778]}},{"type":"Feature","properties":{"en":"Kananaskis Improvement District","fr":"district d'amélioration de Kananaskis"},"geometry":{"type":"Point","coordinates":[-114.9,50.6]}},{"type":"Feature","properties":{"en":"Kingsville","fr":"Kingsville"},"geometry":{"type":"Point","coordinates":[-82.7395,42.0378]}},{"type":"Feature","properties":{"en":"Fredericton Junction","fr":"Fredericton Junction"},"geometry":{"type":"Point","coordinates":[-66.6167,45.6667]}},{"type":"Feature","properties":{"en":"Frelighsburg","fr":"Frelighsburg"},"geometry":{"type":"Point","coordinates":[-72.833333333333,45.05]}},{"type":"Feature","properties":{"en":"Frontenac","fr":"Frontenac"},"geometry":{"type":"Point","coordinates":[-70.833333333333,45.583333333333]}},{"type":"Feature","properties":{"en":"Tecumseh","fr":"Tecumseh"},"geometry":{"type":"Point","coordinates":[-82.8833,42.3]}},{"type":"Feature","properties":{"en":"Petrolia","fr":"Petrolia"},"geometry":{"type":"Point","coordinates":[-82.1441666666667,42.8861111111111]}},{"type":"Feature","properties":{"en":"North Perth","fr":"North Perth"},"geometry":{"type":"Point","coordinates":[-80.95,43.733333333333]}},{"type":"Feature","properties":{"en":"Fugèreville","fr":"Fugèreville"},"geometry":{"type":"Point","coordinates":[-79.2,47.4]}},{"type":"Feature","properties":{"en":"Gallichan","fr":"Gallichan"},"geometry":{"type":"Point","coordinates":[-79.2833,48.6]}},{"type":"Feature","properties":{"en":"Gambo","fr":"Gambo"},"geometry":{"type":"Point","coordinates":[-54.216666666667,48.783333333333]}},{"type":"Feature","properties":{"en":"Quaqtaq","fr":"Quaqtaq"},"geometry":{"type":"Point","coordinates":[-69.6167,61.0333]}},{"type":"Feature","properties":{"en":"Girardville","fr":"Girardville"},"geometry":{"type":"Point","coordinates":[-72.55,49.0]}},{"type":"Feature","properties":{"en":"Godbout","fr":"Godbout"},"geometry":{"type":"Point","coordinates":[-67.5921,49.3245]}},{"type":"Feature","properties":{"en":"Godmanchester","fr":"Godmanchester"},"geometry":{"type":"Point","coordinates":[-74.25,45.083333333333]}},{"type":"Feature","properties":{"en":"Sundridge","fr":"Sundridge"},"geometry":{"type":"Point","coordinates":[-79.4,45.7667]}},{"type":"Feature","properties":{"en":"Gore","fr":"Gore"},"geometry":{"type":"Point","coordinates":[-74.25,45.766666666667]}},{"type":"Feature","properties":{"en":"Grand-Métis","fr":"Grand-Métis"},"geometry":{"type":"Point","coordinates":[-68.133333333333,48.633333333333]}},{"type":"Feature","properties":{"en":"Grand-Saint-Esprit","fr":"Grand-Saint-Esprit"},"geometry":{"type":"Point","coordinates":[-72.5,46.1833]}},{"type":"Feature","properties":{"en":"Grande-Vallée","fr":"Grande-Vallée"},"geometry":{"type":"Point","coordinates":[-65.1333,49.2167]}},{"type":"Feature","properties":{"en":"Grandes-Piles","fr":"Grandes-Piles"},"geometry":{"type":"Point","coordinates":[-72.7333,46.6833]}},{"type":"Feature","properties":{"en":"French River","fr":"Rivière des Français"},"geometry":{"type":"Point","coordinates":[-80.4813888888889,46.1422222222222]}},{"type":"Feature","properties":{"en":"Greater Madawaska","fr":"Greater Madawaska"},"geometry":{"type":"Point","coordinates":[-76.858888888889,45.272222222222]}},{"type":"Feature","properties":{"en":"Grenville-sur-la-Rouge","fr":"Grenville-sur-la-Rouge"},"geometry":{"type":"Point","coordinates":[-74.6333333333333,45.65]}},{"type":"Feature","properties":{"en":"Grenville","fr":"Grenville"},"geometry":{"type":"Point","coordinates":[-74.6,45.633333333333]}},{"type":"Feature","properties":{"en":"Smooth Rock Falls","fr":"Smooth Rock Falls"},"geometry":{"type":"Point","coordinates":[-81.6263888888889,49.2780555555556]}},{"type":"Feature","properties":{"en":"Gros-Mécatina","fr":"Gros-Mécatina"},"geometry":{"type":"Point","coordinates":[-58.9667,50.8333]}},{"type":"Feature","properties":{"en":"Grosse-Île","fr":"Grosse-Île"},"geometry":{"type":"Point","coordinates":[-61.516666666667,47.616666666667]}},{"type":"Feature","properties":{"en":"Grosses-Roches","fr":"Grosses-Roches"},"geometry":{"type":"Point","coordinates":[-67.1667,48.9333]}},{"type":"Feature","properties":{"en":"Municipality of the District of Guysborough","fr":"Guysborough"},"geometry":{"type":"Point","coordinates":[-61.4996,45.3921]}},{"type":"Feature","properties":{"en":"Guérin","fr":"Guérin"},"geometry":{"type":"Point","coordinates":[-79.318,47.6588]}},{"type":"Feature","properties":{"en":"Ham-Sud","fr":"Ham-Sud"},"geometry":{"type":"Point","coordinates":[-71.6,45.75]}},{"type":"Feature","properties":{"en":"Hampden","fr":"Hampden"},"geometry":{"type":"Point","coordinates":[-71.25,45.5]}},{"type":"Feature","properties":{"en":"Hanwell","fr":"Hanwell"},"geometry":{"type":"Point","coordinates":[-66.7947,45.8681]}},{"type":"Feature","properties":{"en":"Hatley","fr":"Hatley"},"geometry":{"type":"Point","coordinates":[-71.933333333333,45.183333333333]}},{"type":"Feature","properties":{"en":"Hatley","fr":"Hatley"},"geometry":{"type":"Point","coordinates":[-71.95,45.266666666667]}},{"type":"Feature","properties":{"en":"Havelock","fr":"Havelock"},"geometry":{"type":"Point","coordinates":[-73.75,45.05]}},{"type":"Feature","properties":{"en":"East Hawkesbury","fr":"Hawkesbury Est"},"geometry":{"type":"Point","coordinates":[-74.5,45.5038888888889]}},{"type":"Feature","properties":{"en":"Hemmingford","fr":"Hemmingford"},"geometry":{"type":"Point","coordinates":[-73.5833,45.05]}},{"type":"Feature","properties":{"en":"Hemmingford","fr":"Hemmingford"},"geometry":{"type":"Point","coordinates":[-73.5833,45.0833]}},{"type":"Feature","properties":{"en":"North Dundas","fr":"North Dundas"},"geometry":{"type":"Point","coordinates":[-75.3475,45.0833333333333]}},{"type":"Feature","properties":{"en":"Hinchinbrooke","fr":"Hinchinbrooke"},"geometry":{"type":"Point","coordinates":[-74.0941666666667,45.0263888888889]}},{"type":"Feature","properties":{"en":"Holden","fr":"Holden"},"geometry":{"type":"Point","coordinates":[-112.235,53.2331]}},{"type":"Feature","properties":{"en":"Merrickville–Wolford","fr":"Merrickville-Wolford"},"geometry":{"type":"Point","coordinates":[-75.8365,44.9164722222222]}},{"type":"Feature","properties":{"en":"Honfleur","fr":"Honfleur"},"geometry":{"type":"Point","coordinates":[-70.8833,46.65]}},{"type":"Feature","properties":{"en":"Hope","fr":"Hope"},"geometry":{"type":"Point","coordinates":[-65.2,48.05]}},{"type":"Feature","properties":{"en":"Hope Town","fr":"Hope Town"},"geometry":{"type":"Point","coordinates":[-65.1667,48.05]}},{"type":"Feature","properties":{"en":"Howick","fr":"Howick"},"geometry":{"type":"Point","coordinates":[-73.8491666666667,45.1863888888889]}},{"type":"Feature","properties":{"en":"Huberdeau","fr":"Huberdeau"},"geometry":{"type":"Point","coordinates":[-74.6333,45.9667]}},{"type":"Feature","properties":{"en":"Hébertville","fr":"Hébertville"},"geometry":{"type":"Point","coordinates":[-71.6833,48.4]}},{"type":"Feature","properties":{"en":"Hébertville-Station","fr":"Hébertville-Station"},"geometry":{"type":"Point","coordinates":[-71.6667,48.7333]}},{"type":"Feature","properties":{"en":"Improvement District No. 4","fr":"district d'amélioration No 4 Waterton"},"geometry":{"type":"Point","coordinates":[-113.895833333333,49.0869444444444]}},{"type":"Feature","properties":{"en":"Indian Island 28","fr":"Indian Island 28"},"geometry":{"type":"Point","coordinates":[-64.79,46.69]}},{"type":"Feature","properties":{"en":"Inukjuak","fr":"Inukjuak"},"geometry":{"type":"Point","coordinates":[-78.0,58.45416667]}},{"type":"Feature","properties":{"en":"Inverness","fr":"Inverness"},"geometry":{"type":"Point","coordinates":[-71.5167,46.2667]}},{"type":"Feature","properties":{"en":"Irlande","fr":"Irlande"},"geometry":{"type":"Point","coordinates":[-71.4833,46.0667]}},{"type":"Feature","properties":{"en":"Iroquois Falls","fr":"Iroquois Falls"},"geometry":{"type":"Point","coordinates":[-80.6813888888889,48.7663888888889]}},{"type":"Feature","properties":{"en":"Ivry-sur-le-Lac","fr":"Ivry-sur-le-Lac"},"geometry":{"type":"Point","coordinates":[-74.35,46.066666666667]}},{"type":"Feature","properties":{"en":"Kanesatake","fr":"Kanesatake"},"geometry":{"type":"Point","coordinates":[-74.116666666667,45.483333333333]}},{"type":"Feature","properties":{"en":"Kangiqsujuaq","fr":"Kangiqsujuaq"},"geometry":{"type":"Point","coordinates":[-71.9,61.5]}},{"type":"Feature","properties":{"en":"Kangiqsualujjuaq","fr":"Kangiqsualujjuaq"},"geometry":{"type":"Point","coordinates":[-65.82,58.69111111]}},{"type":"Feature","properties":{"en":"Kazabazua","fr":"Kazabazua"},"geometry":{"type":"Point","coordinates":[-76.0167,45.95]}},{"type":"Feature","properties":{"en":"Kedgwick","fr":"Kedgwick"},"geometry":{"type":"Point","coordinates":[-67.3431,47.6456]}},{"type":"Feature","properties":{"en":"Kent","fr":"Kent"},"geometry":{"type":"Point","coordinates":[-121.7625,49.2380555555556]}},{"type":"Feature","properties":{"en":"Kiamika","fr":"Kiamika"},"geometry":{"type":"Point","coordinates":[-75.3833,46.4167]}},{"type":"Feature","properties":{"en":"Kingsbury","fr":"Kingsbury"},"geometry":{"type":"Point","coordinates":[-72.15,45.5833]}},{"type":"Feature","properties":{"en":"Kingston","fr":"Kingston"},"geometry":{"type":"Point","coordinates":[-63.276,46.263]}},{"type":"Feature","properties":{"en":"Kinnear's Mills","fr":"Kinnear's Mills"},"geometry":{"type":"Point","coordinates":[-71.383333333333,46.216666666667]}},{"type":"Feature","properties":{"en":"Kinsella","fr":"Kinsella"},"geometry":{"type":"Point","coordinates":[-111.524,53.0003]}},{"type":"Feature","properties":{"en":"Kipawa","fr":"Kipawa"},"geometry":{"type":"Point","coordinates":[-78.9833,46.7833]}},{"type":"Feature","properties":{"en":"Kippens","fr":"Kippens"},"geometry":{"type":"Point","coordinates":[-58.6236,48.5492]}},{"type":"Feature","properties":{"en":"Kitigan Zibi","fr":"Kitigan Zibi"},"geometry":{"type":"Point","coordinates":[-75.9667,46.3333]}},{"type":"Feature","properties":{"en":"Kuujjuaq","fr":"Kuujjuaq"},"geometry":{"type":"Point","coordinates":[-68.55,58.2]}},{"type":"Feature","properties":{"en":"Kuujjuarapik","fr":"Kuujjuarapik"},"geometry":{"type":"Point","coordinates":[-76.6124416666667,56.1017972222222]}},{"type":"Feature","properties":{"en":"L'Ange-Gardien","fr":"L'Ange-Gardien"},"geometry":{"type":"Point","coordinates":[-71.1,46.916666666667]}},{"type":"Feature","properties":{"en":"L'Ange-Gardien","fr":"L'Ange-Gardien"},"geometry":{"type":"Point","coordinates":[-75.45,45.5833]}},{"type":"Feature","properties":{"en":"L'Anse-Saint-Jean","fr":"L'Anse-Saint-Jean"},"geometry":{"type":"Point","coordinates":[-70.2,48.2333]}},{"type":"Feature","properties":{"en":"L'Anse-au-Loup","fr":"L'Anse-au-Loup"},"geometry":{"type":"Point","coordinates":[-56.8335,51.5257]}},{"type":"Feature","properties":{"en":"L'Ascension","fr":"L'Ascension"},"geometry":{"type":"Point","coordinates":[-74.8333,46.55]}},{"type":"Feature","properties":{"en":"L'Ascension-de-Notre-Seigneur","fr":"L'Ascension-de-Notre-Seigneur"},"geometry":{"type":"Point","coordinates":[-71.6833,48.7]}},{"type":"Feature","properties":{"en":"L'Ascension-de-Patapédia","fr":"L'Ascension-de-Patapédia"},"geometry":{"type":"Point","coordinates":[-67.25,47.9333]}},{"type":"Feature","properties":{"en":"L'Avenir","fr":"L'Avenir"},"geometry":{"type":"Point","coordinates":[-72.3,45.7667]}},{"type":"Feature","properties":{"en":"L'Isle-Verte","fr":"L'Isle-Verte"},"geometry":{"type":"Point","coordinates":[-69.3333,48.0167]}},{"type":"Feature","properties":{"en":"L'Épiphanie","fr":"L'Épiphanie"},"geometry":{"type":"Point","coordinates":[-73.4833,45.85]}},{"type":"Feature","properties":{"en":"L'Île-du-Grand-Calumet","fr":"L'Île-du-Grand-Calumet"},"geometry":{"type":"Point","coordinates":[-76.616666666667,45.716666666667]}},{"type":"Feature","properties":{"en":"La Bostonnais","fr":"La Bostonnais"},"geometry":{"type":"Point","coordinates":[-72.6833,47.5167]}},{"type":"Feature","properties":{"en":"La Conception","fr":"La Conception"},"geometry":{"type":"Point","coordinates":[-74.7,46.15]}},{"type":"Feature","properties":{"en":"La Corne","fr":"La Corne"},"geometry":{"type":"Point","coordinates":[-78.0,48.35]}},{"type":"Feature","properties":{"en":"La Doré","fr":"La Doré"},"geometry":{"type":"Point","coordinates":[-72.65,48.716666666667]}},{"type":"Feature","properties":{"en":"La Durantaye","fr":"La Durantaye"},"geometry":{"type":"Point","coordinates":[-70.85,46.8333]}},{"type":"Feature","properties":{"en":"La Guadeloupe","fr":"La Guadeloupe"},"geometry":{"type":"Point","coordinates":[-70.933333333333,45.95]}},{"type":"Feature","properties":{"en":"La Loche","fr":"La Loche"},"geometry":{"type":"Point","coordinates":[-109.398333333333,56.4875]}},{"type":"Feature","properties":{"en":"La Macaza","fr":"La Macaza"},"geometry":{"type":"Point","coordinates":[-74.7667,46.3667]}},{"type":"Feature","properties":{"en":"La Martre","fr":"La Martre"},"geometry":{"type":"Point","coordinates":[-66.1705555555556,49.2052777777778]}},{"type":"Feature","properties":{"en":"La Minerve","fr":"La Minerve"},"geometry":{"type":"Point","coordinates":[-74.9333,46.25]}},{"type":"Feature","properties":{"en":"La Présentation","fr":"La Présentation"},"geometry":{"type":"Point","coordinates":[-73.05,45.6667]}},{"type":"Feature","properties":{"en":"La Reine","fr":"La Reine"},"geometry":{"type":"Point","coordinates":[-79.5,48.8667]}},{"type":"Feature","properties":{"en":"La Romaine","fr":"Unamen Shipi"},"geometry":{"type":"Point","coordinates":[-60.666667,50.216667]}},{"type":"Feature","properties":{"en":"La Rédemption","fr":"La Rédemption"},"geometry":{"type":"Point","coordinates":[-67.883333333333,48.45]}},{"type":"Feature","properties":{"en":"La Visitation-de-Yamaska","fr":"La Visitation-de-Yamaska"},"geometry":{"type":"Point","coordinates":[-72.6,46.133333333333]}},{"type":"Feature","properties":{"en":"La Visitation-de-l'Île-Dupas","fr":"La Visitation-de-l'Île-Dupas"},"geometry":{"type":"Point","coordinates":[-73.15,46.0833]}},{"type":"Feature","properties":{"en":"Labelle","fr":"Labelle"},"geometry":{"type":"Point","coordinates":[-74.733333333333,46.283333333333]}},{"type":"Feature","properties":{"en":"Labrecque","fr":"Labrecque"},"geometry":{"type":"Point","coordinates":[-71.5333,48.6667]}},{"type":"Feature","properties":{"en":"Lac-Akonapwehikan","fr":"Lac-Akonapwehikan"},"geometry":{"type":"Point","coordinates":[-74.483338,47.500005]}},{"type":"Feature","properties":{"en":"Lac-Achouakan","fr":"Lac-Achouakan"},"geometry":{"type":"Point","coordinates":[-71.65,48.1167]}},{"type":"Feature","properties":{"en":"Lac-Alfred","fr":"Lac-Alfred"},"geometry":{"type":"Point","coordinates":[-67.8,48.41666]}},{"type":"Feature","properties":{"en":"Lac-Ashuapmushuan","fr":"Lac-Ashuapmushuan"},"geometry":{"type":"Point","coordinates":[-73.75,49.166666666667]}},{"type":"Feature","properties":{"en":"Lac-Bazinet","fr":"Lac-Bazinet"},"geometry":{"type":"Point","coordinates":[-74.766672,47.450005]}},{"type":"Feature","properties":{"en":"Lac-Beauport","fr":"Lac-Beauport"},"geometry":{"type":"Point","coordinates":[-71.3,46.9667]}},{"type":"Feature","properties":{"en":"Lac-Blanc","fr":"Lac-Blanc"},"geometry":{"type":"Point","coordinates":[-72.0167,47.2833]}},{"type":"Feature","properties":{"en":"Lac-Boisbouscache","fr":"Lac-Boisbouscache"},"geometry":{"type":"Point","coordinates":[-68.833338,48.133338]}},{"type":"Feature","properties":{"en":"Lac-Boulé","fr":"Lac-Boulé"},"geometry":{"type":"Point","coordinates":[-73.616672,46.883338]}},{"type":"Feature","properties":{"en":"Lac-Bouchette","fr":"Lac-Bouchette"},"geometry":{"type":"Point","coordinates":[-72.183333333333,48.25]}},{"type":"Feature","properties":{"en":"Lac-Cabasta","fr":"Lac-Cabasta"},"geometry":{"type":"Point","coordinates":[-74.550005,47.533338]}},{"type":"Feature","properties":{"en":"Lac-Casault","fr":"Lac-Casault"},"geometry":{"type":"Point","coordinates":[-67.15,48.5]}},{"type":"Feature","properties":{"en":"Lac-Chicobi","fr":"Lac-Chicobi"},"geometry":{"type":"Point","coordinates":[-78.5,48.8833]}},{"type":"Feature","properties":{"en":"Lac-Croche","fr":"Lac-Croche"},"geometry":{"type":"Point","coordinates":[-71.7833,47.4]}},{"type":"Feature","properties":{"en":"Lac-De La Bidière","fr":"Lac-De La Bidière"},"geometry":{"type":"Point","coordinates":[-75.0833,47.4333]}},{"type":"Feature","properties":{"en":"Lac-Devenyns","fr":"Lac-Devenyns"},"geometry":{"type":"Point","coordinates":[-73.833338,47.083338]}},{"type":"Feature","properties":{"en":"Lac-Douaire","fr":"Lac-Douaire"},"geometry":{"type":"Point","coordinates":[-75.8,47.1667]}},{"type":"Feature","properties":{"en":"Lac-Despinassy","fr":"Lac-Despinassy"},"geometry":{"type":"Point","coordinates":[-77.3333,48.7833]}},{"type":"Feature","properties":{"en":"Lac-Drolet","fr":"Lac-Drolet"},"geometry":{"type":"Point","coordinates":[-70.85,45.716666666667]}},{"type":"Feature","properties":{"en":"Lac-Duparquet","fr":"Lac-Duparquet"},"geometry":{"type":"Point","coordinates":[-79.4166666666667,48.4666666666667]}},{"type":"Feature","properties":{"en":"Lac-Ernest","fr":"Lac-Ernest"},"geometry":{"type":"Point","coordinates":[-75.2,46.1833]}},{"type":"Feature","properties":{"en":"Lac-Etchemin","fr":"Lac-Etchemin"},"geometry":{"type":"Point","coordinates":[-70.5,46.4]}},{"type":"Feature","properties":{"en":"Lac-Frontière","fr":"Lac-Frontière"},"geometry":{"type":"Point","coordinates":[-70.0,46.7]}},{"type":"Feature","properties":{"en":"Lac-Granet","fr":"Lac-Granet"},"geometry":{"type":"Point","coordinates":[-77.5167,47.7833]}},{"type":"Feature","properties":{"en":"Lac-Huron","fr":"Lac-Huron"},"geometry":{"type":"Point","coordinates":[-68.233333333333,48.2]}},{"type":"Feature","properties":{"en":"Lac-Jacques-Cartier","fr":"Lac-Jacques-Cartier"},"geometry":{"type":"Point","coordinates":[-71.2167,47.5833]}},{"type":"Feature","properties":{"en":"Lac-John","fr":"Lac-John"},"geometry":{"type":"Point","coordinates":[-66.781875,54.813601]}},{"type":"Feature","properties":{"en":"Lac-Juillet","fr":"Lac-Juillet"},"geometry":{"type":"Point","coordinates":[-64.0,54.7833]}},{"type":"Feature","properties":{"en":"Lac-Jérôme","fr":"Lac-Jérôme"},"geometry":{"type":"Point","coordinates":[-63.55,50.85]}},{"type":"Feature","properties":{"en":"Lac-Legendre","fr":"Lac-Legendre"},"geometry":{"type":"Point","coordinates":[-74.366672,46.683338]}},{"type":"Feature","properties":{"en":"Lac-Lapeyrère","fr":"Lac-Lapeyrère"},"geometry":{"type":"Point","coordinates":[-72.3667,47.2167]}},{"type":"Feature","properties":{"en":"Lac-Lenôtre","fr":"Lac-Lenôtre"},"geometry":{"type":"Point","coordinates":[-76.0333,47.35]}},{"type":"Feature","properties":{"en":"Lac-Marguerite","fr":"Lac-Marguerite"},"geometry":{"type":"Point","coordinates":[-75.8,47.0333]}},{"type":"Feature","properties":{"en":"Lac-Masketsi","fr":"Lac-Masketsi"},"geometry":{"type":"Point","coordinates":[-72.55,47.0]}},{"type":"Feature","properties":{"en":"Lac-Matapédia","fr":"Lac-Matapédia"},"geometry":{"type":"Point","coordinates":[-67.5049367,48.5707035]}},{"type":"Feature","properties":{"en":"Lac-Matawin","fr":"Lac-Matawin"},"geometry":{"type":"Point","coordinates":[-74.300005,46.816672]}},{"type":"Feature","properties":{"en":"Lac-Minaki","fr":"Lac-Minaki"},"geometry":{"type":"Point","coordinates":[-73.483338,46.883338]}},{"type":"Feature","properties":{"en":"Lac-Metei","fr":"Lac-Metei"},"geometry":{"type":"Point","coordinates":[-76.843430555556,47.822902777778]}},{"type":"Feature","properties":{"en":"Lac-Ministuk","fr":"Lac-Ministuk"},"geometry":{"type":"Point","coordinates":[-71.3167,48.1]}},{"type":"Feature","properties":{"en":"Lac-Moncouche","fr":"Lac-Moncouche"},"geometry":{"type":"Point","coordinates":[-71.9667,47.95]}},{"type":"Feature","properties":{"en":"Lac-Moselle","fr":"Lac-Moselle"},"geometry":{"type":"Point","coordinates":[-75.5833,47.5167]}},{"type":"Feature","properties":{"en":"Lac-Normand","fr":"Lac-Normand"},"geometry":{"type":"Point","coordinates":[-73.233338,47.083338]}},{"type":"Feature","properties":{"en":"Lac-Nilgaut","fr":"Lac-Nilgaut"},"geometry":{"type":"Point","coordinates":[-77.25,46.6]}},{"type":"Feature","properties":{"en":"Lac-Oscar","fr":"Lac-Oscar"},"geometry":{"type":"Point","coordinates":[-75.200005,47.283338]}},{"type":"Feature","properties":{"en":"Lac-Pikauba","fr":"Lac-Pikauba"},"geometry":{"type":"Point","coordinates":[-71.1167,47.8]}},{"type":"Feature","properties":{"en":"Lac-Pythonga","fr":"Lac-Pythonga"},"geometry":{"type":"Point","coordinates":[-76.4333,46.3833]}},{"type":"Feature","properties":{"en":"Lac-Poulin","fr":"Lac-Poulin"},"geometry":{"type":"Point","coordinates":[-70.8167,46.1]}},{"type":"Feature","properties":{"en":"Lac-Saguay","fr":"Lac-Saguay"},"geometry":{"type":"Point","coordinates":[-75.15,46.5]}},{"type":"Feature","properties":{"en":"Lac-Saint-Paul","fr":"Lac-Saint-Paul"},"geometry":{"type":"Point","coordinates":[-75.3167,46.7333]}},{"type":"Feature","properties":{"en":"Lac-Sainte-Marie","fr":"Lac-Sainte-Marie"},"geometry":{"type":"Point","coordinates":[-75.95,45.95]}},{"type":"Feature","properties":{"en":"Lac-Santé","fr":"Lac-Santé"},"geometry":{"type":"Point","coordinates":[-74.483338,46.616672]}},{"type":"Feature","properties":{"en":"Lac-Simon","fr":"Lac-Simon"},"geometry":{"type":"Point","coordinates":[-75.1,45.9]}},{"type":"Feature","properties":{"en":"Lac-Supérieur","fr":"Lac-Supérieur"},"geometry":{"type":"Point","coordinates":[-74.466666666667,46.2]}},{"type":"Feature","properties":{"en":"Lac-Tremblant-Nord","fr":"Lac-Tremblant-Nord"},"geometry":{"type":"Point","coordinates":[-74.6333,46.2333]}},{"type":"Feature","properties":{"en":"Lac-Wagwabika","fr":"Lac-Wagwabika"},"geometry":{"type":"Point","coordinates":[-74.650005,47.616672]}},{"type":"Feature","properties":{"en":"Lac-Vacher","fr":"Lac-Vacher"},"geometry":{"type":"Point","coordinates":[-66.9167,54.9167]}},{"type":"Feature","properties":{"en":"Lac-Walker","fr":"Lac-Walker"},"geometry":{"type":"Point","coordinates":[-67.15,50.2667]}},{"type":"Feature","properties":{"en":"Lac-au-Brochet","fr":"Lac-au-Brochet"},"geometry":{"type":"Point","coordinates":[-69.6,49.6667]}},{"type":"Feature","properties":{"en":"Lac-de-la-Maison-de-Pierre","fr":"Lac-de-la-Maison-de-Pierre"},"geometry":{"type":"Point","coordinates":[-74.700005,46.883338]}},{"type":"Feature","properties":{"en":"Lac-aux-Sables","fr":"Lac-aux-Sables"},"geometry":{"type":"Point","coordinates":[-72.4,46.8667]}},{"type":"Feature","properties":{"en":"Lac-de-la-Pomme","fr":"Lac-de-la-Pomme"},"geometry":{"type":"Point","coordinates":[-74.516672,47.183338]}},{"type":"Feature","properties":{"en":"Lac-des-Eaux-Mortes","fr":"Lac-des-Eaux-Mortes"},"geometry":{"type":"Point","coordinates":[-67.854309,48.13585]}},{"type":"Feature","properties":{"en":"Lac-des-Dix-Milles","fr":"Lac-des-Dix-Milles"},"geometry":{"type":"Point","coordinates":[-74.3833,46.45]}},{"type":"Feature","properties":{"en":"Lac-des-Plages","fr":"Lac-des-Plages"},"geometry":{"type":"Point","coordinates":[-74.9,46.0]}},{"type":"Feature","properties":{"en":"Lac-des-Écorces","fr":"Lac-des-Écorces"},"geometry":{"type":"Point","coordinates":[-75.35,46.55]}},{"type":"Feature","properties":{"en":"Lac-du-Cerf","fr":"Lac-du-Cerf"},"geometry":{"type":"Point","coordinates":[-75.5,46.3]}},{"type":"Feature","properties":{"en":"Lac-Édouard","fr":"Lac-Édouard"},"geometry":{"type":"Point","coordinates":[-72.2708333333333,47.66]}},{"type":"Feature","properties":{"en":"Lacolle","fr":"Lacolle"},"geometry":{"type":"Point","coordinates":[-73.3667,45.0833]}},{"type":"Feature","properties":{"en":"Laforce","fr":"Laforce"},"geometry":{"type":"Point","coordinates":[-78.7263888888889,47.5363888888889]}},{"type":"Feature","properties":{"en":"Lalemant","fr":"Lalemant"},"geometry":{"type":"Point","coordinates":[-70.6333,48.05]}},{"type":"Feature","properties":{"en":"Lamarche","fr":"Lamarche"},"geometry":{"type":"Point","coordinates":[-71.4333,48.8]}},{"type":"Feature","properties":{"en":"Lambton","fr":"Lambton"},"geometry":{"type":"Point","coordinates":[-71.083333333333,45.833333333333]}},{"type":"Feature","properties":{"en":"Landrienne","fr":"Landrienne"},"geometry":{"type":"Point","coordinates":[-77.95,48.55]}},{"type":"Feature","properties":{"en":"Laniel","fr":"Laniel"},"geometry":{"type":"Point","coordinates":[-79.2667,47.05]}},{"type":"Feature","properties":{"en":"Lanoraie","fr":"Lanoraie"},"geometry":{"type":"Point","coordinates":[-73.2213888888889,45.9616666666667]}},{"type":"Feature","properties":{"en":"Lantier","fr":"Lantier"},"geometry":{"type":"Point","coordinates":[-74.25,46.15]}},{"type":"Feature","properties":{"en":"Launay","fr":"Launay"},"geometry":{"type":"Point","coordinates":[-78.5333,48.65]}},{"type":"Feature","properties":{"en":"Laurier-Station","fr":"Laurier-Station"},"geometry":{"type":"Point","coordinates":[-71.6333,46.5333]}},{"type":"Feature","properties":{"en":"Laurierville","fr":"Laurierville"},"geometry":{"type":"Point","coordinates":[-71.65,46.3]}},{"type":"Feature","properties":{"en":"Lawrenceville","fr":"Lawrenceville"},"geometry":{"type":"Point","coordinates":[-72.35,45.416666666667]}},{"type":"Feature","properties":{"en":"Leclercville","fr":"Leclercville"},"geometry":{"type":"Point","coordinates":[-72.0,46.566666666667]}},{"type":"Feature","properties":{"en":"Lefebvre","fr":"Lefebvre"},"geometry":{"type":"Point","coordinates":[-72.4167,45.7167]}},{"type":"Feature","properties":{"en":"Lejeune","fr":"Lejeune"},"geometry":{"type":"Point","coordinates":[-68.5833,47.7667]}},{"type":"Feature","properties":{"en":"Lemieux","fr":"Lemieux"},"geometry":{"type":"Point","coordinates":[-72.116666666667,46.3]}},{"type":"Feature","properties":{"en":"Les Bergeronnes","fr":"Les Bergeronnes"},"geometry":{"type":"Point","coordinates":[-69.55,48.25]}},{"type":"Feature","properties":{"en":"Les Coteaux","fr":"Les Coteaux"},"geometry":{"type":"Point","coordinates":[-74.233333333333,45.283333333333]}},{"type":"Feature","properties":{"en":"Les Cèdres","fr":"Les Cèdres"},"geometry":{"type":"Point","coordinates":[-74.05,45.3]}},{"type":"Feature","properties":{"en":"Les Escoumins","fr":"Les Escoumins"},"geometry":{"type":"Point","coordinates":[-69.4,48.35]}},{"type":"Feature","properties":{"en":"Les Hauteurs","fr":"Les Hauteurs"},"geometry":{"type":"Point","coordinates":[-68.1167,48.3833]}},{"type":"Feature","properties":{"en":"Les Lacs-du-Témiscamingue","fr":"Les Lacs-du-Témiscamingue"},"geometry":{"type":"Point","coordinates":[-78.4333,47.0667]}},{"type":"Feature","properties":{"en":"Les Méchins","fr":"Les Méchins"},"geometry":{"type":"Point","coordinates":[-66.9833,49.0]}},{"type":"Feature","properties":{"en":"Les Éboulements","fr":"Les Éboulements"},"geometry":{"type":"Point","coordinates":[-70.3167,47.4833]}},{"type":"Feature","properties":{"en":"Lingwick","fr":"Lingwick"},"geometry":{"type":"Point","coordinates":[-71.333333333333,45.583333333333]}},{"type":"Feature","properties":{"en":"Linton","fr":"Linton"},"geometry":{"type":"Point","coordinates":[-72.25,47.25]}},{"type":"Feature","properties":{"en":"Sundre","fr":"Sundre"},"geometry":{"type":"Point","coordinates":[-114.641,51.7972]}},{"type":"Feature","properties":{"en":"Region of Queens Municipality","fr":"Queens"},"geometry":{"type":"Point","coordinates":[-64.7167,44.0333]}},{"type":"Feature","properties":{"en":"Puslinch","fr":""},"geometry":{"type":"Point","coordinates":[-80.1667,43.45]}},{"type":"Feature","properties":{"en":"Litchfield","fr":"Litchfield"},"geometry":{"type":"Point","coordinates":[-76.5833,45.75]}},{"type":"Feature","properties":{"en":"Lochaber-Partie-Ouest","fr":"Lochaber-Partie-Ouest"},"geometry":{"type":"Point","coordinates":[-75.3,45.6167]}},{"type":"Feature","properties":{"en":"Lochaber","fr":"Lochaber"},"geometry":{"type":"Point","coordinates":[-75.2167,45.6333]}},{"type":"Feature","properties":{"en":"Longue-Pointe-de-Mingan","fr":"Longue-Pointe-de-Mingan"},"geometry":{"type":"Point","coordinates":[-64.15,50.266666666667]}},{"type":"Feature","properties":{"en":"Lorette","fr":"Lorette"},"geometry":{"type":"Point","coordinates":[-96.8717,49.7392]}},{"type":"Feature","properties":{"en":"Lorrainville","fr":"Lorrainville"},"geometry":{"type":"Point","coordinates":[-79.3530555555556,47.3525]}},{"type":"Feature","properties":{"en":"Lotbinière","fr":"Lotbinière"},"geometry":{"type":"Point","coordinates":[-71.933333333333,46.616666666667]}},{"type":"Feature","properties":{"en":"Low","fr":"Low"},"geometry":{"type":"Point","coordinates":[-75.95,45.8167]}},{"type":"Feature","properties":{"en":"Lower Montague","fr":"Lower Montague"},"geometry":{"type":"Point","coordinates":[-62.56083333,46.16972222]}},{"type":"Feature","properties":{"en":"Laurentian Hills","fr":"Laurentian Hills"},"geometry":{"type":"Point","coordinates":[-77.55,46.1333]}},{"type":"Feature","properties":{"en":"McDougall","fr":""},"geometry":{"type":"Point","coordinates":[-80.0167,45.45]}},{"type":"Feature","properties":{"en":"Deep River","fr":"Deep River"},"geometry":{"type":"Point","coordinates":[-77.4917,46.1]}},{"type":"Feature","properties":{"en":"Plympton–Wyoming","fr":"Plympton–Wyoming"},"geometry":{"type":"Point","coordinates":[-82.1061111111111,43.0197222222222]}},{"type":"Feature","properties":{"en":"Lyster","fr":"Lyster"},"geometry":{"type":"Point","coordinates":[-71.6167,46.3667]}},{"type":"Feature","properties":{"en":"Machin","fr":"Machin"},"geometry":{"type":"Point","coordinates":[-93.1666666666667,49.7833333333333]}},{"type":"Feature","properties":{"en":"Maddington Falls","fr":"Maddington Falls"},"geometry":{"type":"Point","coordinates":[-72.1333,46.2167]}},{"type":"Feature","properties":{"en":"Quinte West","fr":"Quinte West"},"geometry":{"type":"Point","coordinates":[-77.5819444444444,44.1963888888889]}},{"type":"Feature","properties":{"en":"Sainte-Sabine","fr":"Sainte-Sabine"},"geometry":{"type":"Point","coordinates":[-70.35,46.4833]}},{"type":"Feature","properties":{"en":"Maliotenam","fr":"Maliotenam"},"geometry":{"type":"Point","coordinates":[-66.1833,50.2167]}},{"type":"Feature","properties":{"en":"Manawan","fr":"Manawan"},"geometry":{"type":"Point","coordinates":[-74.383333,47.216667]}},{"type":"Feature","properties":{"en":"Mandeville","fr":"Mandeville"},"geometry":{"type":"Point","coordinates":[-73.3541666666667,46.3572222222222]}},{"type":"Feature","properties":{"en":"Manseau","fr":"Manseau"},"geometry":{"type":"Point","coordinates":[-72.0,46.3667]}},{"type":"Feature","properties":{"en":"Mansfield-et-Pontefract","fr":"Mansfield-et-Pontefract"},"geometry":{"type":"Point","coordinates":[-76.7392,45.8611]}},{"type":"Feature","properties":{"en":"Maricourt","fr":"Maricourt"},"geometry":{"type":"Point","coordinates":[-72.2667,45.5667]}},{"type":"Feature","properties":{"en":"Marie-Reine","fr":"Marie-Reine"},"geometry":{"type":"Point","coordinates":[-117.289,56.0764]}},{"type":"Feature","properties":{"en":"Marsoui","fr":"Marsoui"},"geometry":{"type":"Point","coordinates":[-66.0667,49.2167]}},{"type":"Feature","properties":{"en":"Marston","fr":"Marston"},"geometry":{"type":"Point","coordinates":[-71.0,45.5]}},{"type":"Feature","properties":{"en":"Martinville","fr":"Martinville"},"geometry":{"type":"Point","coordinates":[-71.716666666667,45.266666666667]}},{"type":"Feature","properties":{"en":"Aberdeen Parish","fr":"paroisse d'Aberdeen"},"geometry":{"type":"Point","coordinates":[-67.34,46.53]}},{"type":"Feature","properties":{"en":"Maskinongé","fr":"Maskinongé"},"geometry":{"type":"Point","coordinates":[-73.0167,46.2333]}},{"type":"Feature","properties":{"en":"Massueville","fr":"Massueville"},"geometry":{"type":"Point","coordinates":[-72.9333333333333,45.9166666666667]}},{"type":"Feature","properties":{"en":"Matapédia","fr":"Matapédia"},"geometry":{"type":"Point","coordinates":[-66.9413888888889,47.975]}},{"type":"Feature","properties":{"en":"Matchi-Manitou","fr":"Matchi-Manitou"},"geometry":{"type":"Point","coordinates":[-77.05,48.0167]}},{"type":"Feature","properties":{"en":"Matimekosh","fr":"Matimekosh"},"geometry":{"type":"Point","coordinates":[-66.8236,54.8083]}},{"type":"Feature","properties":{"en":"Zorra","fr":"Zorra"},"geometry":{"type":"Point","coordinates":[-80.95,43.15]}},{"type":"Feature","properties":{"en":"Mattice-Val Côté","fr":"Mattice-Val Côté"},"geometry":{"type":"Point","coordinates":[-83.2869,49.6458]}},{"type":"Feature","properties":{"en":"Mayo","fr":"Mayo"},"geometry":{"type":"Point","coordinates":[-75.35,45.6667]}},{"type":"Feature","properties":{"en":"Division No. 10","fr":"division No 10"},"geometry":{"type":"Point","coordinates":[-66.9167,52.95]}},{"type":"Feature","properties":{"en":"","fr":"McLeods"},"geometry":{"type":"Point","coordinates":[-66.560755,48.020989]}},{"type":"Feature","properties":{"en":"McMasterville","fr":"McMasterville"},"geometry":{"type":"Point","coordinates":[-73.2333,45.55]}},{"type":"Feature","properties":{"en":"Melbourne","fr":"Melbourne"},"geometry":{"type":"Point","coordinates":[-72.166666666667,45.583333333333]}},{"type":"Feature","properties":{"en":"Messines","fr":"Messines"},"geometry":{"type":"Point","coordinates":[-76.0167,46.2333]}},{"type":"Feature","properties":{"en":"Milan","fr":"Milan"},"geometry":{"type":"Point","coordinates":[-71.1333,45.6]}},{"type":"Feature","properties":{"en":"Mille-Isles","fr":"Mille-Isles"},"geometry":{"type":"Point","coordinates":[-74.216666666667,45.816666666667]}},{"type":"Feature","properties":{"en":"Mistissini","fr":"Mistissini"},"geometry":{"type":"Point","coordinates":[-73.85,50.4167]}},{"type":"Feature","properties":{"en":"Moffet","fr":"Moffet"},"geometry":{"type":"Point","coordinates":[-78.95,47.55]}},{"type":"Feature","properties":{"en":"Mont-Alexandre","fr":"Mont-Alexandre"},"geometry":{"type":"Point","coordinates":[-65.15,48.6167]}},{"type":"Feature","properties":{"en":"Mont-Apica","fr":"Mont-Apica"},"geometry":{"type":"Point","coordinates":[-71.4333,47.9833]}},{"type":"Feature","properties":{"en":"Mont-Carmel","fr":"Mont-Carmel"},"geometry":{"type":"Point","coordinates":[-69.8586,47.4397]}},{"type":"Feature","properties":{"en":"Mont-Saint-Grégoire","fr":"Mont-Saint-Grégoire"},"geometry":{"type":"Point","coordinates":[-73.166666666667,45.333333333333]}},{"type":"Feature","properties":{"en":"Mont-Saint-Michel","fr":"Mont-Saint-Michel"},"geometry":{"type":"Point","coordinates":[-75.3333,46.7833]}},{"type":"Feature","properties":{"en":"Mont-Saint-Pierre","fr":"Mont-Saint-Pierre"},"geometry":{"type":"Point","coordinates":[-65.8072222222222,49.2225]}},{"type":"Feature","properties":{"en":"Mont-Valin","fr":"Mont-Valin"},"geometry":{"type":"Point","coordinates":[-70.8,48.6167]}},{"type":"Feature","properties":{"en":"Mont-Élie","fr":"Mont-Élie"},"geometry":{"type":"Point","coordinates":[-70.35,47.9333]}},{"type":"Feature","properties":{"en":"Montcerf-Lytton","fr":"Montcerf-Lytton"},"geometry":{"type":"Point","coordinates":[-76.05,46.5333]}},{"type":"Feature","properties":{"en":"Montpellier","fr":"Montpellier"},"geometry":{"type":"Point","coordinates":[-75.1667,45.85]}},{"type":"Feature","properties":{"en":"Bon Accord","fr":"Bon Accord"},"geometry":{"type":"Point","coordinates":[-113.41888888889,53.832777777778]}},{"type":"Feature","properties":{"en":"Moonbeam","fr":"Moonbeam"},"geometry":{"type":"Point","coordinates":[-82.177777777778,49.369722222222]}},{"type":"Feature","properties":{"en":"Mulgrave-et-Derry","fr":"Mulgrave-et-Derry"},"geometry":{"type":"Point","coordinates":[-75.3667,45.7833]}},{"type":"Feature","properties":{"en":"Murray Corner","fr":"Murray Corner"},"geometry":{"type":"Point","coordinates":[-63.958611111111,46.171944444444]}},{"type":"Feature","properties":{"en":"Smoky River No. 130","fr":"Smoky River No 130"},"geometry":{"type":"Point","coordinates":[-117.20138888889,55.723055555556]}},{"type":"Feature","properties":{"en":"Nampa","fr":"Nampa"},"geometry":{"type":"Point","coordinates":[-117.133,56.0361]}},{"type":"Feature","properties":{"en":"Namur","fr":"Namur"},"geometry":{"type":"Point","coordinates":[-74.9333,45.9]}},{"type":"Feature","properties":{"en":"Nantes","fr":"Nantes"},"geometry":{"type":"Point","coordinates":[-71.033333333333,45.633333333333]}},{"type":"Feature","properties":{"en":"Napierville","fr":"Napierville"},"geometry":{"type":"Point","coordinates":[-73.4,45.1833]}},{"type":"Feature","properties":{"en":"Natashquan","fr":"Nutashkuan"},"geometry":{"type":"Point","coordinates":[-61.8,50.13333333]}},{"type":"Feature","properties":{"en":"Nemaska","fr":"Nemaska"},"geometry":{"type":"Point","coordinates":[-76.25,51.7]}},{"type":"Feature","properties":{"en":"Newport","fr":"Newport"},"geometry":{"type":"Point","coordinates":[-71.4783333333333,45.3886111111111]}},{"type":"Feature","properties":{"en":"Nominingue","fr":"Nominingue"},"geometry":{"type":"Point","coordinates":[-75.0333,46.4]}},{"type":"Feature","properties":{"en":"Normétal","fr":"Normétal"},"geometry":{"type":"Point","coordinates":[-79.3667,49.0]}},{"type":"Feature","properties":{"en":"North Hatley","fr":"North Hatley"},"geometry":{"type":"Point","coordinates":[-71.9667,45.2833]}},{"type":"Feature","properties":{"en":"Northport","fr":"Northport"},"geometry":{"type":"Point","coordinates":[-64.227,46.746]}},{"type":"Feature","properties":{"en":"Norton","fr":"Norton"},"geometry":{"type":"Point","coordinates":[-65.6955,45.6387]}},{"type":"Feature","properties":{"en":"Notre-Dame-Auxiliatrice-de-Buckland","fr":"Notre-Dame-Auxiliatrice-de-Buckland"},"geometry":{"type":"Point","coordinates":[-70.55,46.6167]}},{"type":"Feature","properties":{"en":"Notre-Dame-de-Bonsecours","fr":"Notre-Dame-de-Bonsecours"},"geometry":{"type":"Point","coordinates":[-74.8667,45.7]}},{"type":"Feature","properties":{"en":"Notre-Dame-de-Ham","fr":"Notre-Dame-de-Ham"},"geometry":{"type":"Point","coordinates":[-71.7333,45.9]}},{"type":"Feature","properties":{"en":"Notre-Dame-de-Lorette","fr":"Notre-Dame-de-Lorette"},"geometry":{"type":"Point","coordinates":[-72.35,49.083333333333]}},{"type":"Feature","properties":{"en":"Notre-Dame-de-Lourdes","fr":"Notre-Dame-de-Lourdes"},"geometry":{"type":"Point","coordinates":[-71.8167,46.3167]}},{"type":"Feature","properties":{"en":"Notre-Dame-de-Lourdes","fr":"Notre-Dame-de-Lourdes"},"geometry":{"type":"Point","coordinates":[-73.4333,46.1]}},{"type":"Feature","properties":{"en":"Notre-Dame-de-Montauban","fr":"Notre-Dame-de-Montauban"},"geometry":{"type":"Point","coordinates":[-72.333333333333,46.866666666667]}},{"type":"Feature","properties":{"en":"Notre-Dame-de-Pontmain","fr":"Notre-Dame-de-Pontmain"},"geometry":{"type":"Point","coordinates":[-75.6333,46.2833]}},{"type":"Feature","properties":{"en":"Notre-Dame-de-la-Merci","fr":"Notre-Dame-de-la-Merci"},"geometry":{"type":"Point","coordinates":[-74.05,46.2333]}},{"type":"Feature","properties":{"en":"Notre-Dame-de-la-Paix","fr":"Notre-Dame-de-la-Paix"},"geometry":{"type":"Point","coordinates":[-74.9667,45.8167]}},{"type":"Feature","properties":{"en":"Notre-Dame-de-la-Salette","fr":"Notre-Dame-de-la-Salette"},"geometry":{"type":"Point","coordinates":[-75.5833,45.7667]}},{"type":"Feature","properties":{"en":"Notre-Dame-des-Anges","fr":"Notre-Dame-des-Anges"},"geometry":{"type":"Point","coordinates":[-71.2333,46.8167]}},{"type":"Feature","properties":{"en":"Notre-Dame-des-Monts","fr":"Notre-Dame-des-Monts"},"geometry":{"type":"Point","coordinates":[-70.3833,47.6667]}},{"type":"Feature","properties":{"en":"Notre-Dame-des-Neiges","fr":"Notre-Dame-des-Neiges"},"geometry":{"type":"Point","coordinates":[-69.2116666666667,48.0977777777778]}},{"type":"Feature","properties":{"en":"Notre-Dame-des-Pins","fr":"Notre-Dame-des-Pins"},"geometry":{"type":"Point","coordinates":[-70.7167,46.1833]}},{"type":"Feature","properties":{"en":"Notre-Dame-des-Sept-Douleurs","fr":"Notre-Dame-des-Sept-Douleurs"},"geometry":{"type":"Point","coordinates":[-69.45,48.0]}},{"type":"Feature","properties":{"en":"Notre-Dame-du-Bon-Conseil","fr":"Notre-Dame-du-Bon-Conseil"},"geometry":{"type":"Point","coordinates":[-72.35,46.0]}},{"type":"Feature","properties":{"en":"Notre-Dame-du-Mont-Carmel","fr":"Notre-Dame-du-Mont-Carmel"},"geometry":{"type":"Point","coordinates":[-72.65,46.4833]}},{"type":"Feature","properties":{"en":"Notre-Dame-du-Laus","fr":"Notre-Dame-du-Laus"},"geometry":{"type":"Point","coordinates":[-75.6167,46.0833]}},{"type":"Feature","properties":{"en":"Notre-Dame-du-Portage","fr":"Notre-Dame-du-Portage"},"geometry":{"type":"Point","coordinates":[-69.6167,47.7667]}},{"type":"Feature","properties":{"en":"Notre-Dame-du-Rosaire","fr":"Notre-Dame-du-Rosaire"},"geometry":{"type":"Point","coordinates":[-70.4,46.8333]}},{"type":"Feature","properties":{"en":"Notre-Dame-du-Sacré-Cœur-d'Issoudun","fr":"Notre-Dame-du-Sacré-Cœur-d'Issoudun"},"geometry":{"type":"Point","coordinates":[-71.616666666667,46.583333333333]}},{"type":"Feature","properties":{"en":"Nouvelle","fr":"Nouvelle"},"geometry":{"type":"Point","coordinates":[-66.316666666667,48.133333333333]}},{"type":"Feature","properties":{"en":"Noyan","fr":"Noyan"},"geometry":{"type":"Point","coordinates":[-73.3,45.0667]}},{"type":"Feature","properties":{"en":"Nédélec","fr":"Nédélec"},"geometry":{"type":"Point","coordinates":[-79.4333,47.6833]}},{"type":"Feature","properties":{"en":"Neguac","fr":"Néguac"},"geometry":{"type":"Point","coordinates":[-65.075455,47.250572]}},{"type":"Feature","properties":{"en":"Opasatika","fr":"Opasatika"},"geometry":{"type":"Point","coordinates":[-82.8667,49.5333]}},{"type":"Feature","properties":{"en":"Fukuchiyama","fr":"Fukuchiyama"},"geometry":{"type":"Point","coordinates":[135.126611111111,35.2966944444444]}},{"type":"Feature","properties":{"en":"Orford","fr":"Orford"},"geometry":{"type":"Point","coordinates":[-72.2,45.383333333333]}},{"type":"Feature","properties":{"en":"Ormstown","fr":"Ormstown"},"geometry":{"type":"Point","coordinates":[-73.9958333333333,45.1269444444444]}},{"type":"Feature","properties":{"en":"Oujé-Bougoumou","fr":"Oujé-Bougoumou"},"geometry":{"type":"Point","coordinates":[-74.8178,49.9256]}},{"type":"Feature","properties":{"en":"Packington","fr":"Packington"},"geometry":{"type":"Point","coordinates":[-68.7833,47.4833]}},{"type":"Feature","properties":{"en":"Padoue","fr":"Padoue"},"geometry":{"type":"Point","coordinates":[-67.983333333333,48.583333333333]}},{"type":"Feature","properties":{"en":"Palmarolle","fr":"Palmarolle"},"geometry":{"type":"Point","coordinates":[-79.2,48.6667]}},{"type":"Feature","properties":{"en":"Papineauville","fr":"Papineauville"},"geometry":{"type":"Point","coordinates":[-75.0167,45.6167]}},{"type":"Feature","properties":{"en":"Parisville","fr":"Parisville"},"geometry":{"type":"Point","coordinates":[-72.0667,46.5167]}},{"type":"Feature","properties":{"en":"Saint Marys Parish","fr":"Paroisse Saint Marys"},"geometry":{"type":"Point","coordinates":[-66.505,46.205]}},{"type":"Feature","properties":{"en":"Allardville Parish","fr":"paroisse d'Allardville"},"geometry":{"type":"Point","coordinates":[-65.5,47.48]}},{"type":"Feature","properties":{"en":"Alma Parish","fr":"paroisse d'Alma"},"geometry":{"type":"Point","coordinates":[-64.9986,45.6378]}},{"type":"Feature","properties":{"en":"Acadieville Parish","fr":"Paroisse d'Acadieville"},"geometry":{"type":"Point","coordinates":[-65.265,46.73]}},{"type":"Feature","properties":{"en":"Addington Parish","fr":"paroisse d'Addington"},"geometry":{"type":"Point","coordinates":[-66.7611,47.7078]}},{"type":"Feature","properties":{"en":"Andover Parish","fr":"paroisse d'Andover"},"geometry":{"type":"Point","coordinates":[-67.76,46.705]}},{"type":"Feature","properties":{"en":"Alnwick Parish","fr":"paroisse d'Alnwick"},"geometry":{"type":"Point","coordinates":[-65.1425,47.285]}},{"type":"Feature","properties":{"en":"Eldon Parish","fr":"paroisse d'Eldon"},"geometry":{"type":"Point","coordinates":[-67.075,47.75]}},{"type":"Feature","properties":{"en":"Hammond Parish","fr":"paroisse d'Hammond"},"geometry":{"type":"Point","coordinates":[-65.3728,45.5761]}},{"type":"Feature","properties":{"en":"Hampton Parish","fr":"paroisse d'Hampton"},"geometry":{"type":"Point","coordinates":[-65.8235,45.4734]}},{"type":"Feature","properties":{"en":"Elgin","fr":"Elgin"},"geometry":{"type":"Point","coordinates":[-65.117,45.8]}},{"type":"Feature","properties":{"en":"Harcourt Parish","fr":"paroisse d'Harcourt"},"geometry":{"type":"Point","coordinates":[-65.25,46.47]}},{"type":"Feature","properties":{"en":"Harvey Parish","fr":"paroisse d'Harvey"},"geometry":{"type":"Point","coordinates":[-64.7792,45.7161]}},{"type":"Feature","properties":{"en":"Havelock Parish","fr":"paroisse d'Havelock"},"geometry":{"type":"Point","coordinates":[-65.4104,45.9347]}},{"type":"Feature","properties":{"en":"Hampstead Parish","fr":"Paroisse d'Hampstead"},"geometry":{"type":"Point","coordinates":[-66.0852,45.6245]}},{"type":"Feature","properties":{"en":"Hardwicke Parish","fr":"paroisse d'Hardwicke"},"geometry":{"type":"Point","coordinates":[-65.02,47.075]}},{"type":"Feature","properties":{"en":"Hillsborough Parish","fr":"paroisse d'Hillsborough"},"geometry":{"type":"Point","coordinates":[-64.6985,45.9156]}},{"type":"Feature","properties":{"en":"Hopewell Parish","fr":"paroisse d'Hopewell"},"geometry":{"type":"Point","coordinates":[-64.6985,45.9156]}},{"type":"Feature","properties":{"en":"Huskisson Parish","fr":"paroisse d'Huskisson"},"geometry":{"type":"Point","coordinates":[-65.465,46.525]}},{"type":"Feature","properties":{"en":"Inkerman Parish","fr":"paroisse d'Inkerman"},"geometry":{"type":"Point","coordinates":[-64.8275,47.6669]}},{"type":"Feature","properties":{"en":"Baker Brook Parish","fr":"paroisse de Baker-Brook"},"geometry":{"type":"Point","coordinates":[-68.56,47.355]}},{"type":"Feature","properties":{"en":"Balmoral Parish","fr":"paroisse de Balmoral"},"geometry":{"type":"Point","coordinates":[-66.5575,47.6975]}},{"type":"Feature","properties":{"en":"Bathurst Parish","fr":"paroisse de Bathurst"},"geometry":{"type":"Point","coordinates":[-65.86,47.7667]}},{"type":"Feature","properties":{"en":"Blackville Parish","fr":"paroisse de Blackville"},"geometry":{"type":"Point","coordinates":[-65.7275,46.6075]}},{"type":"Feature","properties":{"en":"Blissville Parish","fr":"paroisse de Blissville"},"geometry":{"type":"Point","coordinates":[-66.583,45.633]}},{"type":"Feature","properties":{"en":"Botsford Parish","fr":"paroisse de Botsford"},"geometry":{"type":"Point","coordinates":[-63.9754,46.1113]}},{"type":"Feature","properties":{"en":"Brighton Parish","fr":"paroisse de Brighton"},"geometry":{"type":"Point","coordinates":[-67.36,46.355]}},{"type":"Feature","properties":{"en":"Brunswick Parish","fr":"paroisse de Brunswick"},"geometry":{"type":"Point","coordinates":[-65.5465,46.1032]}},{"type":"Feature","properties":{"en":"Bright Parish","fr":"Paroisse de Bright"},"geometry":{"type":"Point","coordinates":[-67.1,46.18]}},{"type":"Feature","properties":{"en":"Canning Parish","fr":"paroisse de Canning"},"geometry":{"type":"Point","coordinates":[-66.0917,45.9666]}},{"type":"Feature","properties":{"en":"Canterbury Parish","fr":"paroisse de Canterbury"},"geometry":{"type":"Point","coordinates":[-67.535,45.845]}},{"type":"Feature","properties":{"en":"Caraquet Parish","fr":"paroisse de Caraquet"},"geometry":{"type":"Point","coordinates":[-64.875,47.7275]}},{"type":"Feature","properties":{"en":"Carleton Parish","fr":"paroisse de Carleton"},"geometry":{"type":"Point","coordinates":[-65.065,46.805]}},{"type":"Feature","properties":{"en":"Chatham Parish","fr":"paroisse de Chatham"},"geometry":{"type":"Point","coordinates":[-65.37,47.045]}},{"type":"Feature","properties":{"en":"Clair Parish","fr":"paroisse de Clair"},"geometry":{"type":"Point","coordinates":[-68.67,47.295]}},{"type":"Feature","properties":{"en":"Chipman Parish","fr":"paroisse de Chipman"},"geometry":{"type":"Point","coordinates":[-65.8216,46.2454]}},{"type":"Feature","properties":{"en":"Clarendon Parish","fr":"paroisse de Clarendon"},"geometry":{"type":"Point","coordinates":[-66.6255,45.4211]}},{"type":"Feature","properties":{"en":"Colborne Parish","fr":"paroisse de Colborne"},"geometry":{"type":"Point","coordinates":[-66.27,47.8875]}},{"type":"Feature","properties":{"en":"Dalhousie Parish","fr":"paroisse de Dalhousie"},"geometry":{"type":"Point","coordinates":[-66.5189,48.0025]}},{"type":"Feature","properties":{"en":"Denmark Parish","fr":"paroisse de Denmark"},"geometry":{"type":"Point","coordinates":[-67.585,47.0]}},{"type":"Feature","properties":{"en":"Dorchester Parish","fr":"paroisse de Dorchester"},"geometry":{"type":"Point","coordinates":[-64.6037,46.0237]}},{"type":"Feature","properties":{"en":"Drummond Parish","fr":"paroisse de Drummond"},"geometry":{"type":"Point","coordinates":[-67.51,47.3175]}},{"type":"Feature","properties":{"en":"Derby Parish","fr":"paroisse de Derby"},"geometry":{"type":"Point","coordinates":[-65.655,46.8875]}},{"type":"Feature","properties":{"en":"Dufferin Parish","fr":"paroisse de Dufferin"},"geometry":{"type":"Point","coordinates":[-67.213,45.1782]}},{"type":"Feature","properties":{"en":"Douglas Parish","fr":"paroisse de Douglas"},"geometry":{"type":"Point","coordinates":[-66.7325,45.98]}},{"type":"Feature","properties":{"en":"Dumbarton Parish","fr":"paroisse de Dumbarton"},"geometry":{"type":"Point","coordinates":[-67.0738,45.395]}},{"type":"Feature","properties":{"en":"Durham Parish","fr":"paroisse de Durham"},"geometry":{"type":"Point","coordinates":[-66.07,47.86]}},{"type":"Feature","properties":{"en":"Dumfries Parish","fr":"paroisse de Dumfries"},"geometry":{"type":"Point","coordinates":[-67.15,45.965]}},{"type":"Feature","properties":{"en":"Dundas Parish","fr":"Paroisse de Dundas"},"geometry":{"type":"Point","coordinates":[-64.86,46.27]}},{"type":"Feature","properties":{"en":"Greenwich Parish","fr":"Paroisse de Greenwich"},"geometry":{"type":"Point","coordinates":[-66.3243,45.3258]}},{"type":"Feature","properties":{"en":"Grimmer Parish","fr":"paroisse de Grimmer"},"geometry":{"type":"Point","coordinates":[-67.45,47.67]}},{"type":"Feature","properties":{"en":"Kent Parish","fr":"paroisse de Kent"},"geometry":{"type":"Point","coordinates":[-67.1725,46.665]}},{"type":"Feature","properties":{"en":"Kingsclear Parish","fr":"paroisse de Kingsclear"},"geometry":{"type":"Point","coordinates":[-66.9075,45.885]}},{"type":"Feature","properties":{"en":"Lepreau Parish","fr":"paroisse de Lepreau"},"geometry":{"type":"Point","coordinates":[-66.5768,45.2311]}},{"type":"Feature","properties":{"en":"Lorne Parish","fr":"paroisse de Lorne"},"geometry":{"type":"Point","coordinates":[-67.12,47.1175]}},{"type":"Feature","properties":{"en":"Ludlow Parish","fr":"Paroisse de Ludlow"},"geometry":{"type":"Point","coordinates":[-66.35,46.49]}},{"type":"Feature","properties":{"en":"Manners Sutton Parish","fr":"paroisse de Manners Sutton"},"geometry":{"type":"Point","coordinates":[-67.04,45.69]}},{"type":"Feature","properties":{"en":"McAdam Parish","fr":"paroisse de McAdam"},"geometry":{"type":"Point","coordinates":[-67.4,45.68]}},{"type":"Feature","properties":{"en":"Moncton Parish","fr":"paroisse de Moncton"},"geometry":{"type":"Point","coordinates":[-64.9192,46.1893]}},{"type":"Feature","properties":{"en":"Musquash Parish","fr":"paroisse de Musquash"},"geometry":{"type":"Point","coordinates":[-66.3629,45.1674]}},{"type":"Feature","properties":{"en":"Nelson Parish","fr":"paroisse de Nelson"},"geometry":{"type":"Point","coordinates":[-65.69,46.8525]}},{"type":"Feature","properties":{"en":"New Bandon Parish","fr":"paroisse de New Bandon"},"geometry":{"type":"Point","coordinates":[-65.315,47.75]}},{"type":"Feature","properties":{"en":"New Maryland Parish","fr":"paroisse de New Maryland"},"geometry":{"type":"Point","coordinates":[-66.8125,45.6925]}},{"type":"Feature","properties":{"en":"Newcastle Parish","fr":"Paroisse de Newcastle"},"geometry":{"type":"Point","coordinates":[-65.57,47.0]}},{"type":"Feature","properties":{"en":"North Lake Parish","fr":"Paroisse de North Lake"},"geometry":{"type":"Point","coordinates":[-67.73,45.8275]}},{"type":"Feature","properties":{"en":"Northampton Parish","fr":"Paroisse de Northampton"},"geometry":{"type":"Point","coordinates":[-67.55,46.08]}},{"type":"Feature","properties":{"en":"Northesk Parish","fr":"Paroisse de Northesk"},"geometry":{"type":"Point","coordinates":[-66.5,47.475]}},{"type":"Feature","properties":{"en":"Notre-Dame-de-Lourdes Parish","fr":"Paroisse de Notre-Dame-de-Lourdes"},"geometry":{"type":"Point","coordinates":[-67.9375,47.25]}},{"type":"Feature","properties":{"en":"Perth Parish","fr":"paroisse de Perth"},"geometry":{"type":"Point","coordinates":[-67.62,46.69]}},{"type":"Feature","properties":{"en":"Pennfield Parish","fr":"paroisse de Pennfield"},"geometry":{"type":"Point","coordinates":[-66.6561,45.2112]}},{"type":"Feature","properties":{"en":"Paquetville Parish","fr":"paroisse de Paquetville"},"geometry":{"type":"Point","coordinates":[-65.215,47.625]}},{"type":"Feature","properties":{"en":"Petersville Parish","fr":"paroisse de Petersville"},"geometry":{"type":"Point","coordinates":[-66.3567,45.5376]}},{"type":"Feature","properties":{"en":"Prince William Parish","fr":"paroisse de Prince-William"},"geometry":{"type":"Point","coordinates":[-67.03,45.905]}},{"type":"Feature","properties":{"en":"Richmond Parish","fr":"paroisse de Richmond"},"geometry":{"type":"Point","coordinates":[-67.6575,46.075]}},{"type":"Feature","properties":{"en":"Queensbury Parish","fr":"Paroisse de Queensbury"},"geometry":{"type":"Point","coordinates":[-67.015,45.9625]}},{"type":"Feature","properties":{"en":"Richibucto Parish","fr":"Paroisse de Richibouctou"},"geometry":{"type":"Point","coordinates":[-64.79,46.6175]}},{"type":"Feature","properties":{"en":"Rogersville Parish","fr":"paroisse de Rogersville"},"geometry":{"type":"Point","coordinates":[-65.48,46.7756]}},{"type":"Feature","properties":{"en":"Rothesay Parish","fr":"paroisse de Rothesay"},"geometry":{"type":"Point","coordinates":[-65.9706,45.3813]}},{"type":"Feature","properties":{"en":"Rivière-Verte Parish","fr":"Paroisse de Rivière-Verte"},"geometry":{"type":"Point","coordinates":[-68.145,47.3175]}},{"type":"Feature","properties":{"en":"Sackville Parish","fr":"paroisse de Sackville"},"geometry":{"type":"Point","coordinates":[-64.3201,45.9119]}},{"type":"Feature","properties":{"en":"Saint Andrews Parish","fr":"paroisse de Saint-Andrews"},"geometry":{"type":"Point","coordinates":[-67.0693,45.132]}},{"type":"Feature","properties":{"en":"Saint-André Parish","fr":"paroisse de Saint-André"},"geometry":{"type":"Point","coordinates":[-67.755,47.1436]}},{"type":"Feature","properties":{"en":"Saint-Charles Parish","fr":"paroisse de Saint-Charles"},"geometry":{"type":"Point","coordinates":[-64.98,46.67]}},{"type":"Feature","properties":{"en":"Saint David Parish","fr":"paroisse de Saint-David"},"geometry":{"type":"Point","coordinates":[-67.1849,45.281]}},{"type":"Feature","properties":{"en":"Saint-Basile Parish","fr":"Paroisse de Saint-Basile"},"geometry":{"type":"Point","coordinates":[-68.255,47.36]}},{"type":"Feature","properties":{"en":"Saint George Parish","fr":"paroisse de Saint-George"},"geometry":{"type":"Point","coordinates":[-66.8528,45.222]}},{"type":"Feature","properties":{"en":"Saint-Hilaire Parish","fr":"paroisse de Saint-Hilaire"},"geometry":{"type":"Point","coordinates":[-68.44,47.3125]}},{"type":"Feature","properties":{"en":"Saint-Isidore Parish","fr":"paroisse de Saint-Isidore"},"geometry":{"type":"Point","coordinates":[-65.14,47.57]}},{"type":"Feature","properties":{"en":"Saint-François Parish","fr":"paroisse de Saint-François"},"geometry":{"type":"Point","coordinates":[-68.92,47.27]}},{"type":"Feature","properties":{"en":"Saint-Jacques Parish","fr":"paroisse de Saint-Jacques"},"geometry":{"type":"Point","coordinates":[-68.385,47.43]}},{"type":"Feature","properties":{"en":"Saint James Parish","fr":"paroisse de Saint-James"},"geometry":{"type":"Point","coordinates":[-67.3455,45.3816]}},{"type":"Feature","properties":{"en":"Saint-Joseph Parish","fr":"paroisse de Saint-Joseph"},"geometry":{"type":"Point","coordinates":[-68.305,47.5425]}},{"type":"Feature","properties":{"en":"Saint Martins Parish","fr":"paroisse de Saint-Martins"},"geometry":{"type":"Point","coordinates":[-65.5378,45.3576]}},{"type":"Feature","properties":{"en":"Saint-Quentin Parish","fr":"paroisse de Saint-Quentin"},"geometry":{"type":"Point","coordinates":[-67.8425,47.76]}},{"type":"Feature","properties":{"en":"Saint Croix Parish","fr":"paroisse de Sainte-Croix"},"geometry":{"type":"Point","coordinates":[-67.1124,45.19]}},{"type":"Feature","properties":{"en":"Sainte-Anne Parish","fr":"Paroisse de Sainte-Anne"},"geometry":{"type":"Point","coordinates":[-67.85,47.41]}},{"type":"Feature","properties":{"en":"Saumarez Parish","fr":"Paroisse de Saumarez"},"geometry":{"type":"Point","coordinates":[-64.94,47.5]}},{"type":"Feature","properties":{"en":"Simonds Parish","fr":"Paroisse de Simonds"},"geometry":{"type":"Point","coordinates":[-67.5529,46.3258]}},{"type":"Feature","properties":{"en":"Southampton Parish","fr":"Paroisse de Southampton"},"geometry":{"type":"Point","coordinates":[-67.25,45.9675]}},{"type":"Feature","properties":{"en":"Springfield Parish","fr":"Paroisse de Springfield"},"geometry":{"type":"Point","coordinates":[-65.4213,47.4157]}},{"type":"Feature","properties":{"en":"Southesk Parish","fr":"paroisse de Southesk"},"geometry":{"type":"Point","coordinates":[-66.48,46.9775]}},{"type":"Feature","properties":{"en":"Stanley Parish","fr":"Paroisse de Stanley"},"geometry":{"type":"Point","coordinates":[-66.71,46.4975]}},{"type":"Feature","properties":{"en":"Waterford Parish","fr":"Paroisse de Waterford"},"geometry":{"type":"Point","coordinates":[-65.3725,45.6889]}},{"type":"Feature","properties":{"en":"Waterborough Parish","fr":"Paroisse de Waterborough"},"geometry":{"type":"Point","coordinates":[-65.5919,45.5542]}},{"type":"Feature","properties":{"en":"Wellington Parish","fr":"paroisse de Wellington"},"geometry":{"type":"Point","coordinates":[-64.7462,46.5244]}},{"type":"Feature","properties":{"en":"Weldford Parish","fr":"Paroisse de Weldford"},"geometry":{"type":"Point","coordinates":[-65.0925,46.47]}},{"type":"Feature","properties":{"en":"Westfield Parish","fr":"paroisse de Westfield"},"geometry":{"type":"Point","coordinates":[-66.2989,45.3343]}},{"type":"Feature","properties":{"en":"Wicklow Parish","fr":"Paroisse de Wicklow"},"geometry":{"type":"Point","coordinates":[-67.61,46.51]}},{"type":"Feature","properties":{"en":"Woodstock Parish","fr":"paroisse de Woodstock"},"geometry":{"type":"Point","coordinates":[-67.6,46.06]}},{"type":"Feature","properties":{"en":"Passes-Dangereuses","fr":"Passes-Dangereuses"},"geometry":{"type":"Point","coordinates":[-72.0141666666667,49.0744444444444]}},{"type":"Feature","properties":{"en":"Pessamit","fr":"Pessamit"},"geometry":{"type":"Point","coordinates":[-68.65,48.95]}},{"type":"Feature","properties":{"en":"Petit-Lac-Sainte-Anne","fr":"Petit-Lac-Sainte-Anne"},"geometry":{"type":"Point","coordinates":[-69.8,47.2]}},{"type":"Feature","properties":{"en":"Petit-Mécatina","fr":"Petit-Mécatina"},"geometry":{"type":"Point","coordinates":[-60.0,51.5]}},{"type":"Feature","properties":{"en":"Petit-Saguenay","fr":"Petit-Saguenay"},"geometry":{"type":"Point","coordinates":[-70.066666666667,48.216666666667]}},{"type":"Feature","properties":{"en":"Petite-Rivière-Saint-François","fr":"Petite-Rivière-Saint-François"},"geometry":{"type":"Point","coordinates":[-70.5667,47.3]}},{"type":"Feature","properties":{"en":"Petite-Vallée","fr":"Petite-Vallée"},"geometry":{"type":"Point","coordinates":[-65.033333333333,49.216666666667]}},{"type":"Feature","properties":{"en":"Petty Harbour–Maddox Cove","fr":"Petty Harbour-Maddox Cove"},"geometry":{"type":"Point","coordinates":[-52.716666666667,47.466666666667]}},{"type":"Feature","properties":{"en":"Picard","fr":"Picard"},"geometry":{"type":"Point","coordinates":[-69.5167,47.5]}},{"type":"Feature","properties":{"en":"Piedmont","fr":"Piedmont"},"geometry":{"type":"Point","coordinates":[-74.133333333333,45.9]}},{"type":"Feature","properties":{"en":"Pierreville","fr":"Pierreville"},"geometry":{"type":"Point","coordinates":[-72.8116666666667,46.0672222222222]}},{"type":"Feature","properties":{"en":"Pike River","fr":"Pike River"},"geometry":{"type":"Point","coordinates":[-73.0667,45.1167]}},{"type":"Feature","properties":{"en":"Piopolis","fr":"Piopolis"},"geometry":{"type":"Point","coordinates":[-70.9,45.4833]}},{"type":"Feature","properties":{"en":"Plaisance","fr":"Plaisance"},"geometry":{"type":"Point","coordinates":[-75.1167,45.6167]}},{"type":"Feature","properties":{"en":"Pointe-Fortune","fr":"Pointe-Fortune"},"geometry":{"type":"Point","coordinates":[-74.3833,45.5667]}},{"type":"Feature","properties":{"en":"Pointe-Lebel","fr":"Pointe-Lebel"},"geometry":{"type":"Point","coordinates":[-68.2,49.1667]}},{"type":"Feature","properties":{"en":"Pointe-aux-Outardes","fr":"Pointe-aux-Outardes"},"geometry":{"type":"Point","coordinates":[-68.407,49.0744]}},{"type":"Feature","properties":{"en":"Pointe-des-Cascades","fr":"Pointe-des-Cascades"},"geometry":{"type":"Point","coordinates":[-73.966666666667,45.333333333333]}},{"type":"Feature","properties":{"en":"Point La Nim","fr":"Pointe-la-Nim"},"geometry":{"type":"Point","coordinates":[-66.4428,48.0625]}},{"type":"Feature","properties":{"en":"Pointe-à-la-Croix","fr":"Pointe-à-la-Croix"},"geometry":{"type":"Point","coordinates":[-66.7,48.0277777777778]}},{"type":"Feature","properties":{"en":"Empress","fr":"Empress"},"geometry":{"type":"Point","coordinates":[-110.009833333333,50.9547777777778]}},{"type":"Feature","properties":{"en":"Pontiac","fr":"Pontiac"},"geometry":{"type":"Point","coordinates":[-76.133333333333,45.583333333333]}},{"type":"Feature","properties":{"en":"Port-Daniel–Gascons","fr":"Port-Daniel–Gascons"},"geometry":{"type":"Point","coordinates":[-64.966666666667,48.183333333333]}},{"type":"Feature","properties":{"en":"Portage-du-Fort","fr":"Portage-du-Fort"},"geometry":{"type":"Point","coordinates":[-76.6667,45.6]}},{"type":"Feature","properties":{"en":"Portneuf-sur-Mer","fr":"Portneuf-sur-Mer"},"geometry":{"type":"Point","coordinates":[-69.1,48.616666666667]}},{"type":"Feature","properties":{"en":"Poularies","fr":"Poularies"},"geometry":{"type":"Point","coordinates":[-78.9847222222222,48.6625]}},{"type":"Feature","properties":{"en":"Preissac","fr":"Preissac"},"geometry":{"type":"Point","coordinates":[-78.3667,48.4]}},{"type":"Feature","properties":{"en":"Price","fr":"Price"},"geometry":{"type":"Point","coordinates":[-68.1166666666667,48.6]}},{"type":"Feature","properties":{"en":"Péribonka","fr":"Péribonka"},"geometry":{"type":"Point","coordinates":[-72.05,48.766666666667]}},{"type":"Feature","properties":{"en":"Quaqtaq","fr":"Quaqtaq"},"geometry":{"type":"Point","coordinates":[-69.55,60.9]}},{"type":"Feature","properties":{"en":"Racine","fr":"Racine"},"geometry":{"type":"Point","coordinates":[-72.25,45.5]}},{"type":"Feature","properties":{"en":"Ragueneau","fr":"Ragueneau"},"geometry":{"type":"Point","coordinates":[-68.533333333333,49.066666666667]}},{"type":"Feature","properties":{"en":"Rapide-Danseur","fr":"Rapide-Danseur"},"geometry":{"type":"Point","coordinates":[-79.3,48.55]}},{"type":"Feature","properties":{"en":"Rapides-des-Joachims","fr":"Rapides-des-Joachims"},"geometry":{"type":"Point","coordinates":[-77.6833,46.2]}},{"type":"Feature","properties":{"en":"Rawdon","fr":"Rawdon"},"geometry":{"type":"Point","coordinates":[-73.7072222222222,46.0422222222222]}},{"type":"Feature","properties":{"en":"Richmond Hill","fr":"Richmond Hill"},"geometry":{"type":"Point","coordinates":[-79.42,43.87]}},{"type":"Feature","properties":{"en":"Rigaud","fr":"Rigaud"},"geometry":{"type":"Point","coordinates":[-74.3,45.4833]}},{"type":"Feature","properties":{"en":"Ripon","fr":"Ripon"},"geometry":{"type":"Point","coordinates":[-75.1,45.7833]}},{"type":"Feature","properties":{"en":"Rivière-Beaudette","fr":"Rivière-Beaudette"},"geometry":{"type":"Point","coordinates":[-74.333333333333,45.233333333333]}},{"type":"Feature","properties":{"en":"Rivière-Bleue","fr":"Rivière-Bleue"},"geometry":{"type":"Point","coordinates":[-69.05,47.4333]}},{"type":"Feature","properties":{"en":"Rivière-Bonaventure","fr":"Rivière-Bonaventure"},"geometry":{"type":"Point","coordinates":[-65.6,48.5]}},{"type":"Feature","properties":{"en":"Rivière-Bonjour","fr":"Rivière-Bonjour"},"geometry":{"type":"Point","coordinates":[-66.9167,48.7667]}},{"type":"Feature","properties":{"en":"Rivière-Héva","fr":"Rivière-Héva"},"geometry":{"type":"Point","coordinates":[-78.2167,48.2333]}},{"type":"Feature","properties":{"en":"Rivière-Koksoak","fr":"Rivière-Koksoak"},"geometry":{"type":"Point","coordinates":[-69.3333,57.1667]}},{"type":"Feature","properties":{"en":"Rivière-Mistassini","fr":"Rivière-Mistassini"},"geometry":{"type":"Point","coordinates":[-72.8333,49.9167]}},{"type":"Feature","properties":{"en":"Rivière-Mouchalagane","fr":"Rivière-Mouchalagane"},"geometry":{"type":"Point","coordinates":[-68.5,52.3333]}},{"type":"Feature","properties":{"en":"Rivière-Nipissis","fr":"Rivière-Nipissis"},"geometry":{"type":"Point","coordinates":[-65.9167,51.25]}},{"type":"Feature","properties":{"en":"Rivière-Nouvelle","fr":"Rivière-Nouvelle"},"geometry":{"type":"Point","coordinates":[-66.4833,48.3]}},{"type":"Feature","properties":{"en":"Rivière-Ojima","fr":"Rivière-Ojima"},"geometry":{"type":"Point","coordinates":[-78.7,48.8333]}},{"type":"Feature","properties":{"en":"Rivière-Ouelle","fr":"Rivière-Ouelle"},"geometry":{"type":"Point","coordinates":[-70.0167,47.4333]}},{"type":"Feature","properties":{"en":"Rivière-Patapédia-Est","fr":"Rivière-Patapédia-Est"},"geometry":{"type":"Point","coordinates":[-67.65,48.1167]}},{"type":"Feature","properties":{"en":"Rivière-Saint-Jean","fr":"Rivière-Saint-Jean"},"geometry":{"type":"Point","coordinates":[-64.9166666666667,48.8333333333333]}},{"type":"Feature","properties":{"en":"Rivière-Saint-Jean","fr":"Rivière-Saint-Jean"},"geometry":{"type":"Point","coordinates":[-64.3333,50.3]}},{"type":"Feature","properties":{"en":"Rivière-Vaseuse","fr":"Rivière-Vaseuse"},"geometry":{"type":"Point","coordinates":[-67.4667,48.2167]}},{"type":"Feature","properties":{"en":"Rivière-au-Tonnerre","fr":"Rivière-au-Tonnerre"},"geometry":{"type":"Point","coordinates":[-64.783333333333,50.266666666667]}},{"type":"Feature","properties":{"en":"Rivière-aux-Outardes","fr":"Rivière-aux-Outardes"},"geometry":{"type":"Point","coordinates":[-69.0,50.25]}},{"type":"Feature","properties":{"en":"Rivière-de-la-Savane","fr":"Rivière-de-la-Savane"},"geometry":{"type":"Point","coordinates":[-73.633338,47.050005]}},{"type":"Feature","properties":{"en":"Rivière-Éternité","fr":"Rivière-Éternité"},"geometry":{"type":"Point","coordinates":[-70.416666666667,48.25]}},{"type":"Feature","properties":{"en":"Rivière-à-Claude","fr":"Rivière-à-Claude"},"geometry":{"type":"Point","coordinates":[-65.9,49.216666666667]}},{"type":"Feature","properties":{"en":"Rivière-à-Pierre","fr":"Rivière-à-Pierre"},"geometry":{"type":"Point","coordinates":[-72.1833,46.9833]}},{"type":"Feature","properties":{"en":"Roquemaure","fr":"Roquemaure"},"geometry":{"type":"Point","coordinates":[-79.4,48.6]}},{"type":"Feature","properties":{"en":"Rougemont","fr":"Rougemont"},"geometry":{"type":"Point","coordinates":[-73.05,45.433333333333]}},{"type":"Feature","properties":{"en":"Routhierville","fr":"Routhierville"},"geometry":{"type":"Point","coordinates":[-67.15,48.1833]}},{"type":"Feature","properties":{"en":"Roxton","fr":"Roxton"},"geometry":{"type":"Point","coordinates":[-72.5167,45.55]}},{"type":"Feature","properties":{"en":"Roxton Falls","fr":"Roxton Falls"},"geometry":{"type":"Point","coordinates":[-72.5167,45.5667]}},{"type":"Feature","properties":{"en":"Roxton Pond","fr":"Roxton Pond"},"geometry":{"type":"Point","coordinates":[-72.6667,45.4833]}},{"type":"Feature","properties":{"en":"Ruisseau-des-Mineurs","fr":"Ruisseau-des-Mineurs"},"geometry":{"type":"Point","coordinates":[-66.6667,48.5833]}},{"type":"Feature","properties":{"en":"Rémigny","fr":"Rémigny"},"geometry":{"type":"Point","coordinates":[-79.2,47.7667]}},{"type":"Feature","properties":{"en":"Six Nations of the Grand River 40","fr":"réserve des Six Nations"},"geometry":{"type":"Point","coordinates":[-80.1225,43.051111111111]}},{"type":"Feature","properties":{"en":"Réservoir-Dozois","fr":"Réservoir-Dozois"},"geometry":{"type":"Point","coordinates":[-77.083333333333,47.5]}},{"type":"Feature","properties":{"en":"Sables-Spanish Rivers","fr":"Sables-Spanish Rivers"},"geometry":{"type":"Point","coordinates":[-82.0,46.2333]}},{"type":"Feature","properties":{"en":"Sacré-Cœur-de-Jésus","fr":"Sacré-Cœur-de-Jésus"},"geometry":{"type":"Point","coordinates":[-71.0833,46.2167]}},{"type":"Feature","properties":{"en":"Sacré-Coeur","fr":"Sacré-Cœur"},"geometry":{"type":"Point","coordinates":[-69.8,48.2333]}},{"type":"Feature","properties":{"en":"Sagard","fr":"Sagard"},"geometry":{"type":"Point","coordinates":[-70.0667,48.0333]}},{"type":"Feature","properties":{"en":"Saint-Adelme","fr":"Saint-Adelme"},"geometry":{"type":"Point","coordinates":[-67.3167,48.8167]}},{"type":"Feature","properties":{"en":"Saint-Adalbert","fr":"Saint-Adalbert"},"geometry":{"type":"Point","coordinates":[-69.9,46.8667]}},{"type":"Feature","properties":{"en":"Saint-Adelphe","fr":"Saint-Adelphe"},"geometry":{"type":"Point","coordinates":[-72.4333,46.7333]}},{"type":"Feature","properties":{"en":"Saint-Adolphe-d'Howard","fr":"Saint-Adolphe-d'Howard"},"geometry":{"type":"Point","coordinates":[-74.333333333333,45.966666666667]}},{"type":"Feature","properties":{"en":"Saint-Adrien-d'Irlande","fr":"Saint-Adrien-d'Irlande"},"geometry":{"type":"Point","coordinates":[-71.45,46.116666666667]}},{"type":"Feature","properties":{"en":"Saint-Adrien","fr":"Saint-Adrien"},"geometry":{"type":"Point","coordinates":[-71.716666666667,45.816666666667]}},{"type":"Feature","properties":{"en":"Saint-Agapit","fr":"Saint-Agapit"},"geometry":{"type":"Point","coordinates":[-71.4333,46.5667]}},{"type":"Feature","properties":{"en":"Saint-Aimé","fr":"Saint-Aimé"},"geometry":{"type":"Point","coordinates":[-72.9338888888889,45.9113888888889]}},{"type":"Feature","properties":{"en":"Saint-Aimé-des-Lacs","fr":"Saint-Aimé-des-Lacs"},"geometry":{"type":"Point","coordinates":[-70.3,47.6833]}},{"type":"Feature","properties":{"en":"Saint-Aimé-du-Lac-des-Îles","fr":"Saint-Aimé-du-Lac-des-Îles"},"geometry":{"type":"Point","coordinates":[-75.5333,46.4]}},{"type":"Feature","properties":{"en":"Saint-Alban","fr":"Saint-Alban"},"geometry":{"type":"Point","coordinates":[-72.0833333,46.7166667]}},{"type":"Feature","properties":{"en":"Saint-Albert","fr":"Saint-Albert"},"geometry":{"type":"Point","coordinates":[-72.0833,46.0]}},{"type":"Feature","properties":{"en":"Saint-Alexandre-de-Kamouraska","fr":"Saint-Alexandre-de-Kamouraska"},"geometry":{"type":"Point","coordinates":[-69.625,47.6817]}},{"type":"Feature","properties":{"en":"Saint-Alexandre-des-Lacs","fr":"Saint-Alexandre-des-Lacs"},"geometry":{"type":"Point","coordinates":[-67.3,48.4667]}},{"type":"Feature","properties":{"en":"Saint-Alexandre","fr":"Saint-Alexandre"},"geometry":{"type":"Point","coordinates":[-73.1167,45.2333]}},{"type":"Feature","properties":{"en":"Saint-Alexis-de-Matapédia","fr":"Saint-Alexis-de-Matapédia"},"geometry":{"type":"Point","coordinates":[-67.05,47.966666666667]}},{"type":"Feature","properties":{"en":"Saint-Alexis-des-Monts","fr":"Saint-Alexis-des-Monts"},"geometry":{"type":"Point","coordinates":[-73.1333,46.4667]}},{"type":"Feature","properties":{"en":"Saint-Alexis","fr":"Saint-Alexis"},"geometry":{"type":"Point","coordinates":[-73.6167,45.9333]}},{"type":"Feature","properties":{"en":"Saint-Alfred","fr":"Saint-Alfred"},"geometry":{"type":"Point","coordinates":[-70.8333,46.15]}},{"type":"Feature","properties":{"en":"Saint-Alphonse-Rodriguez","fr":"Saint-Alphonse-Rodriguez"},"geometry":{"type":"Point","coordinates":[-73.7,46.1833]}},{"type":"Feature","properties":{"en":"Saint-Alphonse","fr":"Saint-Alphonse"},"geometry":{"type":"Point","coordinates":[-65.633333333333,48.183333333333]}},{"type":"Feature","properties":{"en":"Saint-Amable","fr":"Saint-Amable"},"geometry":{"type":"Point","coordinates":[-73.3,45.65]}},{"type":"Feature","properties":{"en":"Saint-Ambroise","fr":"Saint-Ambroise"},"geometry":{"type":"Point","coordinates":[-71.333333333333,48.55]}},{"type":"Feature","properties":{"en":"Saint-Ambroise-de-Kildare","fr":"Saint-Ambroise-de-Kildare"},"geometry":{"type":"Point","coordinates":[-73.55,46.0833]}},{"type":"Feature","properties":{"en":"Saint-Anaclet-de-Lessard","fr":"Saint-Anaclet-de-Lessard"},"geometry":{"type":"Point","coordinates":[-68.4263857,48.4766865]}},{"type":"Feature","properties":{"en":"Saint-André-d'Argenteuil","fr":"Saint-André-d'Argenteuil"},"geometry":{"type":"Point","coordinates":[-74.3333,45.5667]}},{"type":"Feature","properties":{"en":"Saint-André-de-Restigouche","fr":"Saint-André-de-Restigouche"},"geometry":{"type":"Point","coordinates":[-66.95,48.066666666667]}},{"type":"Feature","properties":{"en":"Saint-André-du-Lac-Saint-Jean","fr":"Saint-André-du-Lac-Saint-Jean"},"geometry":{"type":"Point","coordinates":[-71.983333333333,48.316666666667]}},{"type":"Feature","properties":{"en":"Saint-André","fr":"Saint-André"},"geometry":{"type":"Point","coordinates":[-67.76,47.1]}},{"type":"Feature","properties":{"en":"Saint-André-de-Kamouraska","fr":"Saint-André-de-Kamouraska"},"geometry":{"type":"Point","coordinates":[-69.7333,47.6833]}},{"type":"Feature","properties":{"en":"Saint-Anicet","fr":"Saint-Anicet"},"geometry":{"type":"Point","coordinates":[-74.35,45.116666666667]}},{"type":"Feature","properties":{"en":"Saint-Anselme","fr":"Saint-Anselme"},"geometry":{"type":"Point","coordinates":[-70.9667,46.6333]}},{"type":"Feature","properties":{"en":"Saint-Antoine-de-l'Isle-aux-Grues","fr":"Saint-Antoine-de-l'Isle-aux-Grues"},"geometry":{"type":"Point","coordinates":[-70.55,47.066666666667]}},{"type":"Feature","properties":{"en":"Saint-Antoine-sur-Richelieu","fr":"Saint-Antoine-sur-Richelieu"},"geometry":{"type":"Point","coordinates":[-73.1833,45.7833]}},{"type":"Feature","properties":{"en":"Saint-Apollinaire","fr":"Saint-Apollinaire"},"geometry":{"type":"Point","coordinates":[-71.5167,46.6167]}},{"type":"Feature","properties":{"en":"Saint-Armand","fr":"Saint-Armand"},"geometry":{"type":"Point","coordinates":[-73.05,45.0333]}},{"type":"Feature","properties":{"en":"Saint-Arsène","fr":"Saint-Arsène"},"geometry":{"type":"Point","coordinates":[-69.4333,47.9167]}},{"type":"Feature","properties":{"en":"Saint-Athanase","fr":"Saint-Athanase"},"geometry":{"type":"Point","coordinates":[-69.4167,47.4333]}},{"type":"Feature","properties":{"en":"Saint-Aubert","fr":"Saint-Aubert"},"geometry":{"type":"Point","coordinates":[-70.2167,47.1833]}},{"type":"Feature","properties":{"en":"Saint-Augustin-de-Woburn","fr":"Saint-Augustin-de-Woburn"},"geometry":{"type":"Point","coordinates":[-70.85,45.383333333333]}},{"type":"Feature","properties":{"en":"Saint-Augustin","fr":"Saint-Augustin"},"geometry":{"type":"Point","coordinates":[-71.95,48.8]}},{"type":"Feature","properties":{"en":"Saint-Barnabé-Sud","fr":"Saint-Barnabé-Sud"},"geometry":{"type":"Point","coordinates":[-72.9167,45.7333]}},{"type":"Feature","properties":{"en":"Saint-Barnabé","fr":"Saint-Barnabé"},"geometry":{"type":"Point","coordinates":[-72.8833,46.4]}},{"type":"Feature","properties":{"en":"Saint-Barthélemy","fr":"Saint-Barthélemy"},"geometry":{"type":"Point","coordinates":[-73.1333,46.1833]}},{"type":"Feature","properties":{"en":"Saint-Benjamin","fr":"Saint-Benjamin"},"geometry":{"type":"Point","coordinates":[-70.6,46.2833]}},{"type":"Feature","properties":{"en":"Saint-Benoît-Labre","fr":"Saint-Benoît-Labre"},"geometry":{"type":"Point","coordinates":[-70.8,46.0667]}},{"type":"Feature","properties":{"en":"Saint-Benoît-du-Lac","fr":"Saint-Benoît-du-Lac"},"geometry":{"type":"Point","coordinates":[-72.2667,45.1667]}},{"type":"Feature","properties":{"en":"Saint-Bernard-de-Lacolle","fr":"Saint-Bernard-de-Lacolle"},"geometry":{"type":"Point","coordinates":[-73.4167,45.0833]}},{"type":"Feature","properties":{"en":"Saint-Bernard-de-Michaudville","fr":"Saint-Bernard-de-Michaudville"},"geometry":{"type":"Point","coordinates":[-73.0667,45.8333]}},{"type":"Feature","properties":{"en":"Saint-Bernard","fr":"Saint-Bernard"},"geometry":{"type":"Point","coordinates":[-71.1333,46.5]}},{"type":"Feature","properties":{"en":"Saint-Blaise-sur-Richelieu","fr":"Saint-Blaise-sur-Richelieu"},"geometry":{"type":"Point","coordinates":[-73.2833,45.2167]}},{"type":"Feature","properties":{"en":"Saint-Bonaventure","fr":"Saint-Bonaventure"},"geometry":{"type":"Point","coordinates":[-72.6833,45.9667]}},{"type":"Feature","properties":{"en":"Saint-Boniface","fr":"Saint-Boniface"},"geometry":{"type":"Point","coordinates":[-72.8167,46.5]}},{"type":"Feature","properties":{"en":"Saint-Bruno-de-Guigues","fr":"Saint-Bruno-de-Guigues"},"geometry":{"type":"Point","coordinates":[-79.4333,47.4667]}},{"type":"Feature","properties":{"en":"Saint-Bruno-de-Kamouraska","fr":"Saint-Bruno-de-Kamouraska"},"geometry":{"type":"Point","coordinates":[-69.75,47.45]}},{"type":"Feature","properties":{"en":"Saint-Bruno","fr":"Saint-Bruno"},"geometry":{"type":"Point","coordinates":[-71.65,48.466666666667]}},{"type":"Feature","properties":{"en":"Saint-Calixte","fr":"Saint-Calixte"},"geometry":{"type":"Point","coordinates":[-73.85,45.95]}},{"type":"Feature","properties":{"en":"Saint-Camille-de-Lellis","fr":"Saint-Camille-de-Lellis"},"geometry":{"type":"Point","coordinates":[-70.2058333333333,46.5002777777778]}},{"type":"Feature","properties":{"en":"Saint-Casimir","fr":"Saint-Casimir"},"geometry":{"type":"Point","coordinates":[-72.1333,46.65]}},{"type":"Feature","properties":{"en":"Saint-Charles-Garnier","fr":"Saint-Charles-Garnier"},"geometry":{"type":"Point","coordinates":[-68.05,48.3333]}},{"type":"Feature","properties":{"en":"Saint-Charles-de-Bellechasse","fr":"Saint-Charles-de-Bellechasse"},"geometry":{"type":"Point","coordinates":[-70.95,46.7667]}},{"type":"Feature","properties":{"en":"Saint-Charles-de-Bourget","fr":"Saint-Charles-de-Bourget"},"geometry":{"type":"Point","coordinates":[-71.366666666667,48.566666666667]}},{"type":"Feature","properties":{"en":"Saint-Christophe-d'Arthabaska","fr":"Saint-Christophe-d'Arthabaska"},"geometry":{"type":"Point","coordinates":[-71.8833,46.0333]}},{"type":"Feature","properties":{"en":"Saint-Chrysostome","fr":"Saint-Chrysostome"},"geometry":{"type":"Point","coordinates":[-73.7667,45.1]}},{"type":"Feature","properties":{"en":"Saint-Claude","fr":"Saint-Claude"},"geometry":{"type":"Point","coordinates":[-71.9833,45.6667]}},{"type":"Feature","properties":{"en":"Saint-Clet","fr":"Saint-Clet"},"geometry":{"type":"Point","coordinates":[-74.216666666667,45.35]}},{"type":"Feature","properties":{"en":"Saint-Clément","fr":"Saint-Clément"},"geometry":{"type":"Point","coordinates":[-69.1,47.916666666667]}},{"type":"Feature","properties":{"en":"Saint-Cléophas","fr":"Saint-Cléophas"},"geometry":{"type":"Point","coordinates":[-67.7433872,48.4922829]}},{"type":"Feature","properties":{"en":"Saint-Cléophas-de-Brandon","fr":"Saint-Cléophas-de-Brandon"},"geometry":{"type":"Point","coordinates":[-73.4167,46.2333]}},{"type":"Feature","properties":{"en":"Saint-Cuthbert","fr":"Saint-Cuthbert"},"geometry":{"type":"Point","coordinates":[-73.2333,46.15]}},{"type":"Feature","properties":{"en":"Saint-Cyprien-de-Napierville","fr":"Saint-Cyprien-de-Napierville"},"geometry":{"type":"Point","coordinates":[-73.4166666666667,45.1833333333333]}},{"type":"Feature","properties":{"en":"Saint-Cyprien","fr":"Saint-Cyprien"},"geometry":{"type":"Point","coordinates":[-70.2667,46.35]}},{"type":"Feature","properties":{"en":"Saint-Cyprien","fr":"Saint-Cyprien"},"geometry":{"type":"Point","coordinates":[-69.0166666666667,47.9]}},{"type":"Feature","properties":{"en":"Saint-Cyrille-de-Wendover","fr":"Saint-Cyrille-de-Wendover"},"geometry":{"type":"Point","coordinates":[-72.4333,45.9333]}},{"type":"Feature","properties":{"en":"Saint-Cyrille-de-Lessard","fr":"Saint-Cyrille-de-Lessard"},"geometry":{"type":"Point","coordinates":[-70.2833,47.0333]}},{"type":"Feature","properties":{"en":"Saint-Célestin","fr":"Saint-Célestin"},"geometry":{"type":"Point","coordinates":[-72.433338,46.216672]}},{"type":"Feature","properties":{"en":"Saint-Célestin","fr":"Saint-Célestin"},"geometry":{"type":"Point","coordinates":[-72.4333,46.2167]}},{"type":"Feature","properties":{"en":"Saint-Côme","fr":"Saint-Côme"},"geometry":{"type":"Point","coordinates":[-73.7747222222222,46.2688888888889]}},{"type":"Feature","properties":{"en":"Saint-Côme–Linière","fr":"Saint-Côme–Linière"},"geometry":{"type":"Point","coordinates":[-70.5167,46.0667]}},{"type":"Feature","properties":{"en":"Saint-Damase","fr":"Saint-Damase"},"geometry":{"type":"Point","coordinates":[-67.8266666666667,48.6611111111111]}},{"type":"Feature","properties":{"en":"Saint-Damase-de-L'Islet","fr":"Saint-Damase-de-L'Islet"},"geometry":{"type":"Point","coordinates":[-70.1333,47.2]}},{"type":"Feature","properties":{"en":"Saint-Damase","fr":"Saint-Damase"},"geometry":{"type":"Point","coordinates":[-73.0,45.5333]}},{"type":"Feature","properties":{"en":"Saint-David-de-Falardeau","fr":"Saint-David-de-Falardeau"},"geometry":{"type":"Point","coordinates":[-71.116666666667,48.616666666667]}},{"type":"Feature","properties":{"en":"Saint-David","fr":"Saint-David"},"geometry":{"type":"Point","coordinates":[-72.85,45.95]}},{"type":"Feature","properties":{"en":"Saint-Denis-De La Bouteillerie","fr":"Saint-Denis-De La Bouteillerie"},"geometry":{"type":"Point","coordinates":[-69.938,47.5027]}},{"type":"Feature","properties":{"en":"Saint-Didace","fr":"Saint-Didace"},"geometry":{"type":"Point","coordinates":[-73.2833,46.3333]}},{"type":"Feature","properties":{"en":"Saint-Dominique","fr":"Saint-Dominique"},"geometry":{"type":"Point","coordinates":[-72.85,45.5667]}},{"type":"Feature","properties":{"en":"Saint-Dominique-du-Rosaire","fr":"Saint-Dominique-du-Rosaire"},"geometry":{"type":"Point","coordinates":[-78.1167,48.7667]}},{"type":"Feature","properties":{"en":"Saint-Donat","fr":"Saint-Donat"},"geometry":{"type":"Point","coordinates":[-68.2488766,48.4970265]}},{"type":"Feature","properties":{"en":"Saint-Edmond-de-Grantham","fr":"Saint-Edmond-de-Grantham"},"geometry":{"type":"Point","coordinates":[-72.6667,45.8833]}},{"type":"Feature","properties":{"en":"Saint-Elphège","fr":"Saint-Elphège"},"geometry":{"type":"Point","coordinates":[-72.7,46.05]}},{"type":"Feature","properties":{"en":"Saint-Elzéar-de-Témiscouata","fr":"Saint-Elzéar-de-Témiscouata"},"geometry":{"type":"Point","coordinates":[-69.1,47.5833333333333]}},{"type":"Feature","properties":{"en":"Saint-Elzéar","fr":"Saint-Elzéar"},"geometry":{"type":"Point","coordinates":[-65.4,48.15]}},{"type":"Feature","properties":{"en":"Saint-Elzéar","fr":"Saint-Elzéar"},"geometry":{"type":"Point","coordinates":[-71.0667,46.4]}},{"type":"Feature","properties":{"en":"Saint-Esprit","fr":"Saint-Esprit"},"geometry":{"type":"Point","coordinates":[-73.6667,45.9]}},{"type":"Feature","properties":{"en":"Saint-Eugène-d'Argentenay","fr":"Saint-Eugène-d'Argentenay"},"geometry":{"type":"Point","coordinates":[-72.283333333333,48.983333333333]}},{"type":"Feature","properties":{"en":"Saint-Eugène-de-Guigues","fr":"Saint-Eugène-de-Guigues"},"geometry":{"type":"Point","coordinates":[-79.35,47.5166666666667]}},{"type":"Feature","properties":{"en":"Saint-Eugène-de-Ladrière","fr":"Saint-Eugène-de-Ladrière"},"geometry":{"type":"Point","coordinates":[-68.8,48.25]}},{"type":"Feature","properties":{"en":"Saint-Eugène","fr":"Saint-Eugène"},"geometry":{"type":"Point","coordinates":[-72.7,45.8]}},{"type":"Feature","properties":{"en":"Saint-Eusèbe","fr":"Saint-Eusèbe"},"geometry":{"type":"Point","coordinates":[-68.9167,47.55]}},{"type":"Feature","properties":{"en":"Saint-Fabien","fr":"Saint-Fabien"},"geometry":{"type":"Point","coordinates":[-68.866666666667,48.3]}},{"type":"Feature","properties":{"en":"Saint-Fabien-de-Panet","fr":"Saint-Fabien-de-Panet"},"geometry":{"type":"Point","coordinates":[-70.15,46.65]}},{"type":"Feature","properties":{"en":"Saint-Ferdinand","fr":"Saint-Ferdinand"},"geometry":{"type":"Point","coordinates":[-71.5667,46.1]}},{"type":"Feature","properties":{"en":"Mont-Blanc","fr":"Mont-Blanc"},"geometry":{"type":"Point","coordinates":[-74.4833,46.1167]}},{"type":"Feature","properties":{"en":"Saint-Ferréol-les-Neiges","fr":"Saint-Ferréol-les-Neiges"},"geometry":{"type":"Point","coordinates":[-70.85,47.1167]}},{"type":"Feature","properties":{"en":"Saint-Flavien","fr":"Saint-Flavien"},"geometry":{"type":"Point","coordinates":[-71.6,46.5167]}},{"type":"Feature","properties":{"en":"Saint-Fortunat","fr":"Saint-Fortunat"},"geometry":{"type":"Point","coordinates":[-71.6,45.9667]}},{"type":"Feature","properties":{"en":"Saint-François-Xavier-de-Brompton","fr":"Saint-François-Xavier-de-Brompton"},"geometry":{"type":"Point","coordinates":[-72.05,45.5333]}},{"type":"Feature","properties":{"en":"Saint-François-Xavier-de-Viger","fr":"Saint-François-Xavier-de-Viger"},"geometry":{"type":"Point","coordinates":[-69.25,47.85]}},{"type":"Feature","properties":{"en":"Saint-François-d'Assise","fr":"Saint-François-d'Assise"},"geometry":{"type":"Point","coordinates":[-67.166666666667,47.983333333333]}},{"type":"Feature","properties":{"en":"Saint-François-de-Sales","fr":"Saint-François-de-Sales"},"geometry":{"type":"Point","coordinates":[-72.133333333333,48.316666666667]}},{"type":"Feature","properties":{"en":"Saint-François-de-l'Île-d'Orléans","fr":"Saint-François-de-l'Île-d'Orléans"},"geometry":{"type":"Point","coordinates":[-70.8167,47.0]}},{"type":"Feature","properties":{"en":"Saint-François-de-la-Rivière-du-Sud","fr":"Saint-François-de-la-Rivière-du-Sud"},"geometry":{"type":"Point","coordinates":[-70.7167,46.8833]}},{"type":"Feature","properties":{"en":"Saint-François-du-Lac","fr":"Saint-François-du-Lac"},"geometry":{"type":"Point","coordinates":[-72.8333,46.0667]}},{"type":"Feature","properties":{"en":"Saint-Frédéric","fr":"Saint-Frédéric"},"geometry":{"type":"Point","coordinates":[-70.9667,46.3]}},{"type":"Feature","properties":{"en":"Saint-Fulgence","fr":"Saint-Fulgence"},"geometry":{"type":"Point","coordinates":[-70.9,48.45]}},{"type":"Feature","properties":{"en":"Saint-Félix-d'Otis","fr":"Saint-Félix-d'Otis"},"geometry":{"type":"Point","coordinates":[-70.616666666667,48.266666666667]}},{"type":"Feature","properties":{"en":"Saint-Félix-de-Dalquier","fr":"Saint-Félix-de-Dalquier"},"geometry":{"type":"Point","coordinates":[-78.1167,48.6833]}},{"type":"Feature","properties":{"en":"Saint-Félix-de-Kingsey","fr":"Saint-Félix-de-Kingsey"},"geometry":{"type":"Point","coordinates":[-72.1833,45.8]}},{"type":"Feature","properties":{"en":"Saint-Félix-de-Valois","fr":"Saint-Félix-de-Valois"},"geometry":{"type":"Point","coordinates":[-73.433333333333,46.166666666667]}},{"type":"Feature","properties":{"en":"Saint-Gabriel-Lalemant","fr":"Saint-Gabriel-Lalemant"},"geometry":{"type":"Point","coordinates":[-69.9333333333333,47.3833333333333]}},{"type":"Feature","properties":{"en":"Saint-Gabriel-de-Brandon","fr":"Saint-Gabriel-de-Brandon"},"geometry":{"type":"Point","coordinates":[-73.3833333333333,46.2666666666667]}},{"type":"Feature","properties":{"en":"Saint-Gabriel-de-Rimouski","fr":"Saint-Gabriel-de-Rimouski"},"geometry":{"type":"Point","coordinates":[-68.166666666667,48.416666666667]}},{"type":"Feature","properties":{"en":"Saint-Gabriel-de-Valcartier","fr":"Saint-Gabriel-de-Valcartier"},"geometry":{"type":"Point","coordinates":[-71.4667,46.9333]}},{"type":"Feature","properties":{"en":"Saint-Georges-de-Windsor","fr":"Saint-Georges-de-Windsor"},"geometry":{"type":"Point","coordinates":[-71.8333,45.7]}},{"type":"Feature","properties":{"en":"Saint-Germain-de-Grantham","fr":"Saint-Germain-de-Grantham"},"geometry":{"type":"Point","coordinates":[-72.5667,45.8333]}},{"type":"Feature","properties":{"en":"Saint-Germain-de-Kamouraska","fr":"Saint-Germain-de-Kamouraska"},"geometry":{"type":"Point","coordinates":[-69.8,47.5833]}},{"type":"Feature","properties":{"en":"Saint-Gervais","fr":"Saint-Gervais"},"geometry":{"type":"Point","coordinates":[-70.8833,46.7167]}},{"type":"Feature","properties":{"en":"Saint-Gilbert","fr":"Saint-Gilbert"},"geometry":{"type":"Point","coordinates":[-72.0,46.7167]}},{"type":"Feature","properties":{"en":"Saint-Godefroi","fr":"Saint-Godefroi"},"geometry":{"type":"Point","coordinates":[-65.1167,48.0833]}},{"type":"Feature","properties":{"en":"Saint-Guillaume-Nord","fr":"Saint-Guillaume-Nord"},"geometry":{"type":"Point","coordinates":[-74.1,46.6]}},{"type":"Feature","properties":{"en":"Saint-Guillaume","fr":"Saint-Guillaume"},"geometry":{"type":"Point","coordinates":[-72.7667,45.8833]}},{"type":"Feature","properties":{"en":"Saint-Gédéon","fr":"Saint-Gédéon"},"geometry":{"type":"Point","coordinates":[-71.766666666667,48.5]}},{"type":"Feature","properties":{"en":"Saint-Gédéon-de-Beauce","fr":"Saint-Gédéon-de-Beauce"},"geometry":{"type":"Point","coordinates":[-70.6333,45.85]}},{"type":"Feature","properties":{"en":"Saint-Gérard-Majella","fr":"Saint-Gérard-Majella"},"geometry":{"type":"Point","coordinates":[-72.8333,46.0]}},{"type":"Feature","properties":{"en":"Saint-Henri-de-Taillon","fr":"Saint-Henri-de-Taillon"},"geometry":{"type":"Point","coordinates":[-71.833333333333,48.666666666667]}},{"type":"Feature","properties":{"en":"Saint-Henri","fr":"Saint-Henri"},"geometry":{"type":"Point","coordinates":[-71.0667,46.7]}},{"type":"Feature","properties":{"en":"Saint-Herménégilde","fr":"Saint-Herménégilde"},"geometry":{"type":"Point","coordinates":[-71.6666666666667,45.1]}},{"type":"Feature","properties":{"en":"Saint-Hilaire-de-Dorset","fr":"Saint-Hilaire-de-Dorset"},"geometry":{"type":"Point","coordinates":[-70.85,45.8667]}},{"type":"Feature","properties":{"en":"Saint-Hilarion","fr":"Saint-Hilarion"},"geometry":{"type":"Point","coordinates":[-70.4,47.5667]}},{"type":"Feature","properties":{"en":"Saint-Hippolyte","fr":"Saint-Hippolyte"},"geometry":{"type":"Point","coordinates":[-74.016666666667,45.933333333333]}},{"type":"Feature","properties":{"en":"Saint-Honoré-de-Shenley","fr":"Saint-Honoré-de-Shenley"},"geometry":{"type":"Point","coordinates":[-70.8333,45.9667]}},{"type":"Feature","properties":{"en":"Saint-Honoré-de-Témiscouata","fr":"Saint-Honoré-de-Témiscouata"},"geometry":{"type":"Point","coordinates":[-69.1333333333333,47.7]}},{"type":"Feature","properties":{"en":"Saint-Honoré","fr":"Saint-Honoré"},"geometry":{"type":"Point","coordinates":[-71.083333333333,48.533333333333]}},{"type":"Feature","properties":{"en":"Saint-Hubert-de-Rivière-du-Loup","fr":"Saint-Hubert-de-Rivière-du-Loup"},"geometry":{"type":"Point","coordinates":[-69.15,47.8166666666667]}},{"type":"Feature","properties":{"en":"Saint-Hugues","fr":"Saint-Hugues"},"geometry":{"type":"Point","coordinates":[-72.8667,45.8]}},{"type":"Feature","properties":{"en":"Saint-Ignace-de-Loyola","fr":"Saint-Ignace-de-Loyola"},"geometry":{"type":"Point","coordinates":[-73.133333333333,46.066666666667]}},{"type":"Feature","properties":{"en":"Saint-Ignace-de-Stanbridge","fr":"Saint-Ignace-de-Stanbridge"},"geometry":{"type":"Point","coordinates":[-72.95,45.1667]}},{"type":"Feature","properties":{"en":"Saint-Irénée","fr":"Saint-Irénée"},"geometry":{"type":"Point","coordinates":[-70.2072222222222,47.5708333333333]}},{"type":"Feature","properties":{"en":"Saint-Isidore-de-Clifton","fr":"Saint-Isidore-de-Clifton"},"geometry":{"type":"Point","coordinates":[-71.516666666667,45.266666666667]}},{"type":"Feature","properties":{"en":"Saint-Isidore","fr":"Saint-Isidore"},"geometry":{"type":"Point","coordinates":[-71.1,46.5833]}},{"type":"Feature","properties":{"en":"Saint-Isidore","fr":"Saint-Isidore"},"geometry":{"type":"Point","coordinates":[-73.683333333333,45.3]}},{"type":"Feature","properties":{"en":"Saint-Jacques-de-Leeds","fr":"Saint-Jacques-de-Leeds"},"geometry":{"type":"Point","coordinates":[-71.35,46.2833]}},{"type":"Feature","properties":{"en":"Saint-Jacques-le-Majeur-de-Wolfestown","fr":"Saint-Jacques-le-Majeur-de-Wolfestown"},"geometry":{"type":"Point","coordinates":[-71.5,45.933333333333]}},{"type":"Feature","properties":{"en":"Saint-Jacques-le-Mineur","fr":"Saint-Jacques-le-Mineur"},"geometry":{"type":"Point","coordinates":[-73.4167,45.2833]}},{"type":"Feature","properties":{"en":"Saint-Jacques","fr":"Saint-Jacques"},"geometry":{"type":"Point","coordinates":[-73.5667,45.95]}},{"type":"Feature","properties":{"en":"Saint-Janvier-de-Joly","fr":"Saint-Janvier-de-Joly"},"geometry":{"type":"Point","coordinates":[-71.6667,46.4833]}},{"type":"Feature","properties":{"en":"Saint-Jean-Baptiste","fr":"Saint-Jean-Baptiste"},"geometry":{"type":"Point","coordinates":[-73.1167,45.5167]}},{"type":"Feature","properties":{"en":"Saint-Jean-Port-Joli","fr":"Saint-Jean-Port-Joli"},"geometry":{"type":"Point","coordinates":[-70.2667,47.2167]}},{"type":"Feature","properties":{"en":"Saint-Jean-de-Brébeuf","fr":"Saint-Jean-de-Brébeuf"},"geometry":{"type":"Point","coordinates":[-71.4667,46.1833]}},{"type":"Feature","properties":{"en":"Saint-Jean-de-Cherbourg","fr":"Saint-Jean-de-Cherbourg"},"geometry":{"type":"Point","coordinates":[-67.1167,48.85]}},{"type":"Feature","properties":{"en":"Saint-Jean-de-Dieu","fr":"Saint-Jean-de-Dieu"},"geometry":{"type":"Point","coordinates":[-69.05,48.0]}},{"type":"Feature","properties":{"en":"Saint-Jean-de-Matha","fr":"Saint-Jean-de-Matha"},"geometry":{"type":"Point","coordinates":[-73.533333333333,46.233333333333]}},{"type":"Feature","properties":{"en":"Saint-Jean-de-l'Île-d'Orléans","fr":"Saint-Jean-de-l'Île-d'Orléans"},"geometry":{"type":"Point","coordinates":[-70.9,46.916666666667]}},{"type":"Feature","properties":{"en":"Saint-Jean-de-la-Lande","fr":"Saint-Jean-de-la-Lande"},"geometry":{"type":"Point","coordinates":[-68.6833,47.4333]}},{"type":"Feature","properties":{"en":"Saint-Joachim-de-Shefford","fr":"Saint-Joachim-de-Shefford"},"geometry":{"type":"Point","coordinates":[-72.5333,45.45]}},{"type":"Feature","properties":{"en":"Saint-Joachim","fr":"Saint-Joachim"},"geometry":{"type":"Point","coordinates":[-70.85,47.05]}},{"type":"Feature","properties":{"en":"Saint-Joseph-de-Coleraine","fr":"Saint-Joseph-de-Coleraine"},"geometry":{"type":"Point","coordinates":[-71.366666666667,45.966666666667]}},{"type":"Feature","properties":{"en":"Saint-Joseph-de-Kamouraska","fr":"Saint-Joseph-de-Kamouraska"},"geometry":{"type":"Point","coordinates":[-69.6333,47.6167]}},{"type":"Feature","properties":{"en":"Saint-Joseph-de-Lepage","fr":"Saint-Joseph-de-Lepage"},"geometry":{"type":"Point","coordinates":[-68.1721856,48.5757865]}},{"type":"Feature","properties":{"en":"Saint-Joseph-des-Érables","fr":"Saint-Joseph-des-Érables"},"geometry":{"type":"Point","coordinates":[-70.9167,46.2833]}},{"type":"Feature","properties":{"en":"Saint-Joseph-du-Lac","fr":"Saint-Joseph-du-Lac"},"geometry":{"type":"Point","coordinates":[-74.0,45.5333]}},{"type":"Feature","properties":{"en":"Saint-Jude","fr":"Saint-Jude"},"geometry":{"type":"Point","coordinates":[-72.9833,45.7667]}},{"type":"Feature","properties":{"en":"Saint-Jules","fr":"Saint-Jules"},"geometry":{"type":"Point","coordinates":[-70.95,46.2167]}},{"type":"Feature","properties":{"en":"Saint-Julien","fr":"Saint-Julien"},"geometry":{"type":"Point","coordinates":[-71.533333333333,46.0]}},{"type":"Feature","properties":{"en":"Saint-Just-de-Bretenières","fr":"Saint-Just-de-Bretenières"},"geometry":{"type":"Point","coordinates":[-70.1,46.5667]}},{"type":"Feature","properties":{"en":"Saint-Juste-du-Lac","fr":"Saint-Juste-du-Lac"},"geometry":{"type":"Point","coordinates":[-68.75,47.65]}},{"type":"Feature","properties":{"en":"Saint-Justin","fr":"Saint-Justin"},"geometry":{"type":"Point","coordinates":[-73.0833,46.25]}},{"type":"Feature","properties":{"en":"Saint-Lambert-de-Lauzon","fr":"Saint-Lambert-de-Lauzon"},"geometry":{"type":"Point","coordinates":[-71.2,46.5833333333333]}},{"type":"Feature","properties":{"en":"Saint-Lambert","fr":"Saint-Lambert"},"geometry":{"type":"Point","coordinates":[-79.4667,48.95]}},{"type":"Feature","properties":{"en":"Saint-Laurent-de-l'Île-d'Orléans","fr":"Saint-Laurent-de-l'Île-d'Orléans"},"geometry":{"type":"Point","coordinates":[-71.016666666667,46.866666666667]}},{"type":"Feature","properties":{"en":"Saint-Lazare-de-Bellechasse","fr":"Saint-Lazare-de-Bellechasse"},"geometry":{"type":"Point","coordinates":[-70.8,46.65]}},{"type":"Feature","properties":{"en":"Saint-Liboire","fr":"Saint-Liboire"},"geometry":{"type":"Point","coordinates":[-72.7667,45.65]}},{"type":"Feature","properties":{"en":"Saint-Liguori","fr":"Saint-Liguori"},"geometry":{"type":"Point","coordinates":[-73.5667,46.0167]}},{"type":"Feature","properties":{"en":"Saint-Louis-de-Blandford","fr":"Saint-Louis-de-Blandford"},"geometry":{"type":"Point","coordinates":[-72.0,46.25]}},{"type":"Feature","properties":{"en":"Saint-Louis-de-Gonzague","fr":"Saint-Louis-de-Gonzague"},"geometry":{"type":"Point","coordinates":[-70.3333,46.2667]}},{"type":"Feature","properties":{"en":"Saint-Louis","fr":"Saint-Louis"},"geometry":{"type":"Point","coordinates":[-72.9833,45.85]}},{"type":"Feature","properties":{"en":"Saint-Luc-de-Bellechasse","fr":"Saint-Luc-de-Bellechasse"},"geometry":{"type":"Point","coordinates":[-70.4833,46.5]}},{"type":"Feature","properties":{"en":"Saint-Luc-de-Vincennes","fr":"Saint-Luc-de-Vincennes"},"geometry":{"type":"Point","coordinates":[-72.4167,46.5]}},{"type":"Feature","properties":{"en":"Saint-Lucien","fr":"Saint-Lucien"},"geometry":{"type":"Point","coordinates":[-72.2667,45.8667]}},{"type":"Feature","properties":{"en":"Saint-Ludger","fr":"Saint-Ludger"},"geometry":{"type":"Point","coordinates":[-70.7,45.75]}},{"type":"Feature","properties":{"en":"Saint-Léandre","fr":"Saint-Léandre"},"geometry":{"type":"Point","coordinates":[-67.6,48.7333]}},{"type":"Feature","properties":{"en":"Saint-Léon-de-Standon","fr":"Saint-Léon-de-Standon"},"geometry":{"type":"Point","coordinates":[-70.6167,46.4833]}},{"type":"Feature","properties":{"en":"Saint-Léon-le-Grand","fr":"Saint-Léon-le-Grand"},"geometry":{"type":"Point","coordinates":[-67.5,48.3833]}},{"type":"Feature","properties":{"en":"Saint-Léon-le-Grand","fr":"Saint-Léon-le-Grand"},"geometry":{"type":"Point","coordinates":[-72.9358333333333,46.3130555555556]}},{"type":"Feature","properties":{"en":"Saint-Léonard-de-Portneuf","fr":"Saint-Léonard-de-Portneuf"},"geometry":{"type":"Point","coordinates":[-71.9167,46.8833]}},{"type":"Feature","properties":{"en":"Saint-Magloire","fr":"Saint-Magloire"},"geometry":{"type":"Point","coordinates":[-70.2833,46.5833]}},{"type":"Feature","properties":{"en":"Saint-Majorique-de-Grantham","fr":"Saint-Majorique-de-Grantham"},"geometry":{"type":"Point","coordinates":[-72.5833,45.9333]}},{"type":"Feature","properties":{"en":"Saint-Malo","fr":"Saint-Malo"},"geometry":{"type":"Point","coordinates":[-71.5,45.2]}},{"type":"Feature","properties":{"en":"Saint-Marc-de-Figuery","fr":"Saint-Marc-de-Figuery"},"geometry":{"type":"Point","coordinates":[-78.05,48.4667]}},{"type":"Feature","properties":{"en":"Saint-Marc-du-Lac-Long","fr":"Saint-Marc-du-Lac-Long"},"geometry":{"type":"Point","coordinates":[-68.9,47.3833]}},{"type":"Feature","properties":{"en":"Saint-Marc-sur-Richelieu","fr":"Saint-Marc-sur-Richelieu"},"geometry":{"type":"Point","coordinates":[-73.2,45.6833]}},{"type":"Feature","properties":{"en":"Saint-Marcel-de-Richelieu","fr":"Saint-Marcel-de-Richelieu"},"geometry":{"type":"Point","coordinates":[-72.9,45.8667]}},{"type":"Feature","properties":{"en":"Saint-Marcellin","fr":"Saint-Marcellin"},"geometry":{"type":"Point","coordinates":[-68.3,48.333333333333]}},{"type":"Feature","properties":{"en":"Saint-Martin","fr":"Saint-Martin"},"geometry":{"type":"Point","coordinates":[-70.65,45.9667]}},{"type":"Feature","properties":{"en":"Saint-Mathias-sur-Richelieu","fr":"Saint-Mathias-sur-Richelieu"},"geometry":{"type":"Point","coordinates":[-73.2667,45.4667]}},{"type":"Feature","properties":{"en":"Saint-Mathieu-d'Harricana","fr":"Saint-Mathieu-d'Harricana"},"geometry":{"type":"Point","coordinates":[-78.1333,48.4667]}},{"type":"Feature","properties":{"en":"Saint-Mathieu-de-Beloeil","fr":"Saint-Mathieu-de-Belœil"},"geometry":{"type":"Point","coordinates":[-73.2,45.5667]}},{"type":"Feature","properties":{"en":"Saint-Mathieu-du-Parc","fr":"Saint-Mathieu-du-Parc"},"geometry":{"type":"Point","coordinates":[-72.9166666666667,46.5666666666667]}},{"type":"Feature","properties":{"en":"Saint-Mathieu","fr":"Saint-Mathieu"},"geometry":{"type":"Point","coordinates":[-73.516388888889,45.316666666667]}},{"type":"Feature","properties":{"en":"Saint-Maurice","fr":"Saint-Maurice"},"geometry":{"type":"Point","coordinates":[-72.5333,46.4667]}},{"type":"Feature","properties":{"en":"Saint-Maxime-du-Mont-Louis","fr":"Saint-Maxime-du-Mont-Louis"},"geometry":{"type":"Point","coordinates":[-65.733333333333,49.233333333333]}},{"type":"Feature","properties":{"en":"Saint-Michel-de-Bellechasse","fr":"Saint-Michel-de-Bellechasse"},"geometry":{"type":"Point","coordinates":[-70.9167,46.8667]}},{"type":"Feature","properties":{"en":"Saint-Michel-des-Saints","fr":"Saint-Michel-des-Saints"},"geometry":{"type":"Point","coordinates":[-73.9167,46.6833]}},{"type":"Feature","properties":{"en":"Saint-Michel-du-Squatec","fr":"Saint-Michel-du-Squatec"},"geometry":{"type":"Point","coordinates":[-68.716666666667,47.883333333333]}},{"type":"Feature","properties":{"en":"Saint-Michel","fr":"Saint-Michel"},"geometry":{"type":"Point","coordinates":[-73.5666666666667,45.2333333333333]}},{"type":"Feature","properties":{"en":"Saint-Modeste","fr":"Saint-Modeste"},"geometry":{"type":"Point","coordinates":[-69.4,47.8333]}},{"type":"Feature","properties":{"en":"Saint-Moïse","fr":"Saint-Moïse"},"geometry":{"type":"Point","coordinates":[-67.8509657,48.5510745]}},{"type":"Feature","properties":{"en":"Saint-Médard","fr":"Saint-Médard"},"geometry":{"type":"Point","coordinates":[-68.9,48.0333]}},{"type":"Feature","properties":{"en":"Saint-Narcisse","fr":"Saint-Narcisse"},"geometry":{"type":"Point","coordinates":[-72.4667,46.5667]}},{"type":"Feature","properties":{"en":"Saint-Narcisse-de-Beaurivage","fr":"Saint-Narcisse-de-Beaurivage"},"geometry":{"type":"Point","coordinates":[-71.2333,46.4833]}},{"type":"Feature","properties":{"en":"Saint-Narcisse-de-Rimouski","fr":"Saint-Narcisse-de-Rimouski"},"geometry":{"type":"Point","coordinates":[-68.433333333333,48.283333333333]}},{"type":"Feature","properties":{"en":"Saint-Nazaire-d'Acton","fr":"Saint-Nazaire-d'Acton"},"geometry":{"type":"Point","coordinates":[-72.6167,45.7333]}},{"type":"Feature","properties":{"en":"Saint-Nazaire-de-Dorchester","fr":"Saint-Nazaire-de-Dorchester"},"geometry":{"type":"Point","coordinates":[-70.6667,46.55]}},{"type":"Feature","properties":{"en":"Saint-Nazaire","fr":"Saint-Nazaire"},"geometry":{"type":"Point","coordinates":[-71.533333333333,48.583333333333]}},{"type":"Feature","properties":{"en":"Saint-Norbert-d'Arthabaska","fr":"Saint-Norbert-d'Arthabaska"},"geometry":{"type":"Point","coordinates":[-71.8167,46.1]}},{"type":"Feature","properties":{"en":"Saint-Norbert","fr":"Saint-Norbert"},"geometry":{"type":"Point","coordinates":[-73.3167,46.1667]}},{"type":"Feature","properties":{"en":"Saint-Noël","fr":"Saint-Noël"},"geometry":{"type":"Point","coordinates":[-67.8333,48.5833]}},{"type":"Feature","properties":{"en":"Saint-Nérée-de-Bellechasse","fr":"Saint-Nérée-de-Bellechasse"},"geometry":{"type":"Point","coordinates":[-70.7167,46.7333]}},{"type":"Feature","properties":{"en":"Saint-Omer","fr":"Saint-Omer"},"geometry":{"type":"Point","coordinates":[-69.7333,47.05]}},{"type":"Feature","properties":{"en":"Saint-Onésime-d'Ixworth","fr":"Saint-Onésime-d'Ixworth"},"geometry":{"type":"Point","coordinates":[-69.9333,47.3]}},{"type":"Feature","properties":{"en":"Saint-Patrice-de-Beaurivage","fr":"Saint-Patrice-de-Beaurivage"},"geometry":{"type":"Point","coordinates":[-71.2333,46.4167]}},{"type":"Feature","properties":{"en":"Saint-Patrice-de-Sherrington","fr":"Saint-Patrice-de-Sherrington"},"geometry":{"type":"Point","coordinates":[-73.5166666666667,45.1666666666667]}},{"type":"Feature","properties":{"en":"Saint-Paul-d'Abbotsford","fr":"Saint-Paul-d'Abbotsford"},"geometry":{"type":"Point","coordinates":[-72.8833,45.4333]}},{"type":"Feature","properties":{"en":"Saint-Paul-de-Montminy","fr":"Saint-Paul-de-Montminy"},"geometry":{"type":"Point","coordinates":[-70.3667,46.7333]}},{"type":"Feature","properties":{"en":"Saint-Paul-de-l'Île-aux-Noix","fr":"Saint-Paul-de-l'Île-aux-Noix"},"geometry":{"type":"Point","coordinates":[-73.2833,45.1333]}},{"type":"Feature","properties":{"en":"Saint-Paul-de-la-Croix","fr":"Saint-Paul-de-la-Croix"},"geometry":{"type":"Point","coordinates":[-69.2,47.95]}},{"type":"Feature","properties":{"en":"Saint-Paulin","fr":"Saint-Paulin"},"geometry":{"type":"Point","coordinates":[-73.0333,46.4167]}},{"type":"Feature","properties":{"en":"Saint-Philibert","fr":"Saint-Philibert"},"geometry":{"type":"Point","coordinates":[-70.55,46.1333]}},{"type":"Feature","properties":{"en":"Saint-Philippe-de-Néri","fr":"Saint-Philippe-de-Néri"},"geometry":{"type":"Point","coordinates":[-69.8833,47.4667]}},{"type":"Feature","properties":{"en":"Saint-Philippe","fr":"Saint-Philippe"},"geometry":{"type":"Point","coordinates":[-73.466666666667,45.35]}},{"type":"Feature","properties":{"en":"Saint-Philémon","fr":"Saint-Philémon"},"geometry":{"type":"Point","coordinates":[-70.45,46.6833]}},{"type":"Feature","properties":{"en":"Saint-Pie-de-Guire","fr":"Saint-Pie-de-Guire"},"geometry":{"type":"Point","coordinates":[-72.75,46.0]}},{"type":"Feature","properties":{"en":"Saint-Pierre-Baptiste","fr":"Saint-Pierre-Baptiste"},"geometry":{"type":"Point","coordinates":[-71.6167,46.2]}},{"type":"Feature","properties":{"en":"Saint-Pierre-de-Broughton","fr":"Saint-Pierre-de-Broughton"},"geometry":{"type":"Point","coordinates":[-71.2,46.25]}},{"type":"Feature","properties":{"en":"Saint-Pierre-de-Lamy","fr":"Saint-Pierre-de-Lamy"},"geometry":{"type":"Point","coordinates":[-69.0,47.7833333333333]}},{"type":"Feature","properties":{"en":"Saint-Pierre-de-l'Île-d'Orléans","fr":"Saint-Pierre-de-l'Île-d'Orléans"},"geometry":{"type":"Point","coordinates":[-71.0667,46.8833]}},{"type":"Feature","properties":{"en":"Saint-Pierre-de-la-Rivière-du-Sud","fr":"Saint-Pierre-de-la-Rivière-du-Sud"},"geometry":{"type":"Point","coordinates":[-70.6333,46.9167]}},{"type":"Feature","properties":{"en":"Saint-Pierre-les-Becquets","fr":"Saint-Pierre-les-Becquets"},"geometry":{"type":"Point","coordinates":[-72.2,46.5]}},{"type":"Feature","properties":{"en":"Saint-Pierre","fr":"Saint-Pierre"},"geometry":{"type":"Point","coordinates":[-73.4667,46.0167]}},{"type":"Feature","properties":{"en":"Saint-Placide","fr":"Saint-Placide"},"geometry":{"type":"Point","coordinates":[-74.2,45.5333]}},{"type":"Feature","properties":{"en":"Saint-Polycarpe","fr":"Saint-Polycarpe"},"geometry":{"type":"Point","coordinates":[-74.3,45.3]}},{"type":"Feature","properties":{"en":"Saint-Prime","fr":"Saint-Prime"},"geometry":{"type":"Point","coordinates":[-72.333333333333,48.583333333333]}},{"type":"Feature","properties":{"en":"Saint-Prosper-de-Champlain","fr":"Saint-Prosper-de-Champlain"},"geometry":{"type":"Point","coordinates":[-72.2833,46.6167]}},{"type":"Feature","properties":{"en":"Saint-Raphaël","fr":"Saint-Raphaël"},"geometry":{"type":"Point","coordinates":[-70.75,46.8]}},{"type":"Feature","properties":{"en":"Saint-René","fr":"Saint-René"},"geometry":{"type":"Point","coordinates":[-70.6167,46.0167]}},{"type":"Feature","properties":{"en":"Saint-René-de-Matane","fr":"Saint-René-de-Matane"},"geometry":{"type":"Point","coordinates":[-67.3833,48.7]}},{"type":"Feature","properties":{"en":"Saint-Robert-Bellarmin","fr":"Saint-Robert-Bellarmin"},"geometry":{"type":"Point","coordinates":[-70.583333333333,45.75]}},{"type":"Feature","properties":{"en":"Saint-Robert","fr":"Saint-Robert"},"geometry":{"type":"Point","coordinates":[-73.0,45.9667]}},{"type":"Feature","properties":{"en":"Saint-Roch-Ouest","fr":"Saint-Roch-Ouest"},"geometry":{"type":"Point","coordinates":[-73.65,45.85]}},{"type":"Feature","properties":{"en":"Saint-Roch-de-Mékinac","fr":"Saint-Roch-de-Mékinac"},"geometry":{"type":"Point","coordinates":[-72.7667,46.8167]}},{"type":"Feature","properties":{"en":"Saint-Roch-de-Richelieu","fr":"Saint-Roch-de-Richelieu"},"geometry":{"type":"Point","coordinates":[-73.1667,45.8833]}},{"type":"Feature","properties":{"en":"Saint-Roch-de-l'Achigan","fr":"Saint-Roch-de-l'Achigan"},"geometry":{"type":"Point","coordinates":[-73.6,45.85]}},{"type":"Feature","properties":{"en":"Saint-Roch-des-Aulnaies","fr":"Saint-Roch-des-Aulnaies"},"geometry":{"type":"Point","coordinates":[-70.175,47.3097222222222]}},{"type":"Feature","properties":{"en":"Saint-Romain","fr":"Saint-Romain"},"geometry":{"type":"Point","coordinates":[-71.1,45.783333333333]}},{"type":"Feature","properties":{"en":"Saint-Rosaire","fr":"Saint-Rosaire"},"geometry":{"type":"Point","coordinates":[-72.0333,46.1667]}},{"type":"Feature","properties":{"en":"Saint-Rémi-de-Tingwick","fr":"Saint-Rémi-de-Tingwick"},"geometry":{"type":"Point","coordinates":[-71.8167,45.8667]}},{"type":"Feature","properties":{"en":"Saint-Samuel","fr":"Saint-Samuel"},"geometry":{"type":"Point","coordinates":[-72.2167,46.0667]}},{"type":"Feature","properties":{"en":"Saint-Simon-les-Mines","fr":"Saint-Simon-les-Mines"},"geometry":{"type":"Point","coordinates":[-70.6833,46.2167]}},{"type":"Feature","properties":{"en":"Saint-Simon-de-Rimouski","fr":"Saint-Simon-de-Rimouski"},"geometry":{"type":"Point","coordinates":[-69.05,48.2]}},{"type":"Feature","properties":{"en":"Saint-Simon","fr":"Saint-Simon"},"geometry":{"type":"Point","coordinates":[-72.8667,45.7333]}},{"type":"Feature","properties":{"en":"Saint-Siméon","fr":"Saint-Siméon"},"geometry":{"type":"Point","coordinates":[-65.5708333333333,48.0716666666667]}},{"type":"Feature","properties":{"en":"Saint-Siméon","fr":"Saint-Siméon"},"geometry":{"type":"Point","coordinates":[-69.883333333333,47.833333333333]}},{"type":"Feature","properties":{"en":"Saint-Sixte","fr":"Saint-Sixte"},"geometry":{"type":"Point","coordinates":[-75.2166666666667,45.7]}},{"type":"Feature","properties":{"en":"Saint-Stanislas-de-Kostka","fr":"Saint-Stanislas-de-Kostka"},"geometry":{"type":"Point","coordinates":[-74.133333333333,45.183333333333]}},{"type":"Feature","properties":{"en":"Saint-Stanislas","fr":"Saint-Stanislas"},"geometry":{"type":"Point","coordinates":[-72.4,46.6167]}},{"type":"Feature","properties":{"en":"Saint-Stanislas","fr":"Saint-Stanislas"},"geometry":{"type":"Point","coordinates":[-72.183333333333,49.0]}},{"type":"Feature","properties":{"en":"Saint-Sulpice","fr":"Saint-Sulpice"},"geometry":{"type":"Point","coordinates":[-73.35,45.833333333333]}},{"type":"Feature","properties":{"en":"Saint-Sylvère","fr":"Saint-Sylvère"},"geometry":{"type":"Point","coordinates":[-72.2167,46.2333]}},{"type":"Feature","properties":{"en":"Saint-Sébastien","fr":"Saint-Sébastien"},"geometry":{"type":"Point","coordinates":[-73.15,45.1166666666667]}},{"type":"Feature","properties":{"en":"Saint-Sébastien","fr":"Saint-Sébastien"},"geometry":{"type":"Point","coordinates":[-70.966666666667,45.783333333333]}},{"type":"Feature","properties":{"en":"Saint-Séverin","fr":"Saint-Séverin"},"geometry":{"type":"Point","coordinates":[-71.05,46.3167]}},{"type":"Feature","properties":{"en":"Saint-Séverin","fr":"Saint-Séverin"},"geometry":{"type":"Point","coordinates":[-72.5,46.6667]}},{"type":"Feature","properties":{"en":"Saint-Sévère","fr":"Saint-Sévère"},"geometry":{"type":"Point","coordinates":[-72.9,46.35]}},{"type":"Feature","properties":{"en":"Saint-Tharcisius","fr":"Saint-Tharcisius"},"geometry":{"type":"Point","coordinates":[-67.3333,48.5333]}},{"type":"Feature","properties":{"en":"Saint-Thomas-Didyme","fr":"Saint-Thomas-Didyme"},"geometry":{"type":"Point","coordinates":[-72.666666666667,48.9]}},{"type":"Feature","properties":{"en":"Saint-Thomas","fr":"Saint-Thomas"},"geometry":{"type":"Point","coordinates":[-73.35,46.0167]}},{"type":"Feature","properties":{"en":"Saint-Thuribe","fr":"Saint-Thuribe"},"geometry":{"type":"Point","coordinates":[-72.1667,46.7167]}},{"type":"Feature","properties":{"en":"Saint-Théophile","fr":"Saint-Théophile"},"geometry":{"type":"Point","coordinates":[-70.4833,45.9333]}},{"type":"Feature","properties":{"en":"Saint-Ubalde","fr":"Saint-Ubalde"},"geometry":{"type":"Point","coordinates":[-72.2666667,46.75]}},{"type":"Feature","properties":{"en":"Saint-Ulric","fr":"Saint-Ulric"},"geometry":{"type":"Point","coordinates":[-67.7,48.7833]}},{"type":"Feature","properties":{"en":"Saint-Urbain-Premier","fr":"Saint-Urbain-Premier"},"geometry":{"type":"Point","coordinates":[-73.733333333333,45.216666666667]}},{"type":"Feature","properties":{"en":"Saint-Urbain","fr":"Saint-Urbain"},"geometry":{"type":"Point","coordinates":[-70.5333,47.55]}},{"type":"Feature","properties":{"en":"Saint-Valentin","fr":"Saint-Valentin"},"geometry":{"type":"Point","coordinates":[-73.3167,45.1333]}},{"type":"Feature","properties":{"en":"Saint-Vallier","fr":"Saint-Vallier"},"geometry":{"type":"Point","coordinates":[-70.8167,46.8833]}},{"type":"Feature","properties":{"en":"Saint-Valère","fr":"Saint-Valère"},"geometry":{"type":"Point","coordinates":[-72.1,46.0667]}},{"type":"Feature","properties":{"en":"Saint-Valérien-de-Milton","fr":"Saint-Valérien-de-Milton"},"geometry":{"type":"Point","coordinates":[-72.7167,45.5667]}},{"type":"Feature","properties":{"en":"Saint-Valérien","fr":"Saint-Valérien"},"geometry":{"type":"Point","coordinates":[-68.6667,48.3333]}},{"type":"Feature","properties":{"en":"Saint-Venant-de-Paquette","fr":"Saint-Venant-de-Paquette"},"geometry":{"type":"Point","coordinates":[-71.4616666666667,45.1247222222222]}},{"type":"Feature","properties":{"en":"Saint-Vianney","fr":"Saint-Vianney"},"geometry":{"type":"Point","coordinates":[-67.4167,48.6333]}},{"type":"Feature","properties":{"en":"Saint-Victor","fr":"Saint-Victor"},"geometry":{"type":"Point","coordinates":[-70.9036111111111,46.1463888888889]}},{"type":"Feature","properties":{"en":"Saint-Wenceslas","fr":"Saint-Wenceslas"},"geometry":{"type":"Point","coordinates":[-72.3333,46.1667]}},{"type":"Feature","properties":{"en":"Saint-Zacharie","fr":"Saint-Zacharie"},"geometry":{"type":"Point","coordinates":[-70.3630555555556,46.1263888888889]}},{"type":"Feature","properties":{"en":"Saint-Zotique","fr":"Saint-Zotique"},"geometry":{"type":"Point","coordinates":[-74.25,45.25]}},{"type":"Feature","properties":{"en":"Saint-Zénon","fr":"Saint-Zénon"},"geometry":{"type":"Point","coordinates":[-73.8167,46.55]}},{"type":"Feature","properties":{"en":"Saint-Zénon-du-Lac-Humqui","fr":"Saint-Zénon-du-Lac-Humqui"},"geometry":{"type":"Point","coordinates":[-67.5833,48.3]}},{"type":"Feature","properties":{"en":"Saint-Édouard-de-Lotbinière","fr":"Saint-Édouard-de-Lotbinière"},"geometry":{"type":"Point","coordinates":[-71.8333,46.5667]}},{"type":"Feature","properties":{"en":"Saint-Édouard-de-Maskinongé","fr":"Saint-Édouard-de-Maskinongé"},"geometry":{"type":"Point","coordinates":[-73.15,46.3333]}},{"type":"Feature","properties":{"en":"Saint-Édouard","fr":"Saint-Édouard"},"geometry":{"type":"Point","coordinates":[-73.5167,45.2333]}},{"type":"Feature","properties":{"en":"Saint-Élie-de-Caxton","fr":"Saint-Élie-de-Caxton"},"geometry":{"type":"Point","coordinates":[-72.9667,46.4833]}},{"type":"Feature","properties":{"en":"Saint-Émile-de-Suffolk","fr":"Saint-Émile-de-Suffolk"},"geometry":{"type":"Point","coordinates":[-74.9167,45.9333]}},{"type":"Feature","properties":{"en":"Saint-Éphrem-de-Beauce","fr":"Saint-Éphrem-de-Beauce"},"geometry":{"type":"Point","coordinates":[-70.95,46.0667]}},{"type":"Feature","properties":{"en":"Saint-Épiphane","fr":"Saint-Épiphane"},"geometry":{"type":"Point","coordinates":[-69.3333,47.9]}},{"type":"Feature","properties":{"en":"Saint-Étienne-de-Beauharnois","fr":"Saint-Étienne-de-Beauharnois"},"geometry":{"type":"Point","coordinates":[-73.916666666667,45.25]}},{"type":"Feature","properties":{"en":"Saint-Étienne-de-Bolton","fr":"Saint-Étienne-de-Bolton"},"geometry":{"type":"Point","coordinates":[-72.366666666667,45.266666666667]}},{"type":"Feature","properties":{"en":"Saint-Étienne-des-Grès","fr":"Saint-Étienne-des-Grès"},"geometry":{"type":"Point","coordinates":[-72.7667,46.4333]}},{"type":"Feature","properties":{"en":"Sainte-Agathe-de-Lotbinière","fr":"Sainte-Agathe-de-Lotbinière"},"geometry":{"type":"Point","coordinates":[-71.4167,46.3833]}},{"type":"Feature","properties":{"en":"Sainte-Angèle-de-Monnoir","fr":"Sainte-Angèle-de-Monnoir"},"geometry":{"type":"Point","coordinates":[-73.1,45.3833]}},{"type":"Feature","properties":{"en":"Sainte-Angèle-de-Mérici","fr":"Sainte-Angèle-de-Mérici"},"geometry":{"type":"Point","coordinates":[-68.0851825,48.525602]}},{"type":"Feature","properties":{"en":"Sainte-Angèle-de-Prémont","fr":"Sainte-Angèle-de-Prémont"},"geometry":{"type":"Point","coordinates":[-73.05,46.3667]}},{"type":"Feature","properties":{"en":"Sainte-Anne-de-Sabrevois","fr":"Sainte-Anne-de-Sabrevois"},"geometry":{"type":"Point","coordinates":[-73.2167,45.2]}},{"type":"Feature","properties":{"en":"Sainte-Anne-de-la-Pérade","fr":"Sainte-Anne-de-la-Pérade"},"geometry":{"type":"Point","coordinates":[-72.2,46.5833]}},{"type":"Feature","properties":{"en":"Sainte-Anne-de-la-Rochelle","fr":"Sainte-Anne-de-la-Rochelle"},"geometry":{"type":"Point","coordinates":[-72.4,45.4]}},{"type":"Feature","properties":{"en":"Sainte-Anne-des-Lacs","fr":"Sainte-Anne-des-Lacs"},"geometry":{"type":"Point","coordinates":[-74.1333,45.85]}},{"type":"Feature","properties":{"en":"Sainte-Anne-du-Lac","fr":"Sainte-Anne-du-Lac"},"geometry":{"type":"Point","coordinates":[-75.3333,46.8833]}},{"type":"Feature","properties":{"en":"Sainte-Apolline-de-Patton","fr":"Sainte-Apolline-de-Patton"},"geometry":{"type":"Point","coordinates":[-70.2,46.8]}},{"type":"Feature","properties":{"en":"Sainte-Aurélie","fr":"Sainte-Aurélie"},"geometry":{"type":"Point","coordinates":[-70.3667,46.1833]}},{"type":"Feature","properties":{"en":"Sainte-Barbe","fr":"Sainte-Barbe"},"geometry":{"type":"Point","coordinates":[-74.2,45.1667]}},{"type":"Feature","properties":{"en":"Sainte-Brigide-d'Iberville","fr":"Sainte-Brigide-d'Iberville"},"geometry":{"type":"Point","coordinates":[-73.0667,45.3167]}},{"type":"Feature","properties":{"en":"Sainte-Brigitte-de-Laval","fr":"Sainte-Brigitte-de-Laval"},"geometry":{"type":"Point","coordinates":[-71.2,47.0]}},{"type":"Feature","properties":{"en":"Sainte-Brigitte-des-Saults","fr":"Sainte-Brigitte-des-Saults"},"geometry":{"type":"Point","coordinates":[-72.4833,46.0333]}},{"type":"Feature","properties":{"en":"Sainte-Béatrix","fr":"Sainte-Béatrix"},"geometry":{"type":"Point","coordinates":[-73.6167,46.2]}},{"type":"Feature","properties":{"en":"Sainte-Catherine-de-Hatley","fr":"Sainte-Catherine-de-Hatley"},"geometry":{"type":"Point","coordinates":[-72.05,45.25]}},{"type":"Feature","properties":{"en":"Sainte-Christine-d'Auvergne","fr":"Sainte-Christine-d'Auvergne"},"geometry":{"type":"Point","coordinates":[-71.9667,46.8167]}},{"type":"Feature","properties":{"en":"Sainte-Claire","fr":"Sainte-Claire"},"geometry":{"type":"Point","coordinates":[-70.8667,46.6]}},{"type":"Feature","properties":{"en":"Sainte-Christine","fr":"Sainte-Christine"},"geometry":{"type":"Point","coordinates":[-72.4167,45.6167]}},{"type":"Feature","properties":{"en":"Sainte-Clotilde-de-Beauce","fr":"Sainte-Clotilde-de-Beauce"},"geometry":{"type":"Point","coordinates":[-71.0333333333333,46.1333333333333]}},{"type":"Feature","properties":{"en":"Sainte-Clotilde-de-Horton","fr":"Sainte-Clotilde-de-Horton"},"geometry":{"type":"Point","coordinates":[-72.2333,45.9833]}},{"type":"Feature","properties":{"en":"Sainte-Clotilde","fr":"Sainte-Clotilde"},"geometry":{"type":"Point","coordinates":[-73.6833333333333,45.15]}},{"type":"Feature","properties":{"en":"Sainte-Croix","fr":"Sainte-Croix"},"geometry":{"type":"Point","coordinates":[-71.733333333333,46.616666666667]}},{"type":"Feature","properties":{"en":"Sainte-Cécile-de-Lévrard","fr":"Sainte-Cécile-de-Lévrard"},"geometry":{"type":"Point","coordinates":[-72.166666666667,46.466666666667]}},{"type":"Feature","properties":{"en":"Sainte-Cécile-de-Whitton","fr":"Sainte-Cécile-de-Whitton"},"geometry":{"type":"Point","coordinates":[-70.9333,45.6667]}},{"type":"Feature","properties":{"en":"Sainte-Edwidge-de-Clifton","fr":"Sainte-Edwidge-de-Clifton"},"geometry":{"type":"Point","coordinates":[-71.683333333333,45.2]}},{"type":"Feature","properties":{"en":"Sainte-Eulalie","fr":"Sainte-Eulalie"},"geometry":{"type":"Point","coordinates":[-72.25,46.1]}},{"type":"Feature","properties":{"en":"Sainte-Euphémie-sur-Rivière-du-Sud","fr":"Sainte-Euphémie-sur-Rivière-du-Sud"},"geometry":{"type":"Point","coordinates":[-70.4333,46.7667]}},{"type":"Feature","properties":{"en":"Sainte-Famille-de-l'Île-d’Orléans","fr":"Sainte-Famille-de-l'Île-d'Orléans"},"geometry":{"type":"Point","coordinates":[-70.9667,46.9667]}},{"type":"Feature","properties":{"en":"Sainte-Flavie","fr":"Sainte-Flavie"},"geometry":{"type":"Point","coordinates":[-68.2312863,48.6108658]}},{"type":"Feature","properties":{"en":"Sainte-Florence","fr":"Sainte-Florence"},"geometry":{"type":"Point","coordinates":[-67.2426057,48.2653246]}},{"type":"Feature","properties":{"en":"Sainte‐Françoise","fr":"Sainte‐Françoise"},"geometry":{"type":"Point","coordinates":[-69.066666666667,48.1]}},{"type":"Feature","properties":{"en":"Sainte-Félicité","fr":"Sainte-Félicité"},"geometry":{"type":"Point","coordinates":[-67.3333,48.9]}},{"type":"Feature","properties":{"en":"Sainte-Félicité","fr":"Sainte-Félicité"},"geometry":{"type":"Point","coordinates":[-69.94297,46.96497]}},{"type":"Feature","properties":{"en":"Sainte-Geneviève-de-Batiscan","fr":"Sainte-Geneviève-de-Batiscan"},"geometry":{"type":"Point","coordinates":[-72.3333,46.5333]}},{"type":"Feature","properties":{"en":"Sainte-Geneviève-de-Berthier","fr":"Sainte-Geneviève-de-Berthier"},"geometry":{"type":"Point","coordinates":[-73.2167,46.0833]}},{"type":"Feature","properties":{"en":"Sainte-Germaine-Boulé","fr":"Sainte-Germaine-Boulé"},"geometry":{"type":"Point","coordinates":[-79.1167,48.6]}},{"type":"Feature","properties":{"en":"Sainte-Gertrude-Manneville","fr":"Sainte-Gertrude-Manneville"},"geometry":{"type":"Point","coordinates":[-78.3667,48.5333]}},{"type":"Feature","properties":{"en":"Sainte-Hedwidge","fr":"Sainte-Hedwidge"},"geometry":{"type":"Point","coordinates":[-72.35,48.483333333333]}},{"type":"Feature","properties":{"en":"Sainte-Hélène-de-Bagot","fr":"Sainte-Hélène-de-Bagot"},"geometry":{"type":"Point","coordinates":[-72.7333,45.7333]}},{"type":"Feature","properties":{"en":"Sainte-Hélène-de-Chester","fr":"Sainte-Hélène-de-Chester"},"geometry":{"type":"Point","coordinates":[-71.7,46.0333]}},{"type":"Feature","properties":{"en":"Sainte-Hélène-de-Mancebourg","fr":"Sainte-Hélène-de-Mancebourg"},"geometry":{"type":"Point","coordinates":[-79.3,48.7333]}},{"type":"Feature","properties":{"en":"Sainte-Hélène-de-Kamouraska","fr":"Sainte-Hélène-de-Kamouraska"},"geometry":{"type":"Point","coordinates":[-69.7333,47.6]}},{"type":"Feature","properties":{"en":"Sainte-Hénédine","fr":"Sainte-Hénédine"},"geometry":{"type":"Point","coordinates":[-70.9833,46.55]}},{"type":"Feature","properties":{"en":"Sainte-Irène","fr":"Sainte-Irène"},"geometry":{"type":"Point","coordinates":[-67.5937306,48.4356675]}},{"type":"Feature","properties":{"en":"Sainte-Jeanne-d’Arc-de-la-Mitis","fr":"Sainte-Jeanne-d’Arc-de-la-Mitis"},"geometry":{"type":"Point","coordinates":[-67.9615137,48.4955595]}},{"type":"Feature","properties":{"en":"Sainte-Jeanne-d'Arc","fr":"Sainte-Jeanne-d'Arc"},"geometry":{"type":"Point","coordinates":[-72.0939,48.8575]}},{"type":"Feature","properties":{"en":"Sainte-Julienne","fr":"Sainte-Julienne"},"geometry":{"type":"Point","coordinates":[-73.7166666666667,45.9666666666667]}},{"type":"Feature","properties":{"en":"Sainte-Justine-de-Newton","fr":"Sainte-Justine-de-Newton"},"geometry":{"type":"Point","coordinates":[-74.4167,45.3667]}},{"type":"Feature","properties":{"en":"Sainte-Justine","fr":"Sainte-Justine"},"geometry":{"type":"Point","coordinates":[-70.35,46.4]}},{"type":"Feature","properties":{"en":"Sainte-Louise","fr":"Sainte-Louise"},"geometry":{"type":"Point","coordinates":[-70.1333,47.2833]}},{"type":"Feature","properties":{"en":"Sainte-Luce","fr":"Sainte-Luce"},"geometry":{"type":"Point","coordinates":[-68.383333333333,48.55]}},{"type":"Feature","properties":{"en":"Sainte-Lucie-de-Beauregard","fr":"Sainte-Lucie-de-Beauregard"},"geometry":{"type":"Point","coordinates":[-70.0167,46.7333]}},{"type":"Feature","properties":{"en":"Sainte-Lucie-des-Laurentides","fr":"Sainte-Lucie-des-Laurentides"},"geometry":{"type":"Point","coordinates":[-74.183333333333,46.133333333333]}},{"type":"Feature","properties":{"en":"Sainte-Madeleine","fr":"Sainte-Madeleine"},"geometry":{"type":"Point","coordinates":[-73.1,45.6]}},{"type":"Feature","properties":{"en":"Sainte-Madeleine-de-la-Rivière-Madeleine","fr":"Sainte-Madeleine-de-la-Rivière-Madeleine"},"geometry":{"type":"Point","coordinates":[-65.3,49.233333333333]}},{"type":"Feature","properties":{"en":"Sainte-Marcelline-de-Kildare","fr":"Sainte-Marcelline-de-Kildare"},"geometry":{"type":"Point","coordinates":[-73.6,46.1167]}},{"type":"Feature","properties":{"en":"Sainte-Marguerite-Marie","fr":"Sainte-Marguerite-Marie"},"geometry":{"type":"Point","coordinates":[-67.0833,48.3167]}},{"type":"Feature","properties":{"en":"Sainte-Marguerite","fr":"Sainte-Marguerite"},"geometry":{"type":"Point","coordinates":[-70.9333,46.5167]}},{"type":"Feature","properties":{"en":"Sainte-Marie-Madeleine","fr":"Sainte-Marie-Madeleine"},"geometry":{"type":"Point","coordinates":[-73.1180555555556,45.5897222222222]}},{"type":"Feature","properties":{"en":"Sainte-Marie-Salomé","fr":"Sainte-Marie-Salomé"},"geometry":{"type":"Point","coordinates":[-73.5,45.9333]}},{"type":"Feature","properties":{"en":"Sainte-Marie-de-Blandford","fr":"Sainte-Marie-de-Blandford"},"geometry":{"type":"Point","coordinates":[-72.183333333333,46.316666666667]}},{"type":"Feature","properties":{"en":"Sainte-Marthe","fr":"Sainte-Marthe"},"geometry":{"type":"Point","coordinates":[-74.3,45.4]}},{"type":"Feature","properties":{"en":"Sainte-Monique","fr":"Sainte-Monique"},"geometry":{"type":"Point","coordinates":[-71.85,48.733333333333]}},{"type":"Feature","properties":{"en":"Sainte-Mélanie","fr":"Sainte-Mélanie"},"geometry":{"type":"Point","coordinates":[-73.5167,46.1333]}},{"type":"Feature","properties":{"en":"Sainte-Paule","fr":"Sainte-Paule"},"geometry":{"type":"Point","coordinates":[-67.5601643,48.6603138]}},{"type":"Feature","properties":{"en":"Sainte-Perpétue","fr":"Sainte-Perpétue"},"geometry":{"type":"Point","coordinates":[-69.9333,47.05]}},{"type":"Feature","properties":{"en":"Sainte-Perpétue","fr":"Sainte-Perpétue"},"geometry":{"type":"Point","coordinates":[-72.4667,46.0833]}},{"type":"Feature","properties":{"en":"Sainte-Praxède","fr":"Sainte-Praxède"},"geometry":{"type":"Point","coordinates":[-71.25,45.9]}},{"type":"Feature","properties":{"en":"Sainte-Pétronille","fr":"Sainte-Pétronille"},"geometry":{"type":"Point","coordinates":[-71.1358,46.8533]}},{"type":"Feature","properties":{"en":"Sainte-Rita","fr":"Sainte-Rita"},"geometry":{"type":"Point","coordinates":[-68.9166666666667,47.95]}},{"type":"Feature","properties":{"en":"Sainte-Rose-de-Watford","fr":"Sainte-Rose-de-Watford"},"geometry":{"type":"Point","coordinates":[-70.4167,46.3167]}},{"type":"Feature","properties":{"en":"Sainte-Rose-du-Nord","fr":"Sainte-Rose-du-Nord"},"geometry":{"type":"Point","coordinates":[-70.583333333333,48.383333333333]}},{"type":"Feature","properties":{"en":"Sainte-Sabine","fr":"Sainte-Sabine"},"geometry":{"type":"Point","coordinates":[-73.0167,45.2333]}},{"type":"Feature","properties":{"en":"Sainte-Sophie-d'Halifax","fr":"Sainte-Sophie-d'Halifax"},"geometry":{"type":"Point","coordinates":[-71.7167,46.15]}},{"type":"Feature","properties":{"en":"Sainte-Sophie-de-Lévrard","fr":"Sainte-Sophie-de-Lévrard"},"geometry":{"type":"Point","coordinates":[-72.116666666667,46.433333333333]}},{"type":"Feature","properties":{"en":"Sainte-Séraphine","fr":"Sainte-Séraphine"},"geometry":{"type":"Point","coordinates":[-72.1833,45.9167]}},{"type":"Feature","properties":{"en":"Sainte-Thècle","fr":"Sainte-Thècle"},"geometry":{"type":"Point","coordinates":[-72.5,46.8166666666667]}},{"type":"Feature","properties":{"en":"Sainte-Thérèse-de-Gaspé","fr":"Sainte-Thérèse-de-Gaspé"},"geometry":{"type":"Point","coordinates":[-64.416666666667,48.416666666667]}},{"type":"Feature","properties":{"en":"Sainte-Thérèse-de-la-Gatineau","fr":"Sainte-Thérèse-de-la-Gatineau"},"geometry":{"type":"Point","coordinates":[-75.8667,46.3]}},{"type":"Feature","properties":{"en":"Sainte-Ursule","fr":"Sainte-Ursule"},"geometry":{"type":"Point","coordinates":[-73.0333,46.2833]}},{"type":"Feature","properties":{"en":"Sainte-Élisabeth","fr":"Sainte-Élisabeth"},"geometry":{"type":"Point","coordinates":[-73.35,46.0833]}},{"type":"Feature","properties":{"en":"Sainte-Élizabeth-de-Warwick","fr":"Sainte-Élizabeth-de-Warwick"},"geometry":{"type":"Point","coordinates":[-72.0833,45.9167]}},{"type":"Feature","properties":{"en":"Sainte-Émélie-de-l'Énergie","fr":"Sainte-Émélie-de-l'Énergie"},"geometry":{"type":"Point","coordinates":[-73.65,46.3167]}},{"type":"Feature","properties":{"en":"Saints-Anges","fr":"Saints-Anges"},"geometry":{"type":"Point","coordinates":[-70.8833,46.4167]}},{"type":"Feature","properties":{"en":"Saints-Martyrs-Canadiens","fr":"Saints-Martyrs-Canadiens"},"geometry":{"type":"Point","coordinates":[-71.5333,45.85]}},{"type":"Feature","properties":{"en":"Salisbury","fr":"Salisbury"},"geometry":{"type":"Point","coordinates":[-65.0433333333333,46.0288888888889]}},{"type":"Feature","properties":{"en":"Salluit","fr":"Salluit"},"geometry":{"type":"Point","coordinates":[-75.63333333,62.13333333]}},{"type":"Feature","properties":{"en":"Sault-au-Cochon","fr":"Sault-au-Cochon"},"geometry":{"type":"Point","coordinates":[-70.633338,47.200005]}},{"type":"Feature","properties":{"en":"Scarborough Southwest","fr":"Scarborough-Sud-Ouest"},"geometry":{"type":"Point","coordinates":[-79.274,43.692]}},{"type":"Feature","properties":{"en":"Scott","fr":"Scott"},"geometry":{"type":"Point","coordinates":[-71.0667,46.5]}},{"type":"Feature","properties":{"en":"Sherwood Park","fr":"Sherwood Park"},"geometry":{"type":"Point","coordinates":[-113.308888888889,53.5233333333333]}},{"type":"Feature","properties":{"en":"Lambton Shores","fr":"Lambton Shores"},"geometry":{"type":"Point","coordinates":[-81.9,43.1833]}},{"type":"Feature","properties":{"en":"Senneterre","fr":"Senneterre"},"geometry":{"type":"Point","coordinates":[-77.25,48.3833]}},{"type":"Feature","properties":{"en":"Shannon","fr":"Shannon"},"geometry":{"type":"Point","coordinates":[-71.5167,46.8833]}},{"type":"Feature","properties":{"en":"Shawville","fr":"Shawville"},"geometry":{"type":"Point","coordinates":[-76.4916666666667,45.6033333333333]}},{"type":"Feature","properties":{"en":"Sheenboro","fr":"Sheenboro"},"geometry":{"type":"Point","coordinates":[-77.2333,45.9667]}},{"type":"Feature","properties":{"en":"Shefford","fr":"Shefford"},"geometry":{"type":"Point","coordinates":[-72.5667,45.35]}},{"type":"Feature","properties":{"en":"Municipality of the District of Shelburne","fr":"Shelburne"},"geometry":{"type":"Point","coordinates":[-65.2828,43.85]}},{"type":"Feature","properties":{"en":"Shigawake","fr":"Shigawake"},"geometry":{"type":"Point","coordinates":[-65.083333333333,48.1]}},{"type":"Feature","properties":{"en":"Central Elgin","fr":"Central Elgin"},"geometry":{"type":"Point","coordinates":[-81.1,42.7667]}},{"type":"Feature","properties":{"en":"West Grey","fr":"West Grey"},"geometry":{"type":"Point","coordinates":[-80.8167,44.1833]}},{"type":"Feature","properties":{"en":"Innisfil","fr":"Innisfil"},"geometry":{"type":"Point","coordinates":[-79.6180555555556,44.2747222222222]}},{"type":"Feature","properties":{"en":"Saugeen Shores","fr":"Saugeen Shores"},"geometry":{"type":"Point","coordinates":[-81.366666666667,44.433333333333]}},{"type":"Feature","properties":{"en":"New Tecumseth","fr":"New Tecumseth"},"geometry":{"type":"Point","coordinates":[-79.75,44.0833]}},{"type":"Feature","properties":{"en":"Huron East","fr":"Huron East"},"geometry":{"type":"Point","coordinates":[-81.2844444444444,43.625]}},{"type":"Feature","properties":{"en":"Trent Hills","fr":"Trent Hills"},"geometry":{"type":"Point","coordinates":[-77.851388888889,44.314166666667]}},{"type":"Feature","properties":{"en":"Newbury","fr":"Newbury"},"geometry":{"type":"Point","coordinates":[-81.7972,42.6833]}},{"type":"Feature","properties":{"en":"Thames Centre","fr":"Thames Centre"},"geometry":{"type":"Point","coordinates":[-81.083333333333,43.033333333333]}},{"type":"Feature","properties":{"en":"Grey Highlands","fr":"Grey Highlands"},"geometry":{"type":"Point","coordinates":[-80.5,44.3333]}},{"type":"Feature","properties":{"en":"Bradford West Gwillimbury","fr":"Bradford West Gwillimbury"},"geometry":{"type":"Point","coordinates":[-79.6333,44.1333]}},{"type":"Feature","properties":{"en":"South River","fr":"South River"},"geometry":{"type":"Point","coordinates":[-79.375,45.8417]}},{"type":"Feature","properties":{"en":"Spanish","fr":"Spanish"},"geometry":{"type":"Point","coordinates":[-82.3333,46.1833]}},{"type":"Feature","properties":{"en":"Meaford","fr":"Meaford"},"geometry":{"type":"Point","coordinates":[-80.733333333333,44.583333333333]}},{"type":"Feature","properties":{"en":"North Grenville","fr":"North Grenville"},"geometry":{"type":"Point","coordinates":[-75.65,44.9667]}},{"type":"Feature","properties":{"en":"Kincardine","fr":"Kincardine"},"geometry":{"type":"Point","coordinates":[-81.6347222222222,44.1694444444445]}},{"type":"Feature","properties":{"en":"South Bruce Peninsula","fr":"South Bruce Peninsula"},"geometry":{"type":"Point","coordinates":[-81.2,44.733333333333]}},{"type":"Feature","properties":{"en":"Erin","fr":"Erin"},"geometry":{"type":"Point","coordinates":[-80.0667,43.7667]}},{"type":"Feature","properties":{"en":"Île-à-la-Crosse","fr":"Île-à-la-Crosse"},"geometry":{"type":"Point","coordinates":[-107.883,55.45]}},{"type":"Feature","properties":{"en":"Stanbridge East","fr":"Stanbridge East"},"geometry":{"type":"Point","coordinates":[-72.9167,45.1167]}},{"type":"Feature","properties":{"en":"Stanbridge Station","fr":"Stanbridge Station"},"geometry":{"type":"Point","coordinates":[-73.0333,45.1167]}},{"type":"Feature","properties":{"en":"Stanstead-Est","fr":"Stanstead-Est"},"geometry":{"type":"Point","coordinates":[-72.05,45.1]}},{"type":"Feature","properties":{"en":"Stanstead","fr":"Stanstead"},"geometry":{"type":"Point","coordinates":[-72.133333333333,45.083333333333]}},{"type":"Feature","properties":{"en":"Stoke","fr":"Stoke"},"geometry":{"type":"Point","coordinates":[-71.8,45.533333333333]}},{"type":"Feature","properties":{"en":"Stornoway","fr":"Stornoway"},"geometry":{"type":"Point","coordinates":[-71.166666666667,45.716666666667]}},{"type":"Feature","properties":{"en":"Stratford","fr":"Stratford"},"geometry":{"type":"Point","coordinates":[-71.283333333333,45.783333333333]}},{"type":"Feature","properties":{"en":"Strathroy-Caradoc","fr":"Strathroy-Caradoc"},"geometry":{"type":"Point","coordinates":[-81.5330555555555,42.9108333333333]}},{"type":"Feature","properties":{"en":"Collingwood","fr":"Collingwood"},"geometry":{"type":"Point","coordinates":[-80.216666666667,44.5]}},{"type":"Feature","properties":{"en":"Stavely","fr":"Stavely"},"geometry":{"type":"Point","coordinates":[-113.646,50.165]}},{"type":"Feature","properties":{"en":"Taschereau","fr":"Taschereau"},"geometry":{"type":"Point","coordinates":[-78.6833,48.6667]}},{"type":"Feature","properties":{"en":"Tasiujaq","fr":"Tasiujaq"},"geometry":{"type":"Point","coordinates":[-69.9333,58.5]}},{"type":"Feature","properties":{"en":"Terrasse-Vaudreuil","fr":"Terrasse-Vaudreuil"},"geometry":{"type":"Point","coordinates":[-73.983333333333,45.4]}},{"type":"Feature","properties":{"en":"Unorganized North Sudbury District","fr":"territoire non organisé de Sudbury"},"geometry":{"type":"Point","coordinates":[-80.966666666667,46.5]}},{"type":"Feature","properties":{"en":"Adelaide Metcalfe","fr":"Adelaide-Metcalfe"},"geometry":{"type":"Point","coordinates":[-81.7,42.95]}},{"type":"Feature","properties":{"en":"Thorne","fr":"Thorne"},"geometry":{"type":"Point","coordinates":[-76.4333,45.75]}},{"type":"Feature","properties":{"en":"Timiskaming","fr":"Timiskaming"},"geometry":{"type":"Point","coordinates":[-79.4667,47.6333]}},{"type":"Feature","properties":{"en":"Tingwick","fr":"Tingwick"},"geometry":{"type":"Point","coordinates":[-71.95,45.8833333333333]}},{"type":"Feature","properties":{"en":"Tourville","fr":"Tourville"},"geometry":{"type":"Point","coordinates":[-69.9833,47.1]}},{"type":"Feature","properties":{"en":"Tracy","fr":"Tracy"},"geometry":{"type":"Point","coordinates":[-66.6667,45.6667]}},{"type":"Feature","properties":{"en":"Tring-Jonction","fr":"Tring-Jonction"},"geometry":{"type":"Point","coordinates":[-70.9833,46.2667]}},{"type":"Feature","properties":{"en":"Trois-Rives","fr":"Trois-Rives"},"geometry":{"type":"Point","coordinates":[-72.75,47.0]}},{"type":"Feature","properties":{"en":"Très-Saint-Rédempteur","fr":"Très-Saint-Rédempteur"},"geometry":{"type":"Point","coordinates":[-74.383333333333,45.433333333333]}},{"type":"Feature","properties":{"en":"Très-Saint-Sacrement","fr":"Très-Saint-Sacrement"},"geometry":{"type":"Point","coordinates":[-73.85,45.1833]}},{"type":"Feature","properties":{"en":"Trécesson","fr":"Trécesson"},"geometry":{"type":"Point","coordinates":[-78.3167,48.65]}},{"type":"Feature","properties":{"en":"Uashat","fr":"Uashat"},"geometry":{"type":"Point","coordinates":[-66.4,50.2167]}},{"type":"Feature","properties":{"en":"Ulverton","fr":"Ulverton"},"geometry":{"type":"Point","coordinates":[-72.2333,45.7167]}},{"type":"Feature","properties":{"en":"Umiujaq","fr":"Umiujaq"},"geometry":{"type":"Point","coordinates":[-76.4028,56.55]}},{"type":"Feature","properties":{"en":"Unorganized North Cochrane District","fr":"Unorganized North Cochrane District"},"geometry":{"type":"Point","coordinates":[-82.0,50.0]}},{"type":"Feature","properties":{"en":"Val-Joli","fr":"Val-Joli"},"geometry":{"type":"Point","coordinates":[-71.966666666667,45.6]}},{"type":"Feature","properties":{"en":"Val-David","fr":"Val-David"},"geometry":{"type":"Point","coordinates":[-74.216666666667,46.033333333333]}},{"type":"Feature","properties":{"en":"Val-Racine","fr":"Val-Racine"},"geometry":{"type":"Point","coordinates":[-71.066666666667,45.483333333333]}},{"type":"Feature","properties":{"en":"Val-Saint-Gilles","fr":"Val-Saint-Gilles"},"geometry":{"type":"Point","coordinates":[-79.1167,48.9667]}},{"type":"Feature","properties":{"en":"Val-des-Bois","fr":"Val-des-Bois"},"geometry":{"type":"Point","coordinates":[-75.6,45.9167]}},{"type":"Feature","properties":{"en":"Val-des-Lacs","fr":"Val-des-Lacs"},"geometry":{"type":"Point","coordinates":[-74.35,46.183333333333]}},{"type":"Feature","properties":{"en":"Val-des-Monts","fr":"Val-des-Monts"},"geometry":{"type":"Point","coordinates":[-75.7341666666667,45.665]}},{"type":"Feature","properties":{"en":"Val Rita-Harty","fr":"Val Rita-Harty"},"geometry":{"type":"Point","coordinates":[-82.629722222222,49.483888888889]}},{"type":"Feature","properties":{"en":"Vallée-Jonction","fr":"Vallée-Jonction"},"geometry":{"type":"Point","coordinates":[-70.9167,46.3667]}},{"type":"Feature","properties":{"en":"Vaudreuil-sur-le-Lac","fr":"Vaudreuil-sur-le-Lac"},"geometry":{"type":"Point","coordinates":[-74.0333,45.4]}},{"type":"Feature","properties":{"en":"Viking","fr":"Viking"},"geometry":{"type":"Point","coordinates":[-111.777,53.0953]}},{"type":"Feature","properties":{"en":"Villeroy","fr":"Villeroy"},"geometry":{"type":"Point","coordinates":[-71.8833,46.3833]}},{"type":"Feature","properties":{"en":"Wainwright No. 61","fr":"Wainwright No 61"},"geometry":{"type":"Point","coordinates":[-110.853333,52.843333]}},{"type":"Feature","properties":{"en":"Warden","fr":"Warden"},"geometry":{"type":"Point","coordinates":[-72.5,45.3833]}},{"type":"Feature","properties":{"en":"Waskaganish","fr":"Waskaganish"},"geometry":{"type":"Point","coordinates":[-78.75,51.4833]}},{"type":"Feature","properties":{"en":"Waskaganish","fr":"Waskaganish"},"geometry":{"type":"Point","coordinates":[-78.7667,51.2]}},{"type":"Feature","properties":{"en":"Waswanipi","fr":"Waswanipi"},"geometry":{"type":"Point","coordinates":[-75.9667,49.7]}},{"type":"Feature","properties":{"en":"Waswanipi","fr":"Waswanipi"},"geometry":{"type":"Point","coordinates":[-76.1667,49.7333]}},{"type":"Feature","properties":{"en":"Weedon","fr":"Weedon"},"geometry":{"type":"Point","coordinates":[-71.4667,45.7]}},{"type":"Feature","properties":{"en":"Wellington","fr":"Wellington"},"geometry":{"type":"Point","coordinates":[-63.998333333333,46.450833333333]}},{"type":"Feature","properties":{"en":"Wemindji","fr":"Wemindji"},"geometry":{"type":"Point","coordinates":[-78.8167,53.0]}},{"type":"Feature","properties":{"en":"Wemindji","fr":"Wemindji"},"geometry":{"type":"Point","coordinates":[-78.7833,52.9167]}},{"type":"Feature","properties":{"en":"Wendake","fr":"Wendake"},"geometry":{"type":"Point","coordinates":[-71.357111111111,46.861472222222]}},{"type":"Feature","properties":{"en":"Wentworth-Nord","fr":"Wentworth-Nord"},"geometry":{"type":"Point","coordinates":[-74.45,45.85]}},{"type":"Feature","properties":{"en":"Wentworth","fr":"Wentworth"},"geometry":{"type":"Point","coordinates":[-74.366666666667,45.8]}},{"type":"Feature","properties":{"en":"West Hants Regional Municipality","fr":"West Hants"},"geometry":{"type":"Point","coordinates":[-64.1,44.9667]}},{"type":"Feature","properties":{"en":"West River","fr":"West River"},"geometry":{"type":"Point","coordinates":[-63.3,46.167]}},{"type":"Feature","properties":{"en":"Westbury","fr":"Westbury"},"geometry":{"type":"Point","coordinates":[-71.666666666667,45.5]}},{"type":"Feature","properties":{"en":"Whapmagoostui","fr":"Whapmagoostui"},"geometry":{"type":"Point","coordinates":[-77.7544,55.2803]}},{"type":"Feature","properties":{"en":"Kataskomiq","fr":"Kataskomiq"},"geometry":{"type":"Point","coordinates":[-69.2833,47.7]}},{"type":"Feature","properties":{"en":"Wickham","fr":"Wickham"},"geometry":{"type":"Point","coordinates":[-72.5,45.75]}},{"type":"Feature","properties":{"en":"Winneway","fr":"Winneway"},"geometry":{"type":"Point","coordinates":[-78.5647222222222,47.5769444444444]}},{"type":"Feature","properties":{"en":"Yamachiche","fr":"Yamachiche"},"geometry":{"type":"Point","coordinates":[-72.8352777777778,46.28]}},{"type":"Feature","properties":{"en":"Yamaska","fr":"Yamaska"},"geometry":{"type":"Point","coordinates":[-72.9166666666667,46.0080555555556]}},{"type":"Feature","properties":{"en":"Municipality of the District of Yarmouth","fr":"Yarmouth"},"geometry":{"type":"Point","coordinates":[-66.1212,43.8756]}},{"type":"Feature","properties":{"en":"Bragg Creek","fr":"Bragg Creek"},"geometry":{"type":"Point","coordinates":[-114.5595,50.951583333333]}},{"type":"Feature","properties":{"en":"Vermilion","fr":"Vermilion"},"geometry":{"type":"Point","coordinates":[-110.85277777778,53.354166666667]}},{"type":"Feature","properties":{"en":"Penhold","fr":"Penhold"},"geometry":{"type":"Point","coordinates":[-113.867,52.1333]}},{"type":"Feature","properties":{"en":"Bowden","fr":"Bowden"},"geometry":{"type":"Point","coordinates":[-114.026,51.9306]}},{"type":"Feature","properties":{"en":"Beckwith","fr":""},"geometry":{"type":"Point","coordinates":[-76.066944444444,45.083333333333]}},{"type":"Feature","properties":{"en":"Norwich","fr":"Norwich"},"geometry":{"type":"Point","coordinates":[-80.6,42.983333333333]}},{"type":"Feature","properties":{"en":"Ramara","fr":"Ramara"},"geometry":{"type":"Point","coordinates":[-79.2258333333333,44.6383333333333]}},{"type":"Feature","properties":{"en":"West Perth","fr":"West Perth"},"geometry":{"type":"Point","coordinates":[-81.2,43.466666666667]}},{"type":"Feature","properties":{"en":"Woolwich","fr":"Woolwich"},"geometry":{"type":"Point","coordinates":[-80.483333333333,43.566666666667]}},{"type":"Feature","properties":{"en":"Malahide","fr":""},"geometry":{"type":"Point","coordinates":[-80.9361,42.7928]}},{"type":"Feature","properties":{"en":"Tiny","fr":"Tiny"},"geometry":{"type":"Point","coordinates":[-79.95,44.683333333333]}},{"type":"Feature","properties":{"en":"Centre Wellington","fr":"Centre Wellington"},"geometry":{"type":"Point","coordinates":[-80.366666666667,43.7]}},{"type":"Feature","properties":{"en":"Adjala–Tosorontio","fr":"Adjala-Tosorontio"},"geometry":{"type":"Point","coordinates":[-79.9333,44.1333]}},{"type":"Feature","properties":{"en":"South Dundas","fr":"South Dundas"},"geometry":{"type":"Point","coordinates":[-75.2667,44.9167]}},{"type":"Feature","properties":{"en":"Georgian Bluffs","fr":""},"geometry":{"type":"Point","coordinates":[-81.0333,44.65]}},{"type":"Feature","properties":{"en":"Leeds and the Thousand Islands","fr":"Leeds and the Thousand Islands"},"geometry":{"type":"Point","coordinates":[-76.083333333333,44.45]}},{"type":"Feature","properties":{"en":"Selwyn","fr":"Selwyn"},"geometry":{"type":"Point","coordinates":[-78.3427777777778,44.4397222222222]}},{"type":"Feature","properties":{"en":"St. Clair","fr":"St. Clair"},"geometry":{"type":"Point","coordinates":[-82.35,42.7833]}},{"type":"Feature","properties":{"en":"Laurentian Valley","fr":"Laurentian Valley"},"geometry":{"type":"Point","coordinates":[-77.223888888889,45.768055555556]}},{"type":"Feature","properties":{"en":"Essa","fr":"Essa"},"geometry":{"type":"Point","coordinates":[-79.7833,44.25]}},{"type":"Feature","properties":{"en":"Clearview","fr":"Clearview"},"geometry":{"type":"Point","coordinates":[-80.0833,44.4167]}},{"type":"Feature","properties":{"en":"Springwater","fr":"Springwater"},"geometry":{"type":"Point","coordinates":[-79.7333,44.4333]}},{"type":"Feature","properties":{"en":"Middlesex Centre","fr":"Middlesex Centre"},"geometry":{"type":"Point","coordinates":[-81.45,43.05]}},{"type":"Feature","properties":{"en":"Oro-Medonte","fr":"Oro-Medonte"},"geometry":{"type":"Point","coordinates":[-79.5833,44.5667]}},{"type":"Feature","properties":{"en":"Cavan Monaghan","fr":"Cavan Monaghan"},"geometry":{"type":"Point","coordinates":[-78.4633333333333,44.2111111111111]}},{"type":"Feature","properties":{"en":"Rideau Lakes","fr":"Rideau Lakes"},"geometry":{"type":"Point","coordinates":[-76.2167,44.6667]}},{"type":"Feature","properties":{"en":"South Frontenac","fr":"South Frontenac"},"geometry":{"type":"Point","coordinates":[-76.4938888888889,44.5080555555556]}},{"type":"Feature","properties":{"en":"South Stormont","fr":"South Stormont"},"geometry":{"type":"Point","coordinates":[-74.9667,45.0833]}},{"type":"Feature","properties":{"en":"Wilmot","fr":"Wilmot"},"geometry":{"type":"Point","coordinates":[-80.65,43.4]}},{"type":"Feature","properties":{"en":"Notre-Dame-du-Nord","fr":"Notre-Dame-du-Nord"},"geometry":{"type":"Point","coordinates":[-79.4833,47.6]}},{"type":"Feature","properties":{"en":"Kudrovo","fr":"Koudrovo"},"geometry":{"type":"Point","coordinates":[30.5136111111111,59.9086111111111]}},{"type":"Feature","properties":{"en":"Madawaska Valley","fr":"Madawaska Valley"},"geometry":{"type":"Point","coordinates":[-77.6667,45.5]}},{"type":"Feature","properties":{"en":"Picture Butte","fr":"Picture Butte"},"geometry":{"type":"Point","coordinates":[-112.78,49.8731]}},{"type":"Feature","properties":{"en":"Abee","fr":"Abee"},"geometry":{"type":"Point","coordinates":[-113.02777777778,54.237777777778]}},{"type":"Feature","properties":{"en":"Aberdeen No. 373","fr":""},"geometry":{"type":"Point","coordinates":[-106.27,52.332]}},{"type":"Feature","properties":{"en":"Abernethy No. 186","fr":"Abernethy No 186"},"geometry":{"type":"Point","coordinates":[-103.468,50.743]}},{"type":"Feature","properties":{"en":"Acadia No. 34","fr":"Acadia No 34"},"geometry":{"type":"Point","coordinates":[-110.21388888889,51.1575]}},{"type":"Feature","properties":{"en":"Addington Highlands","fr":"Addington Highlands"},"geometry":{"type":"Point","coordinates":[-77.25,45.0]}},{"type":"Feature","properties":{"en":"Admaston/Bromley","fr":"Admaston/Bromley"},"geometry":{"type":"Point","coordinates":[-76.896944444444,45.529166666667]}},{"type":"Feature","properties":{"en":"Agency Indian Reserve 1","fr":""},"geometry":{"type":"Point","coordinates":[-93.3572,48.6222]}},{"type":"Feature","properties":{"en":"Alberton","fr":""},"geometry":{"type":"Point","coordinates":[-93.5333,48.6]}},{"type":"Feature","properties":{"en":"Aldersyde","fr":"Aldersyde"},"geometry":{"type":"Point","coordinates":[-113.879,50.6761]}},{"type":"Feature","properties":{"en":"Alexander 134","fr":"Alexander 134"},"geometry":{"type":"Point","coordinates":[-113.961,53.8125]}},{"type":"Feature","properties":{"en":"Algonquin Highlands","fr":"Algonquin Highlands"},"geometry":{"type":"Point","coordinates":[-78.75,45.4]}},{"type":"Feature","properties":{"en":"Alix","fr":"Alix"},"geometry":{"type":"Point","coordinates":[-113.183,52.4]}},{"type":"Feature","properties":{"en":"Alliance","fr":"Alliance"},"geometry":{"type":"Point","coordinates":[-111.78,52.4322]}},{"type":"Feature","properties":{"en":"Alnwick/Haldimand","fr":"Alnwick/Haldimand"},"geometry":{"type":"Point","coordinates":[-78.053333333333,44.1125]}},{"type":"Feature","properties":{"en":"Amaranth","fr":"Amaranth"},"geometry":{"type":"Point","coordinates":[-80.233333333333,43.983333333333]}},{"type":"Feature","properties":{"en":"Aquadeo","fr":"Aquadeo"},"geometry":{"type":"Point","coordinates":[-108.425,53.1372]}},{"type":"Feature","properties":{"en":"Armour","fr":"Armour"},"geometry":{"type":"Point","coordinates":[-79.3438888888889,45.6288888888889]}},{"type":"Feature","properties":{"en":"Arran–Elderslie","fr":"Arran-Elderslie"},"geometry":{"type":"Point","coordinates":[-81.2,44.4]}},{"type":"Feature","properties":{"en":"Asphodel-Norwood","fr":"Asphodel-Norwood"},"geometry":{"type":"Point","coordinates":[-78.018333333333,44.353055555556]}},{"type":"Feature","properties":{"en":"Athabasca County","fr":"comté d'Athabasca"},"geometry":{"type":"Point","coordinates":[-113.283333,54.716667]}},{"type":"Feature","properties":{"en":"Atikameg","fr":"Atikameg"},"geometry":{"type":"Point","coordinates":[-115.637,55.9144]}},{"type":"Feature","properties":{"en":"Atmore","fr":"Atmore"},"geometry":{"type":"Point","coordinates":[-112.55,54.8192]}},{"type":"Feature","properties":{"en":"Augusta","fr":"Augusta"},"geometry":{"type":"Point","coordinates":[-75.600277777778,44.751111111111]}},{"type":"Feature","properties":{"en":"B-Say-Tah","fr":""},"geometry":{"type":"Point","coordinates":[-103.854,50.7894]}},{"type":"Feature","properties":{"en":"Baldwin","fr":""},"geometry":{"type":"Point","coordinates":[-81.75,46.3167]}},{"type":"Feature","properties":{"en":"Bangor","fr":"Bangor"},"geometry":{"type":"Point","coordinates":[-102.203,50.482]}},{"type":"Feature","properties":{"en":"Neebing","fr":"Neebing"},"geometry":{"type":"Point","coordinates":[-89.4667,48.1833]}},{"type":"Feature","properties":{"en":"Morris-Turnberry","fr":"Morris-Turnberry"},"geometry":{"type":"Point","coordinates":[-81.2722222222222,43.825]}},{"type":"Feature","properties":{"en":"Mono","fr":"Mono"},"geometry":{"type":"Point","coordinates":[-80.066666666667,44.016666666667]}},{"type":"Feature","properties":{"en":"Central Huron","fr":""},"geometry":{"type":"Point","coordinates":[-81.566666666667,43.633333333333]}},{"type":"Feature","properties":{"en":"Magnetawan","fr":"Magnetawan"},"geometry":{"type":"Point","coordinates":[-79.6727777777778,45.685]}},{"type":"Feature","properties":{"en":"Huron Shores","fr":"Huron Shores"},"geometry":{"type":"Point","coordinates":[-83.2,46.2833]}},{"type":"Feature","properties":{"en":"Point Edward","fr":"Point Edward"},"geometry":{"type":"Point","coordinates":[-82.4083,42.9931]}},{"type":"Feature","properties":{"en":"Kearney","fr":"Kearney"},"geometry":{"type":"Point","coordinates":[-79.1167,45.6]}},{"type":"Feature","properties":{"en":"Brooke-Alvinston","fr":"Brooke-Alvinston"},"geometry":{"type":"Point","coordinates":[-81.9167,42.85]}},{"type":"Feature","properties":{"en":"Tweed","fr":"Tweed"},"geometry":{"type":"Point","coordinates":[-77.3333,44.6]}},{"type":"Feature","properties":{"en":"Burk's Falls","fr":""},"geometry":{"type":"Point","coordinates":[-79.4083,45.6167]}},{"type":"Feature","properties":{"en":"Oliver Paipoonge","fr":"Oliver Paipoonge"},"geometry":{"type":"Point","coordinates":[-89.52,48.39]}},{"type":"Feature","properties":{"en":"Gordon/Barrie Island","fr":""},"geometry":{"type":"Point","coordinates":[-82.6333,45.9]}},{"type":"Feature","properties":{"en":"Highlands East","fr":"Highlands East"},"geometry":{"type":"Point","coordinates":[-78.25,44.9667]}},{"type":"Feature","properties":{"en":"Markstay-Warren","fr":"Markstay-Warren"},"geometry":{"type":"Point","coordinates":[-80.4869444444444,46.4955555555556]}},{"type":"Feature","properties":{"en":"Latchford","fr":"Latchford"},"geometry":{"type":"Point","coordinates":[-79.8102777777778,47.3288888888889]}},{"type":"Feature","properties":{"en":"Northeastern Manitoulin and the Islands","fr":""},"geometry":{"type":"Point","coordinates":[-81.9333,45.9667]}},{"type":"Feature","properties":{"en":"Shelburne","fr":"Shelburne"},"geometry":{"type":"Point","coordinates":[-80.2,44.0833]}},{"type":"Feature","properties":{"en":"Hilton Beach","fr":"Hilton Beach"},"geometry":{"type":"Point","coordinates":[-83.8833,46.25]}},{"type":"Feature","properties":{"en":"Centre Hastings","fr":"Centre Hastings"},"geometry":{"type":"Point","coordinates":[-77.4417,44.4167]}},{"type":"Feature","properties":{"en":"County of Barrhead No. 11","fr":"comté de Barrhead No 11"},"geometry":{"type":"Point","coordinates":[-114.401944,54.123056]}},{"type":"Feature","properties":{"en":"Hastings Highlands","fr":"Hastings Highlands"},"geometry":{"type":"Point","coordinates":[-77.865277777778,45.287777777778]}},{"type":"Feature","properties":{"en":"Bluewater","fr":"Bluewater"},"geometry":{"type":"Point","coordinates":[-81.6,43.45]}},{"type":"Feature","properties":{"en":"The Blue Mountains","fr":"The Blue Mountains"},"geometry":{"type":"Point","coordinates":[-80.3833,44.4833]}},{"type":"Feature","properties":{"en":"Oil Springs","fr":"Oil Springs"},"geometry":{"type":"Point","coordinates":[-82.1108333333333,42.7891666666667]}},{"type":"Feature","properties":{"en":"Marmora and Lake","fr":""},"geometry":{"type":"Point","coordinates":[-77.75,44.6667]}},{"type":"Feature","properties":{"en":"Thornloe","fr":"Thornloe"},"geometry":{"type":"Point","coordinates":[-79.7583,47.6667]}},{"type":"Feature","properties":{"en":"Battle River No. 438","fr":"Battle River No 438"},"geometry":{"type":"Point","coordinates":[-108.333,52.7014]}},{"type":"Feature","properties":{"en":"Beaver County","fr":"comté de Beaver"},"geometry":{"type":"Point","coordinates":[-112.233333,53.25]}},{"type":"Feature","properties":{"en":"Betula Beach","fr":"Betula Beach"},"geometry":{"type":"Point","coordinates":[-114.687,53.5426]}},{"type":"Feature","properties":{"en":"Bezanson","fr":"Bezanson"},"geometry":{"type":"Point","coordinates":[-118.3608,55.2286]}},{"type":"Feature","properties":{"en":"Big Lakes County","fr":"comté de Big Lakes"},"geometry":{"type":"Point","coordinates":[-116.33333333333,55.416666666667]}},{"type":"Feature","properties":{"en":"Municipal District of Bighorn No. 8","fr":"Bighorn No 8"},"geometry":{"type":"Point","coordinates":[-115.066667,51.35]}},{"type":"Feature","properties":{"en":"Billings","fr":""},"geometry":{"type":"Point","coordinates":[-82.25,45.9]}},{"type":"Feature","properties":{"en":"Birch Hills County","fr":"comté de Birch Hills"},"geometry":{"type":"Point","coordinates":[-118.077,55.7231]}},{"type":"Feature","properties":{"en":"Black River-Matheson","fr":"Black River-Matheson"},"geometry":{"type":"Point","coordinates":[-80.4667,48.5333]}},{"type":"Feature","properties":{"en":"Bonfield","fr":"Bonfield"},"geometry":{"type":"Point","coordinates":[-79.1333333333333,46.2166666666667]}},{"type":"Feature","properties":{"en":"Bonnechere Valley","fr":"Bonnechere Valley"},"geometry":{"type":"Point","coordinates":[-77.1333333333333,45.45]}},{"type":"Feature","properties":{"en":"Bonnyville No. 87","fr":"Bonnyville No 87"},"geometry":{"type":"Point","coordinates":[-110.73027777778,54.268055555556]}},{"type":"Feature","properties":{"en":"Brazeau County","fr":"comté de Brazeau"},"geometry":{"type":"Point","coordinates":[-114.97694444444,53.222222222222]}},{"type":"Feature","properties":{"en":"Breslau","fr":""},"geometry":{"type":"Point","coordinates":[-80.4125,43.4753]}},{"type":"Feature","properties":{"en":"Britannia No. 502","fr":""},"geometry":{"type":"Point","coordinates":[-109.75,53.4167]}},{"type":"Feature","properties":{"en":"Brochet","fr":""},"geometry":{"type":"Point","coordinates":[-101.671,57.8797]}},{"type":"Feature","properties":{"en":"Brownvale","fr":"Brownvale"},"geometry":{"type":"Point","coordinates":[-117.893,56.1283]}},{"type":"Feature","properties":{"en":"Brudenell, Lyndoch and Raglan","fr":"Brudenell, Lyndoch and Raglan"},"geometry":{"type":"Point","coordinates":[-77.4,45.3167]}},{"type":"Feature","properties":{"en":"Buck Lake 133C","fr":""},"geometry":{"type":"Point","coordinates":[-114.681,52.905]}},{"type":"Feature","properties":{"en":"Buffalo Narrows","fr":"Buffalo Narrows"},"geometry":{"type":"Point","coordinates":[-108.524444444444,55.8769444444444]}},{"type":"Feature","properties":{"en":"Burpee and Mills","fr":""},"geometry":{"type":"Point","coordinates":[-82.5667,45.7833]}},{"type":"Feature","properties":{"en":"Burton Parish","fr":"paroisse de Burton"},"geometry":{"type":"Point","coordinates":[-66.405,45.8014]}},{"type":"Feature","properties":{"en":"Byemoor","fr":"Byemoor"},"geometry":{"type":"Point","coordinates":[-112.287,51.9728]}},{"type":"Feature","properties":{"en":"Cadomin","fr":"Cadomin"},"geometry":{"type":"Point","coordinates":[-117.327,53.0325]}},{"type":"Feature","properties":{"en":"Cadotte Lake","fr":"Cadotte Lake"},"geometry":{"type":"Point","coordinates":[-116.381,56.4672]}},{"type":"Feature","properties":{"en":"Calling Lake","fr":"Calling Lake"},"geometry":{"type":"Point","coordinates":[-113.197,55.2144]}},{"type":"Feature","properties":{"en":"Calvin","fr":"Calvin"},"geometry":{"type":"Point","coordinates":[-78.9333,46.2333]}},{"type":"Feature","properties":{"en":"Camrose County","fr":"comté de Camrose"},"geometry":{"type":"Point","coordinates":[-112.82833333333,53.022777777778]}},{"type":"Feature","properties":{"en":"Carling","fr":"Carling"},"geometry":{"type":"Point","coordinates":[-80.2391666666667,45.4333333333333]}},{"type":"Feature","properties":{"en":"Carlow/Mayo","fr":""},"geometry":{"type":"Point","coordinates":[-77.616666666667,45.133333333333]}},{"type":"Feature","properties":{"en":"Caron No. 162","fr":""},"geometry":{"type":"Point","coordinates":[-105.834,50.4168]}},{"type":"Feature","properties":{"en":"Carseland","fr":"Carseland"},"geometry":{"type":"Point","coordinates":[-113.468,50.8514]}},{"type":"Feature","properties":{"en":"Casey","fr":"Casey"},"geometry":{"type":"Point","coordinates":[-79.5667,47.625]}},{"type":"Feature","properties":{"en":"Central Frontenac","fr":"Central Frontenac"},"geometry":{"type":"Point","coordinates":[-76.8305555555555,44.7180555555556]}},{"type":"Feature","properties":{"en":"Central Manitoulin","fr":"Central Manitoulin"},"geometry":{"type":"Point","coordinates":[-82.2,45.7167]}},{"type":"Feature","properties":{"en":"Chamberlain","fr":""},"geometry":{"type":"Point","coordinates":[-79.9333,47.8833]}},{"type":"Feature","properties":{"en":"Champion","fr":"Champion"},"geometry":{"type":"Point","coordinates":[-113.148055555556,50.2397222222222]}},{"type":"Feature","properties":{"en":"Chaplin No. 164","fr":""},"geometry":{"type":"Point","coordinates":[-106.585,50.4168]}},{"type":"Feature","properties":{"en":"Chapple","fr":"Chapple"},"geometry":{"type":"Point","coordinates":[-93.994722222222,48.7425]}},{"type":"Feature","properties":{"en":"Charlton and Dack","fr":"Charlton and Dack"},"geometry":{"type":"Point","coordinates":[-80.0,47.8083]}},{"type":"Feature","properties":{"en":"Chatsworth","fr":"Chatsworth"},"geometry":{"type":"Point","coordinates":[-80.8883333333333,44.3816666666667]}},{"type":"Feature","properties":{"en":"Municipality of the District of Chester","fr":"Chester"},"geometry":{"type":"Point","coordinates":[-64.3,44.65]}},{"type":"Feature","properties":{"en":"Chippewas of the Thames First Nation 42","fr":"Réserve indienne Chippewas of the Thames First Nation 42"},"geometry":{"type":"Point","coordinates":[-81.4833,42.8333]}},{"type":"Feature","properties":{"en":"Chisholm","fr":"Chisholm"},"geometry":{"type":"Point","coordinates":[-79.2333,46.1]}},{"type":"Feature","properties":{"en":"Clear Hills County","fr":"comté de Clear Hills"},"geometry":{"type":"Point","coordinates":[-119.133,56.5167]}},{"type":"Feature","properties":{"en":"Clearwater County","fr":"comté de Clearwater"},"geometry":{"type":"Point","coordinates":[-114.922,52.3753]}},{"type":"Feature","properties":{"en":"Clifford","fr":""},"geometry":{"type":"Point","coordinates":[-80.9792,43.9692]}},{"type":"Feature","properties":{"en":"Clive","fr":"Clive"},"geometry":{"type":"Point","coordinates":[-113.45,52.4833]}},{"type":"Feature","properties":{"en":"Cochin","fr":"Cochin"},"geometry":{"type":"Point","coordinates":[-108.337,53.0789]}},{"type":"Feature","properties":{"en":"Coleman","fr":"Coleman"},"geometry":{"type":"Point","coordinates":[-79.7594444444444,47.3675]}},{"type":"Feature","properties":{"en":"Conmee","fr":""},"geometry":{"type":"Point","coordinates":[-89.6667,48.4667]}},{"type":"Feature","properties":{"en":"Coteau Beach","fr":""},"geometry":{"type":"Point","coordinates":[-106.824,51.1636]}},{"type":"Feature","properties":{"en":"Cowley","fr":"Cowley"},"geometry":{"type":"Point","coordinates":[-114.069,49.5677]}},{"type":"Feature","properties":{"en":"Cupar No. 218","fr":""},"geometry":{"type":"Point","coordinates":[-104.322,50.8533]}},{"type":"Feature","properties":{"en":"Curve Lake First Nation 35","fr":"Réserve indienne Curve Lake First Nation 35"},"geometry":{"type":"Point","coordinates":[-78.3711,44.4591]}},{"type":"Feature","properties":{"en":"Cymri No. 36","fr":"Cymri No 36"},"geometry":{"type":"Point","coordinates":[-103.407,49.3614]}},{"type":"Feature","properties":{"en":"Cypress County","fr":"comté de Cypress"},"geometry":{"type":"Point","coordinates":[-110.596111,49.966667]}},{"type":"Feature","properties":{"en":"Dawn-Euphemia","fr":"Dawn-Euphemia"},"geometry":{"type":"Point","coordinates":[-82.0167,42.7]}},{"type":"Feature","properties":{"en":"DeBolt","fr":"DeBolt"},"geometry":{"type":"Point","coordinates":[-118.02,55.2217]}},{"type":"Feature","properties":{"en":"De Winton","fr":"De Winton"},"geometry":{"type":"Point","coordinates":[-114.019,50.8231]}},{"type":"Feature","properties":{"en":"Delia","fr":"Delia"},"geometry":{"type":"Point","coordinates":[-112.367,51.6333]}},{"type":"Feature","properties":{"en":"Unorganized Division No. 1","fr":""},"geometry":{"type":"Point","coordinates":[-95.322,49.788]}},{"type":"Feature","properties":{"en":"Greenview No. 16","fr":"Greenview No 16"},"geometry":{"type":"Point","coordinates":[-117.268,55.0686]}},{"type":"Feature","properties":{"en":"Dorion","fr":""},"geometry":{"type":"Point","coordinates":[-88.6,48.7833]}},{"type":"Feature","properties":{"en":"Douro-Dummer","fr":""},"geometry":{"type":"Point","coordinates":[-78.1222222222222,44.4580555555556]}},{"type":"Feature","properties":{"en":"Drummond/North Elmsley","fr":""},"geometry":{"type":"Point","coordinates":[-76.2,44.9667]}},{"type":"Feature","properties":{"en":"Ear Falls","fr":""},"geometry":{"type":"Point","coordinates":[-93.2167,50.6333]}},{"type":"Feature","properties":{"en":"East Garafraxa","fr":""},"geometry":{"type":"Point","coordinates":[-80.25,43.85]}},{"type":"Feature","properties":{"en":"Municipality of the District of East Hants","fr":"East Hants"},"geometry":{"type":"Point","coordinates":[-63.75,45.05]}},{"type":"Feature","properties":{"en":"Grand Valley","fr":""},"geometry":{"type":"Point","coordinates":[-80.366666666667,43.95]}},{"type":"Feature","properties":{"en":"East Zorra-Tavistock","fr":"East Zorra-Tavistock"},"geometry":{"type":"Point","coordinates":[-80.7833,43.2333]}},{"type":"Feature","properties":{"en":"Easterville","fr":""},"geometry":{"type":"Point","coordinates":[-99.8128,53.1075]}},{"type":"Feature","properties":{"en":"Edenwold No. 158","fr":""},"geometry":{"type":"Point","coordinates":[-104.348611111111,50.6475]}},{"type":"Feature","properties":{"en":"Edwardsburgh/Cardinal","fr":"Edwardsburgh/Cardinal"},"geometry":{"type":"Point","coordinates":[-75.505,44.848611111111]}},{"type":"Feature","properties":{"en":"Elcapo No. 154","fr":""},"geometry":{"type":"Point","coordinates":[-102.751,50.4167]}},{"type":"Feature","properties":{"en":"Southwest Middlesex","fr":"Southwest Middlesex"},"geometry":{"type":"Point","coordinates":[-81.7,42.75]}},{"type":"Feature","properties":{"en":"Elgin Parish","fr":"paroisse d'Elgin"},"geometry":{"type":"Point","coordinates":[-64.8331,45.8924]}},{"type":"Feature","properties":{"en":"Elkwater","fr":"Elkwater"},"geometry":{"type":"Point","coordinates":[-110.282,49.6608]}},{"type":"Feature","properties":{"en":"Elnora","fr":"Elnora"},"geometry":{"type":"Point","coordinates":[-113.195,51.9971]}},{"type":"Feature","properties":{"en":"Emo","fr":""},"geometry":{"type":"Point","coordinates":[-93.8333,48.6333]}},{"type":"Feature","properties":{"en":"Enniskillen","fr":"Enniskillen"},"geometry":{"type":"Point","coordinates":[-82.125,42.8167]}},{"type":"Feature","properties":{"en":"Etzikom","fr":"Etzikom"},"geometry":{"type":"Point","coordinates":[-111.107,49.4769]}},{"type":"Feature","properties":{"en":"Evanturel","fr":""},"geometry":{"type":"Point","coordinates":[-79.825,47.7833]}},{"type":"Feature","properties":{"en":"Municipal District of Fairview No. 136","fr":"Fairview No 136"},"geometry":{"type":"Point","coordinates":[-118.235,56.0711]}},{"type":"Feature","properties":{"en":"Faraday","fr":"Faraday"},"geometry":{"type":"Point","coordinates":[-77.923333333333,45.005555555556]}},{"type":"Feature","properties":{"en":"Flagstaff County","fr":"comté de Flagstaff"},"geometry":{"type":"Point","coordinates":[-111.69694444444,52.7725]}},{"type":"Feature","properties":{"en":"Foothills County","fr":"comté de Foothills"},"geometry":{"type":"Point","coordinates":[-113.87444444444,50.580833333333]}},{"type":"Feature","properties":{"en":"Forestburg","fr":"Forestburg"},"geometry":{"type":"Point","coordinates":[-112.068,52.5803]}},{"type":"Feature","properties":{"en":"Fort San","fr":"Fort San"},"geometry":{"type":"Point","coordinates":[-103.819,50.8003]}},{"type":"Feature","properties":{"en":"Fort Vermilion","fr":"Fort Vermilion"},"geometry":{"type":"Point","coordinates":[-116.017,58.39]}},{"type":"Feature","properties":{"en":"County of Forty Mile No. 8","fr":"comté de Forty Mile No 8"},"geometry":{"type":"Point","coordinates":[-111.440278,49.478889]}},{"type":"Feature","properties":{"en":"Fox Creek","fr":"Fox Creek"},"geometry":{"type":"Point","coordinates":[-116.809,54.395]}},{"type":"Feature","properties":{"en":"Front of Yonge","fr":"Front of Yonge"},"geometry":{"type":"Point","coordinates":[-75.8667,44.5333]}},{"type":"Feature","properties":{"en":"Frontenac Islands","fr":"Frontenac Islands"},"geometry":{"type":"Point","coordinates":[-76.3833,44.2]}},{"type":"Feature","properties":{"en":"Gagetown Parish","fr":"paroisse de Gagetown"},"geometry":{"type":"Point","coordinates":[-66.1716,45.7695]}},{"type":"Feature","properties":{"en":"Gauthier","fr":"Gauthier"},"geometry":{"type":"Point","coordinates":[-79.8225,48.1458333333333]}},{"type":"Feature","properties":{"en":"Georgian Bay","fr":"Georgian Bay"},"geometry":{"type":"Point","coordinates":[-79.843888888889,44.998333333333]}},{"type":"Feature","properties":{"en":"Gladstone Parish","fr":"paroisse de Gladstone"},"geometry":{"type":"Point","coordinates":[-66.7529,45.6169]}},{"type":"Feature","properties":{"en":"Glenelg Parish","fr":"paroisse de Glenelg"},"geometry":{"type":"Point","coordinates":[-65.29,47.0]}},{"type":"Feature","properties":{"en":"Glenwood","fr":"Glenwood"},"geometry":{"type":"Point","coordinates":[-113.511,49.3636]}},{"type":"Feature","properties":{"en":"Golden Days","fr":"Golden Days"},"geometry":{"type":"Point","coordinates":[-114.063,53.0559]}},{"type":"Feature","properties":{"en":"Gordon Parish","fr":"paroisse de Gordon"},"geometry":{"type":"Point","coordinates":[-67.3825,46.8375]}},{"type":"Feature","properties":{"en":"Grand Falls Parish","fr":"paroisse de Grand-Sault"},"geometry":{"type":"Point","coordinates":[-67.74,46.935]}},{"type":"Feature","properties":{"en":"County of Grande Prairie No. 1","fr":"comté de Grande Prairie No 1"},"geometry":{"type":"Point","coordinates":[-118.783,55.2667]}},{"type":"Feature","properties":{"en":"Gravelbourg No. 104","fr":"Gravelbourg No 104"},"geometry":{"type":"Point","coordinates":[-106.585,49.9168]}},{"type":"Feature","properties":{"en":"Green Lake","fr":""},"geometry":{"type":"Point","coordinates":[-107.787,54.2909]}},{"type":"Feature","properties":{"en":"Grimshaw","fr":"Grimshaw"},"geometry":{"type":"Point","coordinates":[-117.612,56.1908]}},{"type":"Feature","properties":{"en":"Guernsey","fr":""},"geometry":{"type":"Point","coordinates":[-105.187,51.87]}},{"type":"Feature","properties":{"en":"Gull Lake No. 139","fr":""},"geometry":{"type":"Point","coordinates":[-108.661,50.1492]}},{"type":"Feature","properties":{"en":"Hamilton","fr":"Hamilton"},"geometry":{"type":"Point","coordinates":[-78.241666666667,44.059444444444]}},{"type":"Feature","properties":{"en":"Hardieville","fr":""},"geometry":{"type":"Point","coordinates":[-112.8280556,49.7402778]}},{"type":"Feature","properties":{"en":"Harley","fr":""},"geometry":{"type":"Point","coordinates":[-79.7,47.6166666666667]}},{"type":"Feature","properties":{"en":"Hart Butte No. 11","fr":""},"geometry":{"type":"Point","coordinates":[-105.474,49.1422]}},{"type":"Feature","properties":{"en":"Havelock-Belmont-Methuen","fr":"Havelock-Belmont-Methuen"},"geometry":{"type":"Point","coordinates":[-77.9,44.5667]}},{"type":"Feature","properties":{"en":"Head, Clara and Maria","fr":"Head, Clara and Maria"},"geometry":{"type":"Point","coordinates":[-78.0,46.166666666667]}},{"type":"Feature","properties":{"en":"Highlands","fr":"Highlands"},"geometry":{"type":"Point","coordinates":[-123.5,48.516666666667]}},{"type":"Feature","properties":{"en":"Hilliard","fr":"Hilliard"},"geometry":{"type":"Point","coordinates":[-79.7,47.725]}},{"type":"Feature","properties":{"en":"Holyrood","fr":"Holyrood"},"geometry":{"type":"Point","coordinates":[-53.133333333333,47.383333333333]}},{"type":"Feature","properties":{"en":"Howick","fr":"Fordwich"},"geometry":{"type":"Point","coordinates":[-81.066666666667,43.9]}},{"type":"Feature","properties":{"en":"Hudson","fr":""},"geometry":{"type":"Point","coordinates":[-79.8242,47.5372]}},{"type":"Feature","properties":{"en":"Huron-Kinloss","fr":"Huron-Kinloss"},"geometry":{"type":"Point","coordinates":[-81.5333,44.05]}},{"type":"Feature","properties":{"en":"Huron No. 223","fr":"Huron No 223"},"geometry":{"type":"Point","coordinates":[-106.329,50.9675]}},{"type":"Feature","properties":{"en":"West Kelowna","fr":"West Kelowna"},"geometry":{"type":"Point","coordinates":[-119.583,49.8625]}},{"type":"Feature","properties":{"en":"Ignace","fr":"Ignace"},"geometry":{"type":"Point","coordinates":[-91.6667,49.4167]}},{"type":"Feature","properties":{"en":"Improvement District No. 12 (Jasper National Park)","fr":"district d'amélioration No 12 Jasper"},"geometry":{"type":"Point","coordinates":[-117.7,52.7]}},{"type":"Feature","properties":{"en":"Improvement District No. 09 (Banff National Park)","fr":"district d'amélioration No 9 Banff"},"geometry":{"type":"Point","coordinates":[-116.0,51.5]}},{"type":"Feature","properties":{"en":"Indus","fr":"Indus"},"geometry":{"type":"Point","coordinates":[-113.78,50.9158]}},{"type":"Feature","properties":{"en":"James","fr":"James"},"geometry":{"type":"Point","coordinates":[-80.3394444444444,47.7105555555556]}},{"type":"Feature","properties":{"en":"Jarvis Bay","fr":"Jarvis Bay"},"geometry":{"type":"Point","coordinates":[-114.074444444444,52.3352694444444]}},{"type":"Feature","properties":{"en":"Johnson","fr":"Johnson"},"geometry":{"type":"Point","coordinates":[-83.9333,46.3333]}},{"type":"Feature","properties":{"en":"Joly","fr":"Joly"},"geometry":{"type":"Point","coordinates":[-79.25,45.7833]}},{"type":"Feature","properties":{"en":"Kapasiwin","fr":"Kapasiwin"},"geometry":{"type":"Point","coordinates":[-114.445,53.546]}},{"type":"Feature","properties":{"en":"Kerns","fr":""},"geometry":{"type":"Point","coordinates":[-79.8,47.6083]}},{"type":"Feature","properties":{"en":"Killaloe, Hagarty and Richards","fr":"Killaloe, Hagarty and Richards"},"geometry":{"type":"Point","coordinates":[-77.5,45.6]}},{"type":"Feature","properties":{"en":"Kingman","fr":"Kingman"},"geometry":{"type":"Point","coordinates":[-112.749,53.2133]}},{"type":"Feature","properties":{"en":"Kingston Parish","fr":"paroisse de Kingston"},"geometry":{"type":"Point","coordinates":[-65.9928,45.5036]}},{"type":"Feature","properties":{"en":"La Vallee","fr":"La Vallee"},"geometry":{"type":"Point","coordinates":[-93.6511111111111,48.6533333333333]}},{"type":"Feature","properties":{"en":"Lac Ste. Anne County","fr":"comté de Lac Sainte-Anne"},"geometry":{"type":"Point","coordinates":[-114.73333333333,53.85]}},{"type":"Feature","properties":{"en":"Lacombe County","fr":"comté de Lacombe"},"geometry":{"type":"Point","coordinates":[-113.73694444444,52.468333333333]}},{"type":"Feature","properties":{"en":"Lamont County","fr":"comté de Lamont"},"geometry":{"type":"Point","coordinates":[-112.77777777778,53.760277777778]}},{"type":"Feature","properties":{"en":"Lanark Highlands","fr":"Lanark Highlands"},"geometry":{"type":"Point","coordinates":[-76.5191666666667,45.1002777777778]}},{"type":"Feature","properties":{"en":"Langdon","fr":"Langdon"},"geometry":{"type":"Point","coordinates":[-113.68,50.9686]}},{"type":"Feature","properties":{"en":"Lantzville","fr":"Lantzville"},"geometry":{"type":"Point","coordinates":[-124.06666666667,49.25]}},{"type":"Feature","properties":{"en":"Larder Lake","fr":""},"geometry":{"type":"Point","coordinates":[-79.7167,48.1]}},{"type":"Feature","properties":{"en":"Leduc County","fr":"comté de Leduc"},"geometry":{"type":"Point","coordinates":[-113.53138888889,53.337777777778]}},{"type":"Feature","properties":{"en":"Lesser Slave River No. 124","fr":"Lesser Slave River No 124"},"geometry":{"type":"Point","coordinates":[-114.77055555556,55.285277777778]}},{"type":"Feature","properties":{"en":"Lethbridge County","fr":"comté de Lethbridge"},"geometry":{"type":"Point","coordinates":[-112.832778,49.694167]}},{"type":"Feature","properties":{"en":"Limerick","fr":"Limerick"},"geometry":{"type":"Point","coordinates":[-77.6667,44.9]}},{"type":"Feature","properties":{"en":"Lincoln Parish","fr":"paroisse de Lincoln"},"geometry":{"type":"Point","coordinates":[-66.57,45.8975]}},{"type":"Feature","properties":{"en":"Linden","fr":"Linden"},"geometry":{"type":"Point","coordinates":[-113.483,51.5906]}},{"type":"Feature","properties":{"en":"Redwater","fr":"Redwater"},"geometry":{"type":"Point","coordinates":[-113.107,53.9489]}},{"type":"Feature","properties":{"en":"Little Buffalo","fr":"Little Buffalo"},"geometry":{"type":"Point","coordinates":[-116.107,56.4375]}},{"type":"Feature","properties":{"en":"Little Smoky","fr":"Little Smoky"},"geometry":{"type":"Point","coordinates":[-117.18,54.7389]}},{"type":"Feature","properties":{"en":"Longview","fr":"Longview"},"geometry":{"type":"Point","coordinates":[-114.231,50.5328]}},{"type":"Feature","properties":{"en":"Louis Bull 138B","fr":""},"geometry":{"type":"Point","coordinates":[-113.564,52.891]}},{"type":"Feature","properties":{"en":"Lucan Biddulph","fr":"Lucan Biddulph"},"geometry":{"type":"Point","coordinates":[-81.3833,43.2]}},{"type":"Feature","properties":{"en":"Madawaska Parish","fr":"paroisse de Madawaska"},"geometry":{"type":"Point","coordinates":[-68.33,47.37]}},{"type":"Feature","properties":{"en":"Maple Bush No. 224","fr":"Maple Bush No 224"},"geometry":{"type":"Point","coordinates":[-106.772,50.9811]}},{"type":"Feature","properties":{"en":"Maple Creek No. 111","fr":"Maple Creek No 111"},"geometry":{"type":"Point","coordinates":[-109.637,49.7017]}},{"type":"Feature","properties":{"en":"Mapleton","fr":"Mapleton"},"geometry":{"type":"Point","coordinates":[-80.6667,43.75]}},{"type":"Feature","properties":{"en":"Matachewan","fr":"Matachewan"},"geometry":{"type":"Point","coordinates":[-80.7288888888889,47.9308333333333]}},{"type":"Feature","properties":{"en":"Mattawan","fr":"Mattawan"},"geometry":{"type":"Point","coordinates":[-78.833333333333,46.333333333333]}},{"type":"Feature","properties":{"en":"Maugerville Parish","fr":"paroisse de Maugerville"},"geometry":{"type":"Point","coordinates":[-66.4525,45.8675]}},{"type":"Feature","properties":{"en":"McGarry","fr":"McGarry"},"geometry":{"type":"Point","coordinates":[-79.5705555555556,48.1463888888889]}},{"type":"Feature","properties":{"en":"McKellar","fr":""},"geometry":{"type":"Point","coordinates":[-79.85,45.4833]}},{"type":"Feature","properties":{"en":"McMurrich/Monteith","fr":""},"geometry":{"type":"Point","coordinates":[-79.4833,45.45]}},{"type":"Feature","properties":{"en":"McNab/Braeside","fr":""},"geometry":{"type":"Point","coordinates":[-76.5,45.45]}},{"type":"Feature","properties":{"en":"Melancthon","fr":"Melancthon"},"geometry":{"type":"Point","coordinates":[-80.2858333333333,44.1497222222222]}},{"type":"Feature","properties":{"en":"Metchosin","fr":"Metchosin"},"geometry":{"type":"Point","coordinates":[-123.538,48.3819]}},{"type":"Feature","properties":{"en":"Michel Village","fr":""},"geometry":{"type":"Point","coordinates":[-109.111,56.0086]}},{"type":"Feature","properties":{"en":"Milo","fr":"Milo"},"geometry":{"type":"Point","coordinates":[-112.883,50.5722]}},{"type":"Feature","properties":{"en":"County of Minburn No. 27","fr":"comté de Minburn No 27"},"geometry":{"type":"Point","coordinates":[-112.05222222222,53.492777777778]}},{"type":"Feature","properties":{"en":"Montague","fr":"Montague"},"geometry":{"type":"Point","coordinates":[-75.983333333333,44.983333333333]}},{"type":"Feature","properties":{"en":"Montana 139","fr":""},"geometry":{"type":"Point","coordinates":[-113.427,52.735]}},{"type":"Feature","properties":{"en":"Moosomin No. 121","fr":""},"geometry":{"type":"Point","coordinates":[-101.598,50.165]}},{"type":"Feature","properties":{"en":"Moravian Indian Reserve 47","fr":"réserve indienne Moravian 47"},"geometry":{"type":"Point","coordinates":[-81.8816,42.5677]}},{"type":"Feature","properties":{"en":"Mossleigh","fr":"Mossleigh"},"geometry":{"type":"Point","coordinates":[-113.324,50.7203]}},{"type":"Feature","properties":{"en":"Mountain View County","fr":"comté de Mountain View"},"geometry":{"type":"Point","coordinates":[-114.13111111111,51.665833333333]}},{"type":"Feature","properties":{"en":"Mystery Lake","fr":"Mystery Lake"},"geometry":{"type":"Point","coordinates":[-98.0,55.55]}},{"type":"Feature","properties":{"en":"Nairn and Hyman","fr":""},"geometry":{"type":"Point","coordinates":[-81.6268,46.3238]}},{"type":"Feature","properties":{"en":"Nemaska","fr":"Nemaska"},"geometry":{"type":"Point","coordinates":[-76.3333,51.7167]}},{"type":"Feature","properties":{"en":"New Dayton","fr":"New Dayton"},"geometry":{"type":"Point","coordinates":[-112.37944444444,49.426666666667]}},{"type":"Feature","properties":{"en":"County of Newell","fr":"comté de Newell"},"geometry":{"type":"Point","coordinates":[-111.89888888889,50.564166666667]}},{"type":"Feature","properties":{"en":"Nipissing","fr":""},"geometry":{"type":"Point","coordinates":[-79.5497,46.05]}},{"type":"Feature","properties":{"en":"Niton Junction","fr":"Niton Junction"},"geometry":{"type":"Point","coordinates":[-115.77,53.6219]}},{"type":"Feature","properties":{"en":"Nobleford","fr":"Nobleford"},"geometry":{"type":"Point","coordinates":[-113.053,49.8822]}},{"type":"Feature","properties":{"en":"Norglenwold","fr":"Norglenwold"},"geometry":{"type":"Point","coordinates":[-114.124,52.3244]}},{"type":"Feature","properties":{"en":"North Algona Wilberforce","fr":"North Algona Wilberforce"},"geometry":{"type":"Point","coordinates":[-77.2202777777778,45.6183333333333]}},{"type":"Feature","properties":{"en":"North Cowichan","fr":"North Cowichan"},"geometry":{"type":"Point","coordinates":[-123.719166666667,48.8247222222222]}},{"type":"Feature","properties":{"en":"North Huron","fr":"North Huron"},"geometry":{"type":"Point","coordinates":[-81.416666666667,43.833333333333]}},{"type":"Feature","properties":{"en":"North Kawartha","fr":"North Kawartha"},"geometry":{"type":"Point","coordinates":[-78.148333333333,44.763055555556]}},{"type":"Feature","properties":{"en":"County of Northern Lights","fr":"comté de Northern Lights"},"geometry":{"type":"Point","coordinates":[-117.999722222222,57.4680555555556]}},{"type":"Feature","properties":{"en":"Northfield Parish","fr":"paroisse de Northfield"},"geometry":{"type":"Point","coordinates":[-65.9997,46.2167]}},{"type":"Feature","properties":{"en":"O'Connor","fr":""},"geometry":{"type":"Point","coordinates":[-89.7,48.3667]}},{"type":"Feature","properties":{"en":"Oak Bay","fr":"Oak Bay"},"geometry":{"type":"Point","coordinates":[-123.318055555556,48.4258333333333]}},{"type":"Feature","properties":{"en":"Municipal District of Opportunity No. 17","fr":"Opportunity No 17"},"geometry":{"type":"Point","coordinates":[-113.822,55.9497]}},{"type":"Feature","properties":{"en":"Otonabee–South Monaghan","fr":""},"geometry":{"type":"Point","coordinates":[-78.2258333333333,44.2541666666667]}},{"type":"Feature","properties":{"en":"County of Paintearth No. 18","fr":"comté de Paintearth No 18"},"geometry":{"type":"Point","coordinates":[-111.90944444444,52.22]}},{"type":"Feature","properties":{"en":"Papineau-Cameron","fr":"Papineau-Cameron"},"geometry":{"type":"Point","coordinates":[-78.5636111111111,46.2358333333333]}},{"type":"Feature","properties":{"en":"Paradise","fr":"Paradise"},"geometry":{"type":"Point","coordinates":[-52.866666666667,47.533333333333]}},{"type":"Feature","properties":{"en":"Parkland County","fr":"comté de Parkland"},"geometry":{"type":"Point","coordinates":[-114.006,53.53]}},{"type":"Feature","properties":{"en":"Municipal District of Peace No. 135","fr":"Peace No 135"},"geometry":{"type":"Point","coordinates":[-117.734,56.1475]}},{"type":"Feature","properties":{"en":"Peawanuck First Nation","fr":"Peawanuck"},"geometry":{"type":"Point","coordinates":[-85.4222,55.0083]}},{"type":"Feature","properties":{"en":"Peel Parish","fr":"paroisse de Peel"},"geometry":{"type":"Point","coordinates":[-67.555,46.355]}},{"type":"Feature","properties":{"en":"Pelee township","fr":"Pelée"},"geometry":{"type":"Point","coordinates":[-82.6409,41.7667]}},{"type":"Feature","properties":{"en":"Pense No. 160","fr":""},"geometry":{"type":"Point","coordinates":[-105.146,50.4931]}},{"type":"Feature","properties":{"en":"Perry","fr":""},"geometry":{"type":"Point","coordinates":[-79.2833,45.5]}},{"type":"Feature","properties":{"en":"Perth South","fr":"Perth South"},"geometry":{"type":"Point","coordinates":[-81.15,43.3]}},{"type":"Feature","properties":{"en":"Pigeon Lake 138A","fr":""},"geometry":{"type":"Point","coordinates":[-113.942,52.985]}},{"type":"Feature","properties":{"en":"Municipal District of Pincher Creek No. 9","fr":"Pincher Creek No 9"},"geometry":{"type":"Point","coordinates":[-113.948333,49.485556]}},{"type":"Feature","properties":{"en":"Plummer Additional","fr":"Plummer Additional"},"geometry":{"type":"Point","coordinates":[-83.7667,46.3667]}},{"type":"Feature","properties":{"en":"Point Alison","fr":"Point Alison"},"geometry":{"type":"Point","coordinates":[-114.484,53.5501]}},{"type":"Feature","properties":{"en":"Ponoka County","fr":"comté de Ponoka"},"geometry":{"type":"Point","coordinates":[-113.58027777778,52.675555555556]}},{"type":"Feature","properties":{"en":"Poplar Hill First Nation","fr":"Première Nation de Poplar Hill"},"geometry":{"type":"Point","coordinates":[-94.3089,52.0819]}},{"type":"Feature","properties":{"en":"Municipal District of Provost No. 52","fr":"Provost No 52"},"geometry":{"type":"Point","coordinates":[-110.26861111111,52.353888888889]}},{"type":"Feature","properties":{"en":"Municipal District of Ranchland No. 66","fr":"Ranchland No 66"},"geometry":{"type":"Point","coordinates":[-113.771667,50.349444]}},{"type":"Feature","properties":{"en":"Rankin Location Indian Reserve 15D","fr":"réserve indienne Rankin Location 15D"},"geometry":{"type":"Point","coordinates":[-84.24995,46.55007]}},{"type":"Feature","properties":{"en":"Red Deer County","fr":"comté de Red Deer"},"geometry":{"type":"Point","coordinates":[-113.81111111111,52.268055555556]}},{"type":"Feature","properties":{"en":"Red Rock","fr":"Red Rock"},"geometry":{"type":"Point","coordinates":[-88.3411111111111,48.9402777777778]}},{"type":"Feature","properties":{"en":"Reno","fr":"Reno"},"geometry":{"type":"Point","coordinates":[-116.994,55.9928]}},{"type":"Feature","properties":{"en":"Rimbey","fr":"Rimbey"},"geometry":{"type":"Point","coordinates":[-114.236666666667,52.6391666666667]}},{"type":"Feature","properties":{"en":"Rocky Rapids","fr":"Rocky Rapids"},"geometry":{"type":"Point","coordinates":[-114.951666666667,53.2797222222222]}},{"type":"Feature","properties":{"en":"Rocky View County","fr":"comté de Rocky View"},"geometry":{"type":"Point","coordinates":[-114.05722222222,51.045]}},{"type":"Feature","properties":{"en":"Rockyford","fr":"Rockyford"},"geometry":{"type":"Point","coordinates":[-113.138,51.2339]}},{"type":"Feature","properties":{"en":"Roseville","fr":""},"geometry":{"type":"Point","coordinates":[-80.4753,43.3431]}},{"type":"Feature","properties":{"en":"Round Hill","fr":"Round Hill"},"geometry":{"type":"Point","coordinates":[-112.6308,53.1653]}},{"type":"Feature","properties":{"en":"Rowley","fr":"Rowley"},"geometry":{"type":"Point","coordinates":[-112.788,51.7622]}},{"type":"Feature","properties":{"en":"Rycroft","fr":"Rycroft"},"geometry":{"type":"Point","coordinates":[-118.697,55.7578]}},{"type":"Feature","properties":{"en":"Saddle Hills County","fr":"comté de Saddle Hills"},"geometry":{"type":"Point","coordinates":[-118.834,55.7819]}},{"type":"Feature","properties":{"en":"Saint-Léonard Parish","fr":"Paroisse de Saint-Léonard"},"geometry":{"type":"Point","coordinates":[-67.8,47.235]}},{"type":"Feature","properties":{"en":"Saint-Paul Parish","fr":"paroisse de Saint-Paul"},"geometry":{"type":"Point","coordinates":[-65.0175,46.3275]}},{"type":"Feature","properties":{"en":"Sainte-Marie Parish","fr":"paroisse de Sainte-Marie"},"geometry":{"type":"Point","coordinates":[-64.8725,46.39]}},{"type":"Feature","properties":{"en":"Saint Patrick Parish","fr":"Paroisse de Saint-Patrick"},"geometry":{"type":"Point","coordinates":[-67.0688,45.2775]}},{"type":"Feature","properties":{"en":"Salisbury Parish","fr":""},"geometry":{"type":"Point","coordinates":[-65.1727,46.0794]}},{"type":"Feature","properties":{"en":"Samson 137","fr":""},"geometry":{"type":"Point","coordinates":[-113.389,52.7887]}},{"type":"Feature","properties":{"en":"Scandia","fr":"Scandia"},"geometry":{"type":"Point","coordinates":[-112.047,50.2781]}},{"type":"Feature","properties":{"en":"Seba Beach","fr":"Seba Beach"},"geometry":{"type":"Point","coordinates":[-114.737,53.5607]}},{"type":"Feature","properties":{"en":"Seguin","fr":"Seguin"},"geometry":{"type":"Point","coordinates":[-79.8116,45.2882]}},{"type":"Feature","properties":{"en":"Seven Persons","fr":"Seven Persons"},"geometry":{"type":"Point","coordinates":[-110.90583333333,49.874166666667]}},{"type":"Feature","properties":{"en":"Shakespeare","fr":""},"geometry":{"type":"Point","coordinates":[-80.8367,43.3692]}},{"type":"Feature","properties":{"en":"Shediac Parish","fr":"paroisse de Shediac"},"geometry":{"type":"Point","coordinates":[-64.5972,46.1929]}},{"type":"Feature","properties":{"en":"Sheffield Parish","fr":"paroisse de Sheffield"},"geometry":{"type":"Point","coordinates":[-66.2224,45.9955]}},{"type":"Feature","properties":{"en":"Shepard","fr":"Shepard"},"geometry":{"type":"Point","coordinates":[-113.91,50.9519]}},{"type":"Feature","properties":{"en":"Shippegan Parish","fr":""},"geometry":{"type":"Point","coordinates":[-64.62,47.855]}},{"type":"Feature","properties":{"en":"Silverwood No. 123","fr":""},"geometry":{"type":"Point","coordinates":[-102.196,50.1786]}},{"type":"Feature","properties":{"en":"Simmie","fr":""},"geometry":{"type":"Point","coordinates":[-108.106,49.9439]}},{"type":"Feature","properties":{"en":"Simonds Parish","fr":""},"geometry":{"type":"Point","coordinates":[-65.7795,45.3271]}},{"type":"Feature","properties":{"en":"Sioux Narrows-Nestor Falls","fr":""},"geometry":{"type":"Point","coordinates":[-94.083333333333,49.4]}},{"type":"Feature","properties":{"en":"Smoky Lake County","fr":"comté de Smoky Lake"},"geometry":{"type":"Point","coordinates":[-112.47333333333,54.120833333333]}},{"type":"Feature","properties":{"en":"South Algonquin","fr":"South Algonquin"},"geometry":{"type":"Point","coordinates":[-78.023888888889,45.496666666667]}},{"type":"Feature","properties":{"en":"South Qu'Appelle No. 157","fr":""},"geometry":{"type":"Point","coordinates":[-103.99638888889,50.538333333333]}},{"type":"Feature","properties":{"en":"Southgate","fr":"Southgate"},"geometry":{"type":"Point","coordinates":[-80.5880555555556,44.1063888888889]}},{"type":"Feature","properties":{"en":"Southwold","fr":"Southwold"},"geometry":{"type":"Point","coordinates":[-81.3167,42.75]}},{"type":"Feature","properties":{"en":"Special Area No. 2","fr":"aire spéciale No 2"},"geometry":{"type":"Point","coordinates":[-111.7,51.4]}},{"type":"Feature","properties":{"en":"Special Area No. 3","fr":"Aire spéciale No 3"},"geometry":{"type":"Point","coordinates":[-110.6,51.3]}},{"type":"Feature","properties":{"en":"Special Area No. 4","fr":"aire spéciale No 4"},"geometry":{"type":"Point","coordinates":[-110.6,52.0]}},{"type":"Feature","properties":{"en":"Spring Lake","fr":"Spring Lake"},"geometry":{"type":"Point","coordinates":[-114.133055555556,53.5186111111111]}},{"type":"Feature","properties":{"en":"St. George's Hill","fr":""},"geometry":{"type":"Point","coordinates":[-108.963,55.88]}},{"type":"Feature","properties":{"en":"St. Joseph","fr":"St. Joseph"},"geometry":{"type":"Point","coordinates":[-84.0,46.2667]}},{"type":"Feature","properties":{"en":"County of St. Paul No. 19","fr":"comté de Saint-Paul No 19"},"geometry":{"type":"Point","coordinates":[-111.29722222222,53.992777777778]}},{"type":"Feature","properties":{"en":"Standard","fr":"Standard"},"geometry":{"type":"Point","coordinates":[-112.982,51.1107]}},{"type":"Feature","properties":{"en":"Star City No. 428","fr":""},"geometry":{"type":"Point","coordinates":[-104.383,52.807]}},{"type":"Feature","properties":{"en":"Starland County","fr":"comté de Starland"},"geometry":{"type":"Point","coordinates":[-112.76638888889,51.658333333333]}},{"type":"Feature","properties":{"en":"County of Stettler No. 6","fr":"comté de Stettler No 6"},"geometry":{"type":"Point","coordinates":[-112.71916666667,52.323611111111]}},{"type":"Feature","properties":{"en":"Stirling-Rawdon","fr":"Stirling-Rawdon"},"geometry":{"type":"Point","coordinates":[-77.5917,44.3667]}},{"type":"Feature","properties":{"en":"Stone Mills","fr":"Stone Mills"},"geometry":{"type":"Point","coordinates":[-76.9167,44.45]}},{"type":"Feature","properties":{"en":"Stoney 142, 143, 144","fr":""},"geometry":{"type":"Point","coordinates":[-114.933,51.15]}},{"type":"Feature","properties":{"en":"Enoch Cree Nation 135","fr":"Enoch Cree Nation 135"},"geometry":{"type":"Point","coordinates":[-113.75,53.5]}},{"type":"Feature","properties":{"en":"Strong","fr":""},"geometry":{"type":"Point","coordinates":[-79.4,45.75]}},{"type":"Feature","properties":{"en":"Studholm Parish","fr":""},"geometry":{"type":"Point","coordinates":[-65.5746,45.8359]}},{"type":"Feature","properties":{"en":"Sturgeon County","fr":"comté de Sturgeon"},"geometry":{"type":"Point","coordinates":[-113.64972222222,53.802222222222]}},{"type":"Feature","properties":{"en":"Sun Valley","fr":""},"geometry":{"type":"Point","coordinates":[-105.544,50.6606]}},{"type":"Feature","properties":{"en":"Sunbreaker Cove","fr":"Sunbreaker Cove"},"geometry":{"type":"Point","coordinates":[-114.198,52.393]}},{"type":"Feature","properties":{"en":"Sundance Beach","fr":"Sundance Beach"},"geometry":{"type":"Point","coordinates":[-114.103,53.0803]}},{"type":"Feature","properties":{"en":"Sunnyside","fr":"Sunnyside"},"geometry":{"type":"Point","coordinates":[-53.933333333333,47.866666666667]}},{"type":"Feature","properties":{"en":"Sussex Parish","fr":"Paroisse de Sussex"},"geometry":{"type":"Point","coordinates":[-65.5076,45.686]}},{"type":"Feature","properties":{"en":"Municipal District of Taber","fr":"Taber"},"geometry":{"type":"Point","coordinates":[-112.150833,49.784722]}},{"type":"Feature","properties":{"en":"Tarbutt","fr":"Tarbutt and Tarbutt Additional"},"geometry":{"type":"Point","coordinates":[-84.0,46.35]}},{"type":"Feature","properties":{"en":"Tay Valley","fr":"Tay Valley"},"geometry":{"type":"Point","coordinates":[-76.3986111111111,44.8783333333333]}},{"type":"Feature","properties":{"en":"Taylor","fr":"Taylor"},"geometry":{"type":"Point","coordinates":[-120.688,56.159]}},{"type":"Feature","properties":{"en":"Tecumseh No. 65","fr":""},"geometry":{"type":"Point","coordinates":[-103.026,49.6489]}},{"type":"Feature","properties":{"en":"Tehkummah","fr":""},"geometry":{"type":"Point","coordinates":[-81.983333333333,45.65]}},{"type":"Feature","properties":{"en":"The Archipelago","fr":"The Archipelago"},"geometry":{"type":"Point","coordinates":[-80.3833,45.5833]}},{"type":"Feature","properties":{"en":"The North Shore","fr":"The North Shore"},"geometry":{"type":"Point","coordinates":[-82.6333,46.2333]}},{"type":"Feature","properties":{"en":"Thorhild County","fr":"comté de Thorhild"},"geometry":{"type":"Point","coordinates":[-113.12611111111,54.153333333333]}},{"type":"Feature","properties":{"en":"Thorsby","fr":"Thorsby"},"geometry":{"type":"Point","coordinates":[-114.051,53.2275]}},{"type":"Feature","properties":{"en":"Tomahawk","fr":"Tomahawk"},"geometry":{"type":"Point","coordinates":[-114.763,53.3961]}},{"type":"Feature","properties":{"en":"Traytown","fr":"Traytown"},"geometry":{"type":"Point","coordinates":[-53.978333333333,48.661111111111]}},{"type":"Feature","properties":{"en":"Mulmur","fr":"Mulmur"},"geometry":{"type":"Point","coordinates":[-80.1083,44.1917]}},{"type":"Feature","properties":{"en":"Tsuu T'ina Nation 145","fr":""},"geometry":{"type":"Point","coordinates":[-114.35,50.9667]}},{"type":"Feature","properties":{"en":"Turin","fr":"Turin"},"geometry":{"type":"Point","coordinates":[-112.526,49.9653]}},{"type":"Feature","properties":{"en":"Turnor Lake","fr":""},"geometry":{"type":"Point","coordinates":[-108.706,56.4728]}},{"type":"Feature","properties":{"en":"County of Two Hills No. 21","fr":"comté de Two Hills No 21"},"geometry":{"type":"Point","coordinates":[-111.74611111111,53.715]}},{"type":"Feature","properties":{"en":"Tyendinaga","fr":"Tyendinaga"},"geometry":{"type":"Point","coordinates":[-77.2,44.3]}},{"type":"Feature","properties":{"en":"Unorganized Centre Parry Sound District","fr":"Parry Sound, non organisé, partie centrale"},"geometry":{"type":"Point","coordinates":[-80.0,45.916666666667]}},{"type":"Feature","properties":{"en":"Unorganized East Timiskaming District","fr":"District non organisé de Timiskaming Est"},"geometry":{"type":"Point","coordinates":[-79.7,48.233333333333]}},{"type":"Feature","properties":{"en":"Unorganized Kenora District","fr":"territoire non organisé de Kenora"},"geometry":{"type":"Point","coordinates":[-89.0,53.0]}},{"type":"Feature","properties":{"en":"Unorganized North Algoma District","fr":""},"geometry":{"type":"Point","coordinates":[-84.25,47.5]}},{"type":"Feature","properties":{"en":"Unorganized Mainland Manitoulin District","fr":""},"geometry":{"type":"Point","coordinates":[-81.1,46.0]}},{"type":"Feature","properties":{"en":"Unorganized North Nipissing District","fr":"Territoire non organisé du Nord de Nipissing"},"geometry":{"type":"Point","coordinates":[-79.5,46.666666666667]}},{"type":"Feature","properties":{"en":"Unorganized Rainy River District","fr":""},"geometry":{"type":"Point","coordinates":[-92.5,48.75]}},{"type":"Feature","properties":{"en":"Unorganized South East Algoma District","fr":""},"geometry":{"type":"Point","coordinates":[-82.075,46.116666666667]}},{"type":"Feature","properties":{"en":"Unorganized South East Cochrane District","fr":"Territoire non organisé de Cochrane Sud-Est"},"geometry":{"type":"Point","coordinates":[-80.233333333333,48.308333333333]}},{"type":"Feature","properties":{"en":"Unorganized South West Cochrane District","fr":"Territoire non organisé de Cochrane Sud-Ouest"},"geometry":{"type":"Point","coordinates":[-80.6,48.366666666667]}},{"type":"Feature","properties":{"en":"Unorganized South Nipissing District","fr":"Territoire non organisé de Nipissing Sud"},"geometry":{"type":"Point","coordinates":[-78.416666666667,45.833333333333]}},{"type":"Feature","properties":{"en":"Unorganized Thunder Bay District","fr":"Unorganized Thunder Bay District"},"geometry":{"type":"Point","coordinates":[-88.0,50.0]}},{"type":"Feature","properties":{"en":"Unorganized West Timiskaming District","fr":"District non organisé de Timiskaming Ouest"},"geometry":{"type":"Point","coordinates":[-80.333333333333,47.833333333333]}},{"type":"Feature","properties":{"en":"Upham Parish","fr":""},"geometry":{"type":"Point","coordinates":[-65.6583,45.5131]}},{"type":"Feature","properties":{"en":"Valhalla Centre","fr":"Valhalla Centre"},"geometry":{"type":"Point","coordinates":[-119.382,55.4036]}},{"type":"Feature","properties":{"en":"Vauxhall","fr":"Vauxhall"},"geometry":{"type":"Point","coordinates":[-112.098,50.0689]}},{"type":"Feature","properties":{"en":"County of Vermilion River","fr":"comté de Vermilion River"},"geometry":{"type":"Point","coordinates":[-110.33305555556,53.337222222222]}},{"type":"Feature","properties":{"en":"Vulcan County","fr":"comté de Vulcan"},"geometry":{"type":"Point","coordinates":[-113.255,50.406666666667]}},{"type":"Feature","properties":{"en":"Wabamun 133A","fr":""},"geometry":{"type":"Point","coordinates":[-114.417,53.5]}},{"type":"Feature","properties":{"en":"Wabamun 133B","fr":"Wabamun 133B"},"geometry":{"type":"Point","coordinates":[-114.433,53.55]}},{"type":"Feature","properties":{"en":"Wabowden","fr":""},"geometry":{"type":"Point","coordinates":[-98.6297,54.9089]}},{"type":"Feature","properties":{"en":"Wahta Mohawk Territory","fr":"Mohawks de Wahta"},"geometry":{"type":"Point","coordinates":[-79.737,45.0194]}},{"type":"Feature","properties":{"en":"Wakaw Lake","fr":""},"geometry":{"type":"Point","coordinates":[-105.657,52.6397]}},{"type":"Feature","properties":{"en":"Wakefield Parish","fr":"Paroisse de Wakefield"},"geometry":{"type":"Point","coordinates":[-67.52,46.225]}},{"type":"Feature","properties":{"en":"County of Warner No. 5","fr":"comté de Warner No 5"},"geometry":{"type":"Point","coordinates":[-112.111944,49.276111]}},{"type":"Feature","properties":{"en":"Warwick","fr":"Warwick"},"geometry":{"type":"Point","coordinates":[-81.8917,43.0]}},{"type":"Feature","properties":{"en":"Wellesley","fr":"Wellesley"},"geometry":{"type":"Point","coordinates":[-80.7167,43.55]}},{"type":"Feature","properties":{"en":"Wembley","fr":"Wembley"},"geometry":{"type":"Point","coordinates":[-119.139,55.1572]}},{"type":"Feature","properties":{"en":"Westlock County","fr":"comté de Westlock"},"geometry":{"type":"Point","coordinates":[-113.851111,54.152222]}},{"type":"Feature","properties":{"en":"Westmorland Parish","fr":""},"geometry":{"type":"Point","coordinates":[-63.9754,46.1113]}},{"type":"Feature","properties":{"en":"County of Wetaskiwin No. 10","fr":"comté de Wetaskiwin No 10"},"geometry":{"type":"Point","coordinates":[-113.376944,52.969444]}},{"type":"Feature","properties":{"en":"Wheatland County","fr":"comté de Wheatland"},"geometry":{"type":"Point","coordinates":[-113.400278,51.037778]}},{"type":"Feature","properties":{"en":"Wheatlands No. 163","fr":""},"geometry":{"type":"Point","coordinates":[-106.192,50.4531]}},{"type":"Feature","properties":{"en":"White Bear","fr":""},"geometry":{"type":"Point","coordinates":[-108.219,50.8808]}},{"type":"Feature","properties":{"en":"White River","fr":"White River"},"geometry":{"type":"Point","coordinates":[-85.2833,48.5833]}},{"type":"Feature","properties":{"en":"Wickham Parish","fr":""},"geometry":{"type":"Point","coordinates":[-65.9886,45.7054]}},{"type":"Feature","properties":{"en":"Wikwemikong Unceded Indian Reserve 26","fr":"Réserve indienne non cédée de Wikwemikong 26"},"geometry":{"type":"Point","coordinates":[-81.7164,45.7067]}},{"type":"Feature","properties":{"en":"Willingdon","fr":"Willingdon"},"geometry":{"type":"Point","coordinates":[-112.1175,53.828333333333]}},{"type":"Feature","properties":{"en":"Municipal District of Willow Creek No. 26","fr":"Willow Creek No 26"},"geometry":{"type":"Point","coordinates":[-113.578333,50.019444]}},{"type":"Feature","properties":{"en":"Wilmot Parish","fr":""},"geometry":{"type":"Point","coordinates":[-67.615,46.31]}},{"type":"Feature","properties":{"en":"Woking","fr":"Woking"},"geometry":{"type":"Point","coordinates":[-118.772,55.5925]}},{"type":"Feature","properties":{"en":"Wollaston","fr":"Wollaston"},"geometry":{"type":"Point","coordinates":[-77.833611111111,44.956111111111]}},{"type":"Feature","properties":{"en":"Wood River No. 74","fr":"Wood River No 74"},"geometry":{"type":"Point","coordinates":[-106.598,49.65]}},{"type":"Feature","properties":{"en":"Woodlands County","fr":"comté de Woodlands"},"geometry":{"type":"Point","coordinates":[-115.685278,54.142778]}},{"type":"Feature","properties":{"en":"Wrentham","fr":"Wrentham"},"geometry":{"type":"Point","coordinates":[-112.172778,49.514444]}},{"type":"Feature","properties":{"en":"Yellowhead County","fr":"comté de Yellowhead"},"geometry":{"type":"Point","coordinates":[-116.43444444444,53.581666666667]}},{"type":"Feature","properties":{"en":"Youngstown","fr":"Youngstown"},"geometry":{"type":"Point","coordinates":[-111.199,51.5247]}},{"type":"Feature","properties":{"en":"Zama City","fr":"Zama City"},"geometry":{"type":"Point","coordinates":[-118.706,59.1518]}},{"type":"Feature","properties":{"en":"Hilton","fr":"Hilton"},"geometry":{"type":"Point","coordinates":[-83.8833,46.2167]}},{"type":"Feature","properties":{"en":"Gillies","fr":""},"geometry":{"type":"Point","coordinates":[-89.7,48.2667]}},{"type":"Feature","properties":{"en":"Harris","fr":"Harris"},"geometry":{"type":"Point","coordinates":[-79.5666666666667,47.5666666666667]}},{"type":"Feature","properties":{"en":"Horton","fr":"Horton"},"geometry":{"type":"Point","coordinates":[-76.666388888889,45.500833333333]}},{"type":"Feature","properties":{"en":"Ryerson","fr":"Ryerson"},"geometry":{"type":"Point","coordinates":[-79.5111,45.5869]}},{"type":"Feature","properties":{"en":"South-West Oxford","fr":"South-West Oxford"},"geometry":{"type":"Point","coordinates":[-80.8194444444444,42.975]}},{"type":"Feature","properties":{"en":"Tudor and Cashel","fr":""},"geometry":{"type":"Point","coordinates":[-77.6,44.75]}},{"type":"Feature","properties":{"en":"Whitewater Region","fr":"Whitewater Region"},"geometry":{"type":"Point","coordinates":[-76.8333,45.7167]}},{"type":"Feature","properties":{"en":"Lac-à-la-Croix","fr":"Lac-à-la-Croix"},"geometry":{"type":"Point","coordinates":[-67.783338,48.300005]}},{"type":"Feature","properties":{"en":"Laird","fr":"Laird"},"geometry":{"type":"Point","coordinates":[-84.0667,46.3833]}},{"type":"Feature","properties":{"en":"Macdonald, Meredith and Aberdeen Additional","fr":"Macdonald, Meredith and Aberdeen Additional"},"geometry":{"type":"Point","coordinates":[-84.0667,46.4833]}},{"type":"Feature","properties":{"en":"Machar","fr":"Machar"},"geometry":{"type":"Point","coordinates":[-79.4667,45.8667]}},{"type":"Feature","properties":{"en":"Madoc","fr":"Madoc"},"geometry":{"type":"Point","coordinates":[-77.5166666666667,44.5833333333333]}},{"type":"Feature","properties":{"en":"North Stormont","fr":"North Stormont"},"geometry":{"type":"Point","coordinates":[-75.0175,45.2172222222222]}},{"type":"Feature","properties":{"en":"Pickle Lake","fr":"Pickle Lake"},"geometry":{"type":"Point","coordinates":[-90.1833,51.4667]}},{"type":"Feature","properties":{"en":"Quebec","fr":"agglomération de Québec"},"geometry":{"type":"Point","coordinates":[-71.224169444444,46.816111111111]}},{"type":"Feature","properties":{"en":"Shuniah","fr":"Shuniah"},"geometry":{"type":"Point","coordinates":[-88.7811111111111,48.5883333333333]}},{"type":"Feature","properties":{"en":"Mistusinne","fr":""},"geometry":{"type":"Point","coordinates":[-106.526,51.0683]}},{"type":"Feature","properties":{"en":"Gull Lake","fr":"Gull Lake"},"geometry":{"type":"Point","coordinates":[-113.951,52.4578]}},{"type":"Feature","properties":{"en":"Beresford Parish","fr":"paroisse de Beresford"},"geometry":{"type":"Point","coordinates":[-65.8875,47.715]}},{"type":"Feature","properties":{"en":"Breton","fr":"Breton"},"geometry":{"type":"Point","coordinates":[-114.474,53.105]}},{"type":"Feature","properties":{"en":"Hudson's Hope","fr":"Hudson's Hope"},"geometry":{"type":"Point","coordinates":[-121.906,56.0316]}},{"type":"Feature","properties":{"en":"Hussar","fr":"Hussar"},"geometry":{"type":"Point","coordinates":[-112.683,51.0419]}},{"type":"Feature","properties":{"en":"Improvement District No. 349","fr":"district d'amélioration No 349"},"geometry":{"type":"Point","coordinates":[-110.66666666667,55.083333333333]}},{"type":"Feature","properties":{"en":"Innisfree","fr":"Innisfree"},"geometry":{"type":"Point","coordinates":[-111.532,53.3828]}},{"type":"Feature","properties":{"en":"Itaska Beach","fr":"Itaska Beach"},"geometry":{"type":"Point","coordinates":[-114.078,53.0713]}},{"type":"Feature","properties":{"en":"Lakeview","fr":"Lakeview"},"geometry":{"type":"Point","coordinates":[-114.45888888889,53.559722222222]}},{"type":"Feature","properties":{"en":"Lomond","fr":"Lomond"},"geometry":{"type":"Point","coordinates":[-112.641,50.3539]}},{"type":"Feature","properties":{"en":"Happy Valley No. 10","fr":""},"geometry":{"type":"Point","coordinates":[-105.018,49.1303]}},{"type":"Feature","properties":{"en":"Willowdale No. 153","fr":""},"geometry":{"type":"Point","coordinates":[-102.24,50.4539]}},{"type":"Feature","properties":{"en":"King-Lebel","fr":""},"geometry":{"type":"Point","coordinates":[-79.9583,48.1625]}},{"type":"Feature","properties":{"en":"Saint Stephen Parish","fr":""},"geometry":{"type":"Point","coordinates":[-67.3259,45.2113]}},{"type":"Feature","properties":{"en":"St. Mary's","fr":"St. Mary's"},"geometry":{"type":"Point","coordinates":[-62.185,45.2]}},{"type":"Feature","properties":{"en":"Esquimalt","fr":"Esquimalt"},"geometry":{"type":"Point","coordinates":[-123.41472222,48.43055556]}},{"type":"Feature","properties":{"en":"Harbour Main-Chapel's Cove-Lakeview","fr":"Harbour Main-Chapel's Cove-Lakeview"},"geometry":{"type":"Point","coordinates":[-53.14583611,47.43369167]}},{"type":"Feature","properties":{"en":"Campobello Island","fr":"Campobello Island"},"geometry":{"type":"Point","coordinates":[-66.934891,44.898201]}},{"type":"Feature","properties":{"en":"Taihoku","fr":""},"geometry":{"type":"Point","coordinates":[121.520972,25.046389]}},{"type":"Feature","properties":{"en":"Speers","fr":"Speers"},"geometry":{"type":"Point","coordinates":[-107.558,52.7097]}},{"type":"Feature","properties":{"en":"Hamiota","fr":"Hamiota"},"geometry":{"type":"Point","coordinates":[-100.634,50.1964]}},{"type":"Feature","properties":{"en":"Bifrost – Riverton","fr":"Bifrost-Riverton"},"geometry":{"type":"Point","coordinates":[-97.1436,51.0603]}},{"type":"Feature","properties":{"en":"Minitonas – Bowsman","fr":"Minitonas-Bowsman"},"geometry":{"type":"Point","coordinates":[-100.977,52.1433]}},{"type":"Feature","properties":{"en":"Swan Valley West","fr":"Swan Valley West"},"geometry":{"type":"Point","coordinates":[-101.394,51.9978]}},{"type":"Feature","properties":{"en":"Cartwright – Roblin","fr":""},"geometry":{"type":"Point","coordinates":[-99.2797,49.1331]}},{"type":"Feature","properties":{"en":"Wallace-Woodworth","fr":"Wallace-Woodworth"},"geometry":{"type":"Point","coordinates":[-100.938769,49.915691]}},{"type":"Feature","properties":{"en":"Alderville","fr":""},"geometry":{"type":"Point","coordinates":[-78.0667,44.1833]}},{"type":"Feature","properties":{"en":"Christian Island Indian Reserve 30","fr":"Christian Island 30"},"geometry":{"type":"Point","coordinates":[-80.18333333,44.85]}},{"type":"Feature","properties":{"en":"Kingfisher Lake Indian Reserve 1","fr":""},"geometry":{"type":"Point","coordinates":[-89.816666666667,53.083333333333]}},{"type":"Feature","properties":{"en":"Long Sault Indian Reserve 12","fr":""},"geometry":{"type":"Point","coordinates":[-94.11666667,48.65]}},{"type":"Feature","properties":{"en":"Sabaskong Bay Indian Reserve 35D","fr":""},"geometry":{"type":"Point","coordinates":[-93.91666667,49.18333333]}},{"type":"Feature","properties":{"en":"Whitefish Bay Indian Reserve 32A","fr":""},"geometry":{"type":"Point","coordinates":[-93.8925,49.401944]}},{"type":"Feature","properties":{"en":"Neguaguon Lake Indian Reserve 25D","fr":""},"geometry":{"type":"Point","coordinates":[-92.08357,48.3831]}},{"type":"Feature","properties":{"en":"Walpole Island Indian Reserve 46","fr":"Walpole Island 46"},"geometry":{"type":"Point","coordinates":[-82.51653,42.55008]}},{"type":"Feature","properties":{"en":"Samson 137A","fr":""},"geometry":{"type":"Point","coordinates":[-113.43393,52.75707]}},{"type":"Feature","properties":{"en":"Stoney 142B","fr":""},"geometry":{"type":"Point","coordinates":[-114.76036,51.30566]}},{"type":"Feature","properties":{"en":"Ermineskin 138","fr":""},"geometry":{"type":"Point","coordinates":[-113.5145,52.86957]}},{"type":"Feature","properties":{"en":"Big Grassy River Indian Reserve 35G","fr":"Réserve indienne Big Grassy River 35G"},"geometry":{"type":"Point","coordinates":[-94.3167,49.0667]}},{"type":"Feature","properties":{"en":"Attawapiskat Indian Reserve 91A","fr":""},"geometry":{"type":"Point","coordinates":[-82.41625,52.93341]}},{"type":"Feature","properties":{"en":"Drew Harbour 9","fr":"Réserve indienne No 9 de Drew Harbour"},"geometry":{"type":"Point","coordinates":[-125.188,50.0857]}},{"type":"Feature","properties":{"en":"Tyendinaga Mohawk Territory","fr":"Tyendinaga"},"geometry":{"type":"Point","coordinates":[-77.133333333333,44.191666666667]}},{"type":"Feature","properties":{"en":"Improvement District No. 13 (Elk Island National Park)","fr":"district d'amélioration No 13 Elk Island National Park"},"geometry":{"type":"Point","coordinates":[-112.883333333333,53.6]}},{"type":"Feature","properties":{"en":"Improvement District No. 25","fr":"district d'amélioration No 25"},"geometry":{"type":"Point","coordinates":[-119.13611111111,53.675]}},{"type":"Feature","properties":{"en":"Ivujivik","fr":"Ivujivik"},"geometry":{"type":"Point","coordinates":[-77.7245,62.4089]}},{"type":"Feature","properties":{"en":"Northern Saskatchewan Administration District","fr":"Northern Saskatchewan Administration District"},"geometry":{"type":"Point","coordinates":[-105.93,55.48]}},{"type":"Feature","properties":{"en":"Laverlochère-Angliers","fr":"Laverlochère-Angliers"},"geometry":{"type":"Point","coordinates":[-79.204722222222,47.508888888889]}},{"type":"Feature","properties":{"en":"Daveluyville","fr":"Daveluyville"},"geometry":{"type":"Point","coordinates":[-72.136388888889,46.200833333333]}},{"type":"Feature","properties":{"en":"Verdis","fr":"Verdis"},"geometry":{"type":"Point","coordinates":[18.908274,45.594512]}},{"type":"Feature","properties":{"en":"L'Épiphanie","fr":"L'Épiphanie"},"geometry":{"type":"Point","coordinates":[-73.4825,45.8502777777778]}},{"type":"Feature","properties":{"en":"Marten Falls Indian Reserve 65","fr":"réserve indienne Marten Falls 65"},"geometry":{"type":"Point","coordinates":[-85.916111,51.663333]}},{"type":"Feature","properties":{"en":"La Morandière-Rochebaucourt","fr":"La Morandière-Rochebaucourt"},"geometry":{"type":"Point","coordinates":[-77.6375,48.6158333333333]}},{"type":"Feature","properties":{"en":"Courcelles–Saint-Évariste","fr":"Courcelles–Saint-Évariste"},"geometry":{"type":"Point","coordinates":[-70.9830555555556,45.8738888888889]}},{"type":"Feature","properties":{"en":"Plessisville","fr":"Plessisville"},"geometry":{"type":"Point","coordinates":[-71.771965,46.219515]}},{"type":"Feature","properties":{"en":"Sainte-Élisabeth-de-Proulx","fr":"Sainte-Élisabeth-de-Proulx"},"geometry":{"type":"Point","coordinates":[-72.07,48.9675]}},{"type":"Feature","properties":{"en":"La Pocatière","fr":"La Pocatière"},"geometry":{"type":"Point","coordinates":[-69.96576,47.3218084]}}]}