{"type":"FeatureCollection","features":[{"type":"Feature","properties":{"en":"Asahan","fr":"kabupaten d'Asahan"},"geometry":{"type":"Point","coordinates":[99.1667,3.0]}},{"type":"Feature","properties":{"en":"Aceh","fr":"Aceh"},"geometry":{"type":"Point","coordinates":[95.3407655857683,5.57028144073702]}},{"type":"Feature","properties":{"en":"Bangka Belitung Islands","fr":"Îles Bangka Belitung"},"geometry":{"type":"Point","coordinates":[106.1,-2.1]}},{"type":"Feature","properties":{"en":"Bengkulu","fr":"Bengkulu"},"geometry":{"type":"Point","coordinates":[102.284094121608,-3.82092458116514]}},{"type":"Feature","properties":{"en":"Jambi","fr":"Jambi"},"geometry":{"type":"Point","coordinates":[103.583333333333,-1.60333333333333]}},{"type":"Feature","properties":{"en":"Lampung","fr":"Lampung"},"geometry":{"type":"Point","coordinates":[105.258333333333,-5.44083333333333]}},{"type":"Feature","properties":{"en":"North Sumatra","fr":"Sumatra du Nord"},"geometry":{"type":"Point","coordinates":[99.0,2.0]}},{"type":"Feature","properties":{"en":"Riau","fr":"Riau"},"geometry":{"type":"Point","coordinates":[101.45,0.54]}},{"type":"Feature","properties":{"en":"Riau Islands","fr":"Îles Riau"},"geometry":{"type":"Point","coordinates":[104.45,0.9]}},{"type":"Feature","properties":{"en":"South Sumatra","fr":"Sumatra du Sud"},"geometry":{"type":"Point","coordinates":[103.83333333333,-2.75]}},{"type":"Feature","properties":{"en":"West Sumatra","fr":"Sumatra occidental"},"geometry":{"type":"Point","coordinates":[100.5,-1.0]}},{"type":"Feature","properties":{"en":"Banten","fr":"Banten"},"geometry":{"type":"Point","coordinates":[106.25,-6.5]}},{"type":"Feature","properties":{"en":"Central Java","fr":"Java central"},"geometry":{"type":"Point","coordinates":[110.0,-7.5]}},{"type":"Feature","properties":{"en":"East Java","fr":"Java oriental"},"geometry":{"type":"Point","coordinates":[112.5,-7.7]}},{"type":"Feature","properties":{"en":"Jakarta","fr":"Jakarta"},"geometry":{"type":"Point","coordinates":[106.826944444444,-6.17527777777778]}},{"type":"Feature","properties":{"en":"West Java","fr":"Java occidental"},"geometry":{"type":"Point","coordinates":[107.5,-6.75]}},{"type":"Feature","properties":{"en":"Yogyakarta","fr":"région de Daérah Istiméwa Yogyakarta"},"geometry":{"type":"Point","coordinates":[110.36444444444,-7.8013888888889]}},{"type":"Feature","properties":{"en":"Central Kalimantan","fr":"Kalimantan central"},"geometry":{"type":"Point","coordinates":[113.91666666667,-2.2166666666667]}},{"type":"Feature","properties":{"en":"East Kalimantan","fr":"Kalimantan oriental"},"geometry":{"type":"Point","coordinates":[116.31666666667,1.05]}},{"type":"Feature","properties":{"en":"North Kalimantan","fr":"Kalimantan du Nord"},"geometry":{"type":"Point","coordinates":[116.46333333333,3.4150833333333]}},{"type":"Feature","properties":{"en":"South Kalimantan","fr":"Kalimantan du Sud"},"geometry":{"type":"Point","coordinates":[115.5,-2.5]}},{"type":"Feature","properties":{"en":"West Kalimantan","fr":"Kalimantan occidental"},"geometry":{"type":"Point","coordinates":[110.5,0.0]}},{"type":"Feature","properties":{"en":"Surakarta","fr":"Surakarta"},"geometry":{"type":"Point","coordinates":[110.81666666667,-7.5666666666667]}},{"type":"Feature","properties":{"en":"East Nusa Tenggara","fr":"Petites Îles de la Sonde orientales"},"geometry":{"type":"Point","coordinates":[123.58333333333,-10.183333333333]}},{"type":"Feature","properties":{"en":"West Nusa Tenggara","fr":"Petites Îles de la Sonde occidentales"},"geometry":{"type":"Point","coordinates":[116.11666666667,-8.5833333333333]}},{"type":"Feature","properties":{"en":"Central Sulawesi","fr":"Sulawesi central"},"geometry":{"type":"Point","coordinates":[121.0,-1.0]}},{"type":"Feature","properties":{"en":"Gorontalo","fr":"Gorontalo"},"geometry":{"type":"Point","coordinates":[123.0,0.666667]}},{"type":"Feature","properties":{"en":"North Sulawesi","fr":"Sulawesi du Nord"},"geometry":{"type":"Point","coordinates":[124.83333333333,1.25]}},{"type":"Feature","properties":{"en":"Southeast Sulawesi","fr":"Sulawesi du Sud-Est"},"geometry":{"type":"Point","coordinates":[122.5,-3.95]}},{"type":"Feature","properties":{"en":"South Sulawesi","fr":"Sulawesi du Sud"},"geometry":{"type":"Point","coordinates":[120.0,-3.75]}},{"type":"Feature","properties":{"en":"West Sulawesi","fr":"Sulawesi occidental"},"geometry":{"type":"Point","coordinates":[118.9,-2.6833333333333]}},{"type":"Feature","properties":{"en":"Maluku","fr":"Moluques"},"geometry":{"type":"Point","coordinates":[128.17,-3.705]}},{"type":"Feature","properties":{"en":"North Maluku","fr":"Moluques du Nord"},"geometry":{"type":"Point","coordinates":[127.36666666667,0.78333333333333]}},{"type":"Feature","properties":{"en":"Papua","fr":"Papouasie"},"geometry":{"type":"Point","coordinates":[140.714618202741,-2.53685823371889]}},{"type":"Feature","properties":{"en":"West Papua","fr":"Papouasie occidentale"},"geometry":{"type":"Point","coordinates":[133.670556,-1.801389]}},{"type":"Feature","properties":{"en":"Great Aceh","fr":"Aceh Besar"},"geometry":{"type":"Point","coordinates":[95.533333333333,5.3666666666667]}},{"type":"Feature","properties":{"en":"Gayo Lues","fr":"Gayo Lues"},"geometry":{"type":"Point","coordinates":[97.0,4.0]}},{"type":"Feature","properties":{"en":"Aceh Jaya","fr":"Aceh Jaya"},"geometry":{"type":"Point","coordinates":[95.666666666667,4.8166666666667]}},{"type":"Feature","properties":{"en":"Aceh Singkil","fr":"Aceh Singkil"},"geometry":{"type":"Point","coordinates":[97.666666666667,2.3333333333333]}},{"type":"Feature","properties":{"en":"East Aceh","fr":"Aceh Timur"},"geometry":{"type":"Point","coordinates":[97.616666666667,4.6166666666667]}},{"type":"Feature","properties":{"en":"Central Aceh","fr":"Aceh central"},"geometry":{"type":"Point","coordinates":[96.333333333333,4.3333333333333]}},{"type":"Feature","properties":{"en":"Aceh Tamiang","fr":"Aceh Tamiang"},"geometry":{"type":"Point","coordinates":[97.872161111111,4.2749055555556]}},{"type":"Feature","properties":{"en":"Bener Meriah","fr":"Bener Meriah"},"geometry":{"type":"Point","coordinates":[97.0,4.75]}},{"type":"Feature","properties":{"en":"Bireuen","fr":"Bireuen"},"geometry":{"type":"Point","coordinates":[96.6,5.0833333333333]}},{"type":"Feature","properties":{"en":"Nagan Raya","fr":"Nagan Raya"},"geometry":{"type":"Point","coordinates":[96.32438,4.16887999]}},{"type":"Feature","properties":{"en":"North Aceh","fr":"Aceh Utara"},"geometry":{"type":"Point","coordinates":[97.0,4.9166666666667]}},{"type":"Feature","properties":{"en":"Pidie","fr":"Pidie"},"geometry":{"type":"Point","coordinates":[96.11,5.08]}},{"type":"Feature","properties":{"en":"Pidie Jaya","fr":"Pidie Jaya"},"geometry":{"type":"Point","coordinates":[96.21667,5.15]}},{"type":"Feature","properties":{"en":"South Aceh","fr":"Aceh Selatan"},"geometry":{"type":"Point","coordinates":[97.45,3.1333333333333]}},{"type":"Feature","properties":{"en":"Southeast Aceh","fr":"Aceh Tenggara"},"geometry":{"type":"Point","coordinates":[97.683333333333,3.3666666666667]}},{"type":"Feature","properties":{"en":"Southwest Aceh","fr":"Aceh Barat Daya"},"geometry":{"type":"Point","coordinates":[95.916666666667,3.7911111111111]}},{"type":"Feature","properties":{"en":"West Aceh","fr":"Aceh Barat"},"geometry":{"type":"Point","coordinates":[96.183333333333,4.45]}},{"type":"Feature","properties":{"en":"Banda Aceh","fr":"Banda Aceh"},"geometry":{"type":"Point","coordinates":[95.3175,5.55]}},{"type":"Feature","properties":{"en":"Langsa","fr":"Langsa"},"geometry":{"type":"Point","coordinates":[97.95,4.4666666666667]}},{"type":"Feature","properties":{"en":"Lhokseumawe","fr":"Lhokseumawe"},"geometry":{"type":"Point","coordinates":[97.150555555556,5.18]}},{"type":"Feature","properties":{"en":"Subulussalam","fr":"Kota Subulussalam"},"geometry":{"type":"Point","coordinates":[98.004166666667,2.6422222222222]}},{"type":"Feature","properties":{"en":"Batu Bara","fr":"Batu Bara"},"geometry":{"type":"Point","coordinates":[99.52652,3.16166]}},{"type":"Feature","properties":{"en":"Central Tapanuli","fr":"Tapanuli central"},"geometry":{"type":"Point","coordinates":[98.66667,1.9]}},{"type":"Feature","properties":{"en":"Dairi","fr":"Dairi"},"geometry":{"type":"Point","coordinates":[98.23333,2.86667]}},{"type":"Feature","properties":{"en":"Deli Serdang","fr":"kabupaten de Deli Serdang"},"geometry":{"type":"Point","coordinates":[98.85,3.55]}},{"type":"Feature","properties":{"en":"Humbang Hasundutan","fr":"Humbang Hasundutan"},"geometry":{"type":"Point","coordinates":[98.50376,2.26551]}},{"type":"Feature","properties":{"en":"Karo","fr":"Karo"},"geometry":{"type":"Point","coordinates":[98.3,3.11667]}},{"type":"Feature","properties":{"en":"Labuhanbatu","fr":"Labuhanbatu"},"geometry":{"type":"Point","coordinates":[100.1,2.26667]}},{"type":"Feature","properties":{"en":"Langkat","fr":"kabupaten de Langkat"},"geometry":{"type":"Point","coordinates":[98.216666666667,3.7666666666667]}},{"type":"Feature","properties":{"en":"Mandailing Natal","fr":"kabupaten de Mandailing Natal"},"geometry":{"type":"Point","coordinates":[99.25495,0.78378]}},{"type":"Feature","properties":{"en":"Nias","fr":"Nias"},"geometry":{"type":"Point","coordinates":[97.76667,1.03333]}},{"type":"Feature","properties":{"en":"North Labuhanbatu","fr":"Labuhanbatu Utara"},"geometry":{"type":"Point","coordinates":[99.6375,2.3333333333333]}},{"type":"Feature","properties":{"en":"North Nias","fr":"Nias Utara"},"geometry":{"type":"Point","coordinates":[97.36,1.3875]}},{"type":"Feature","properties":{"en":"North Padang Lawas","fr":"kabupaten de Padang Lawas du Nord"},"geometry":{"type":"Point","coordinates":[99.67346,1.46011]}},{"type":"Feature","properties":{"en":"North Tapanuli","fr":"Tapanuli Utara"},"geometry":{"type":"Point","coordinates":[99.0707,2.0028]}},{"type":"Feature","properties":{"en":"Padang Lawas","fr":"kabupaten de Padang Lawas"},"geometry":{"type":"Point","coordinates":[99.813309,1.126026]}},{"type":"Feature","properties":{"en":"Pakpak Bharat","fr":"Pakpak Bharat"},"geometry":{"type":"Point","coordinates":[98.28333,2.56667]}},{"type":"Feature","properties":{"en":"Samosir","fr":"Samosir"},"geometry":{"type":"Point","coordinates":[98.71525,2.64025]}},{"type":"Feature","properties":{"en":"Serdang Bedagai","fr":"Serdang Bedagai"},"geometry":{"type":"Point","coordinates":[99.03333,3.36667]}},{"type":"Feature","properties":{"en":"Simalungun","fr":"Simalungun"},"geometry":{"type":"Point","coordinates":[99.0,2.9]}},{"type":"Feature","properties":{"en":"South Labuhanbatu","fr":"Labuhanbatu Selatan"},"geometry":{"type":"Point","coordinates":[100.0975,1.9827777777778]}},{"type":"Feature","properties":{"en":"West Nias","fr":"Nias Barat"},"geometry":{"type":"Point","coordinates":[97.58606,1.05966]}},{"type":"Feature","properties":{"en":"Toba","fr":"Toba Samosir"},"geometry":{"type":"Point","coordinates":[99.21678,2.39793]}},{"type":"Feature","properties":{"en":"South Tapanuli","fr":"Tapanuli Selatan"},"geometry":{"type":"Point","coordinates":[99.30107,1.517652]}},{"type":"Feature","properties":{"en":"South Nias","fr":"kabupaten de Nias du Sud"},"geometry":{"type":"Point","coordinates":[97.7776668905183,0.583352913177731]}},{"type":"Feature","properties":{"en":"Binjai","fr":"Binjai"},"geometry":{"type":"Point","coordinates":[98.485277777778,3.6]}},{"type":"Feature","properties":{"en":"Gunungsitoli","fr":"Gunungsitoli"},"geometry":{"type":"Point","coordinates":[97.5666666666667,1.11666666666667]}},{"type":"Feature","properties":{"en":"Medan","fr":"Medan"},"geometry":{"type":"Point","coordinates":[98.6738888888889,3.58944444444444]}},{"type":"Feature","properties":{"en":"Padangsidimpuan","fr":"Padang Sidempuan"},"geometry":{"type":"Point","coordinates":[99.266666666667,1.3666666666667]}},{"type":"Feature","properties":{"en":"Pematangsiantar","fr":"Pematang Siantar"},"geometry":{"type":"Point","coordinates":[99.06,2.96]}},{"type":"Feature","properties":{"en":"Tanjungbalai","fr":"Kota Tanjung Balai"},"geometry":{"type":"Point","coordinates":[99.8,2.9666666666667]}},{"type":"Feature","properties":{"en":"Tebing Tinggi","fr":"Tebing Tinggi"},"geometry":{"type":"Point","coordinates":[99.1625,3.3283333333333]}},{"type":"Feature","properties":{"en":"Agam","fr":"Agam"},"geometry":{"type":"Point","coordinates":[100.0,-0.26666666666667]}},{"type":"Feature","properties":{"en":"Dharmasraya","fr":"kabupaten de Dharmasraya"},"geometry":{"type":"Point","coordinates":[101.367,-1.05]}},{"type":"Feature","properties":{"en":"Lima Puluh Kota","fr":"kabupaten de Lima Puluh Kota"},"geometry":{"type":"Point","coordinates":[100.5872,-0.0168]}},{"type":"Feature","properties":{"en":"Padang Pariaman","fr":"Padang Pariaman"},"geometry":{"type":"Point","coordinates":[100.28333,-0.6]}},{"type":"Feature","properties":{"en":"Pasaman","fr":"Pasaman"},"geometry":{"type":"Point","coordinates":[100.117,0.16666666666667]}},{"type":"Feature","properties":{"en":"Sijunjung","fr":"Sijunjung"},"geometry":{"type":"Point","coordinates":[100.9775,-0.70055555555556]}},{"type":"Feature","properties":{"en":"Solok","fr":"Solok"},"geometry":{"type":"Point","coordinates":[100.81667,-0.96667]}},{"type":"Feature","properties":{"en":"South Pesisir","fr":"Pesisir Selatan"},"geometry":{"type":"Point","coordinates":[100.567,-1.35]}},{"type":"Feature","properties":{"en":"South Solok","fr":"kabupaten Solok"},"geometry":{"type":"Point","coordinates":[101.417,-1.2333305555556]}},{"type":"Feature","properties":{"en":"Tanah Datar","fr":"kabupaten de Tanah Datar"},"geometry":{"type":"Point","coordinates":[100.583,-0.45]}},{"type":"Feature","properties":{"en":"West Pasaman","fr":"West Pasaman"},"geometry":{"type":"Point","coordinates":[99.51965,0.28152]}},{"type":"Feature","properties":{"en":"Bukittinggi","fr":"Bukittinggi"},"geometry":{"type":"Point","coordinates":[100.37527777778,-0.30972222222222]}},{"type":"Feature","properties":{"en":"Padang","fr":"Padang"},"geometry":{"type":"Point","coordinates":[100.360556,-0.955556]}},{"type":"Feature","properties":{"en":"Padang Panjang","fr":"Padang Panjang"},"geometry":{"type":"Point","coordinates":[100.40083333333,-0.46444444444444]}},{"type":"Feature","properties":{"en":"Pariaman","fr":"Pariaman"},"geometry":{"type":"Point","coordinates":[100.12055555556,-0.62611111111111]}},{"type":"Feature","properties":{"en":"Payakumbuh","fr":"Payakumbuh"},"geometry":{"type":"Point","coordinates":[100.6325,-0.22444444444444]}},{"type":"Feature","properties":{"en":"Sawahlunto","fr":"Sawahlunto"},"geometry":{"type":"Point","coordinates":[100.77833333333,-0.68277777777778]}},{"type":"Feature","properties":{"en":"Solok","fr":"Solok"},"geometry":{"type":"Point","coordinates":[100.65416666667,-0.78833333333333]}},{"type":"Feature","properties":{"en":"Batang Hari","fr":"kabupaten de Batanghari"},"geometry":{"type":"Point","coordinates":[103.2616673,-1.7137948]}},{"type":"Feature","properties":{"en":"Bungo","fr":"Bungo"},"geometry":{"type":"Point","coordinates":[102.1187566,-1.5160595]}},{"type":"Feature","properties":{"en":"Kerinci","fr":"kabupaten de Kerinci"},"geometry":{"type":"Point","coordinates":[101.342527777778,-1.93608333333333]}},{"type":"Feature","properties":{"en":"Merangin","fr":"Merangin"},"geometry":{"type":"Point","coordinates":[102.132777777778,-2.06916666666667]}},{"type":"Feature","properties":{"en":"Muaro Jambi","fr":"Muaro Jambi"},"geometry":{"type":"Point","coordinates":[103.5160995,-1.4495102]}},{"type":"Feature","properties":{"en":"Sarolangun","fr":"Sarolangun"},"geometry":{"type":"Point","coordinates":[102.65,-2.3]}},{"type":"Feature","properties":{"en":"East Tanjung Jabung","fr":"Tanjung Jabung Timur"},"geometry":{"type":"Point","coordinates":[103.61755,-1.13198]}},{"type":"Feature","properties":{"en":"West Tanjung Jabung","fr":"Tanjung Jabung Barat"},"geometry":{"type":"Point","coordinates":[103.4614765,-0.826341]}},{"type":"Feature","properties":{"en":"Tebo","fr":"Tebo"},"geometry":{"type":"Point","coordinates":[102.317,-1.38333]}},{"type":"Feature","properties":{"en":"Yogyakarta","fr":"Yogyakarta"},"geometry":{"type":"Point","coordinates":[110.391280229855,-7.80045676649044]}},{"type":"Feature","properties":{"en":"Jambi","fr":"Jambi"},"geometry":{"type":"Point","coordinates":[103.608227492044,-1.62879445223381]}},{"type":"Feature","properties":{"en":"Sungai Penuh","fr":"Sungai Penuh"},"geometry":{"type":"Point","coordinates":[101.39611111111,-2.0636111111111]}},{"type":"Feature","properties":{"en":"Bengkalis","fr":"Bengkalis"},"geometry":{"type":"Point","coordinates":[102.07972222222,1.4897222222222]}},{"type":"Feature","properties":{"en":"Indragiri Hilir","fr":"Indragiri Hilir"},"geometry":{"type":"Point","coordinates":[103.158055555556,-0.315555555555556]}},{"type":"Feature","properties":{"en":"Indragiri Hulu","fr":"kabupaten d'Indragiri Hulu"},"geometry":{"type":"Point","coordinates":[102.316666666667,-0.55]}},{"type":"Feature","properties":{"en":"Kampar","fr":"Kampar"},"geometry":{"type":"Point","coordinates":[101.0185247,0.313609]}},{"type":"Feature","properties":{"en":"Kuantan Singingi","fr":"Kuantan Singingi"},"geometry":{"type":"Point","coordinates":[101.45857,-0.47532]}},{"type":"Feature","properties":{"en":"Meranti Islands","fr":"Kepulauan Meranti"},"geometry":{"type":"Point","coordinates":[102.69539,0.97488]}},{"type":"Feature","properties":{"en":"Pelalawan","fr":"kabupaten de Pelalawan"},"geometry":{"type":"Point","coordinates":[102.18607,0.20822]}},{"type":"Feature","properties":{"en":"Rokan Hulu","fr":"Rokan Hulu"},"geometry":{"type":"Point","coordinates":[100.5,0.93333333333333]}},{"type":"Feature","properties":{"en":"Rokan Hilir","fr":"Rokan Hilir"},"geometry":{"type":"Point","coordinates":[100.82514,2.16599]}},{"type":"Feature","properties":{"en":"Siak","fr":"kabupaten de Siak"},"geometry":{"type":"Point","coordinates":[102.013333333333,0.974444444444444]}},{"type":"Feature","properties":{"en":"Dumai","fr":"Dumai"},"geometry":{"type":"Point","coordinates":[101.45,1.6666666666667]}},{"type":"Feature","properties":{"en":"Pekanbaru","fr":"Pekanbaru"},"geometry":{"type":"Point","coordinates":[101.45,0.53333333333333]}},{"type":"Feature","properties":{"en":"Central Bengkulu","fr":"Bengkulu central"},"geometry":{"type":"Point","coordinates":[102.12616,-3.20679]}},{"type":"Feature","properties":{"en":"Kepahiang","fr":"Kepahiang"},"geometry":{"type":"Point","coordinates":[102.564166666667,-3.60194444444444]}},{"type":"Feature","properties":{"en":"Lebong","fr":"Lebong"},"geometry":{"type":"Point","coordinates":[102.3349,-3.24278]}},{"type":"Feature","properties":{"en":"Mukomuko","fr":"kabupaten de Mukomuko"},"geometry":{"type":"Point","coordinates":[101.104217567019,-2.55291464859295]}},{"type":"Feature","properties":{"en":"North Bengkulu","fr":"Bengkulu Utara"},"geometry":{"type":"Point","coordinates":[102.05,-3.33333]}},{"type":"Feature","properties":{"en":"Rejang Lebong","fr":"Rejang Lebong"},"geometry":{"type":"Point","coordinates":[102.716666666667,-3.43333333333333]}},{"type":"Feature","properties":{"en":"Seluma","fr":"Seluma"},"geometry":{"type":"Point","coordinates":[102.47429,-3.96644]}},{"type":"Feature","properties":{"en":"South Bengkulu","fr":"Bengkulu Selatan"},"geometry":{"type":"Point","coordinates":[103.03333,-4.35]}},{"type":"Feature","properties":{"en":"Bengkulu","fr":"Bengkulu"},"geometry":{"type":"Point","coordinates":[102.25916666667,-3.7955555555556]}},{"type":"Feature","properties":{"en":"Banyuasin","fr":"kabupaten de Banyuasin"},"geometry":{"type":"Point","coordinates":[104.38305556,-2.88333333]}},{"type":"Feature","properties":{"en":"East Ogan Komering Ulu","fr":"Ogan Komering Ulu oriental"},"geometry":{"type":"Point","coordinates":[104.75209,-3.85679]}},{"type":"Feature","properties":{"en":"Empat Lawang","fr":"Empat Lawang"},"geometry":{"type":"Point","coordinates":[103.0,-3.75]}},{"type":"Feature","properties":{"en":"Lahat","fr":"kabupaten de Lahat"},"geometry":{"type":"Point","coordinates":[103.542778,-3.786389]}},{"type":"Feature","properties":{"en":"Muara Enim","fr":"Muara Enim"},"geometry":{"type":"Point","coordinates":[103.6141,-4.2327]}},{"type":"Feature","properties":{"en":"Musi Banyuasin","fr":"Musi Banyuasin"},"geometry":{"type":"Point","coordinates":[103.8125,-2.89388889]}},{"type":"Feature","properties":{"en":"Musi Rawas","fr":"kabupaten de Musi Rawas"},"geometry":{"type":"Point","coordinates":[103.2,-3.08333]}},{"type":"Feature","properties":{"en":"Ogan Ilir","fr":"Ogan Ilir"},"geometry":{"type":"Point","coordinates":[104.62727,-3.43186]}},{"type":"Feature","properties":{"en":"Ogan Komering Ilir","fr":"Ogan Komering Ilir"},"geometry":{"type":"Point","coordinates":[105.36667,-3.36667]}},{"type":"Feature","properties":{"en":"Ogan Komering Ulu","fr":"Ogan Komering Ulu"},"geometry":{"type":"Point","coordinates":[104.03333,-4.13333]}},{"type":"Feature","properties":{"en":"South Ogan Komering Ulu","fr":"Ogan Komering Ulu Selatan"},"geometry":{"type":"Point","coordinates":[104.00659,-4.65728]}},{"type":"Feature","properties":{"en":"Lubuk Linggau","fr":"Lubuklinggau"},"geometry":{"type":"Point","coordinates":[102.86166666667,-3.2966666666667]}},{"type":"Feature","properties":{"en":"Pagar Alam","fr":"Pagar Alam"},"geometry":{"type":"Point","coordinates":[103.25222222222,-4.0216666666667]}},{"type":"Feature","properties":{"en":"Palembang","fr":"Palembang"},"geometry":{"type":"Point","coordinates":[104.76444444444,-2.9833333333333]}},{"type":"Feature","properties":{"en":"Prabumulih","fr":"Prabumulih"},"geometry":{"type":"Point","coordinates":[104.23555555556,-3.4327777777778]}},{"type":"Feature","properties":{"en":"Central Lampung","fr":"Lampung central"},"geometry":{"type":"Point","coordinates":[105.26667,-4.86667]}},{"type":"Feature","properties":{"en":"East Lampung","fr":"Lampung Timur"},"geometry":{"type":"Point","coordinates":[105.68003,-5.10273]}},{"type":"Feature","properties":{"en":"Mesuji","fr":"Mesuji"},"geometry":{"type":"Point","coordinates":[105.4013,-4.0439]}},{"type":"Feature","properties":{"en":"North Lampung","fr":"Lampung Utara"},"geometry":{"type":"Point","coordinates":[104.8,-4.81667]}},{"type":"Feature","properties":{"en":"Pesawaran","fr":"Pesawaran"},"geometry":{"type":"Point","coordinates":[105.17899,-5.4298]}},{"type":"Feature","properties":{"en":"Pringsewu","fr":"Pringsewu"},"geometry":{"type":"Point","coordinates":[104.93454,-5.42211]}},{"type":"Feature","properties":{"en":"South Lampung","fr":"kabupaten de Lampung du Sud"},"geometry":{"type":"Point","coordinates":[105.5475311,-5.5624299]}},{"type":"Feature","properties":{"en":"Tanggamus","fr":"Tanggamus"},"geometry":{"type":"Point","coordinates":[104.6824048,-5.481456]}},{"type":"Feature","properties":{"en":"Tulang Bawang","fr":"Tulang Bawang"},"geometry":{"type":"Point","coordinates":[105.57999,-4.20604]}},{"type":"Feature","properties":{"en":"Way Kanan","fr":"Way Kanan"},"geometry":{"type":"Point","coordinates":[104.52753,-4.44705]}},{"type":"Feature","properties":{"en":"West Lampung","fr":"Lampung Barat"},"geometry":{"type":"Point","coordinates":[104.19309,-5.14904]}},{"type":"Feature","properties":{"en":"West Tulang Bawang","fr":"Tulang Bawang Barat"},"geometry":{"type":"Point","coordinates":[105.0444,-4.43975]}},{"type":"Feature","properties":{"en":"Bandar Lampung","fr":"Bandar Lampung"},"geometry":{"type":"Point","coordinates":[105.2625,-5.4294444444444]}},{"type":"Feature","properties":{"en":"Metro","fr":"Metro"},"geometry":{"type":"Point","coordinates":[105.3,-5.1166666666667]}},{"type":"Feature","properties":{"en":"Bangka","fr":"Bangka"},"geometry":{"type":"Point","coordinates":[105.88333333333,-1.9]}},{"type":"Feature","properties":{"en":"Belitung","fr":"Belitung"},"geometry":{"type":"Point","coordinates":[107.7,-2.8666666666667]}},{"type":"Feature","properties":{"en":"Central Bangka","fr":"Bangka central"},"geometry":{"type":"Point","coordinates":[106.23333333333,-2.4166666666667]}},{"type":"Feature","properties":{"en":"East Belitung","fr":"Belitung Timur"},"geometry":{"type":"Point","coordinates":[108.05,-2.9]}},{"type":"Feature","properties":{"en":"South Bangka","fr":"Bangka Selatan"},"geometry":{"type":"Point","coordinates":[106.33333333333,-2.7666666666667]}},{"type":"Feature","properties":{"en":"West Bangka","fr":"Bangka Barat"},"geometry":{"type":"Point","coordinates":[105.53741,-1.95839]}},{"type":"Feature","properties":{"en":"Pangkal Pinang","fr":"Pangkal Pinang"},"geometry":{"type":"Point","coordinates":[106.1,-2.1]}},{"type":"Feature","properties":{"en":"Bintan","fr":"kabupaten Bintan"},"geometry":{"type":"Point","coordinates":[104.61944,0.95]}},{"type":"Feature","properties":{"en":"Tanjungpinang","fr":"Tanjungpinang"},"geometry":{"type":"Point","coordinates":[104.45541666667,0.91877777777778]}},{"type":"Feature","properties":{"en":"Central Jakarta","fr":"Jakarta centre"},"geometry":{"type":"Point","coordinates":[106.82,-6.17]}},{"type":"Feature","properties":{"en":"East Jakarta","fr":"Jakarta est"},"geometry":{"type":"Point","coordinates":[106.94,-6.21]}},{"type":"Feature","properties":{"en":"North Jakarta","fr":"Jakarta nord"},"geometry":{"type":"Point","coordinates":[106.9,-6.12]}},{"type":"Feature","properties":{"en":"South Jakarta","fr":"Jakarta sud"},"geometry":{"type":"Point","coordinates":[106.8,-6.25]}},{"type":"Feature","properties":{"en":"West Jakarta","fr":"Jakarta ouest"},"geometry":{"type":"Point","coordinates":[106.731,-6.185]}},{"type":"Feature","properties":{"en":"Lebak","fr":"kabupaten de Lebak"},"geometry":{"type":"Point","coordinates":[106.21667,-6.65]}},{"type":"Feature","properties":{"en":"Pandeglang","fr":"kabupaten de Pandeglang"},"geometry":{"type":"Point","coordinates":[106.10472222222,-6.3091666666667]}},{"type":"Feature","properties":{"en":"Serang","fr":"kabupaten de Serang"},"geometry":{"type":"Point","coordinates":[106.0,-6.15]}},{"type":"Feature","properties":{"en":"Tangerang","fr":"Tangerang"},"geometry":{"type":"Point","coordinates":[106.49,-6.2]}},{"type":"Feature","properties":{"en":"Cilegon","fr":"Cilegon"},"geometry":{"type":"Point","coordinates":[106.01666666667,-6.0166666666667]}},{"type":"Feature","properties":{"en":"Serang","fr":"Serang"},"geometry":{"type":"Point","coordinates":[106.15027777778,-6.12]}},{"type":"Feature","properties":{"en":"Tangerang","fr":"Tangerang"},"geometry":{"type":"Point","coordinates":[106.640277777778,-6.17027777777778]}},{"type":"Feature","properties":{"en":"South Tangerang","fr":"Tangerang du Sud"},"geometry":{"type":"Point","coordinates":[106.71805555556,-6.2888888888889]}},{"type":"Feature","properties":{"en":"Bandung","fr":"kabupaten de Bandung"},"geometry":{"type":"Point","coordinates":[107.528074678698,-7.02193540210281]}},{"type":"Feature","properties":{"en":"Bekasi","fr":"kabupaten de Bekasi"},"geometry":{"type":"Point","coordinates":[107.1730863,-6.3659088]}},{"type":"Feature","properties":{"en":"Bogor","fr":"kabupaten de Bogor"},"geometry":{"type":"Point","coordinates":[106.8247,-6.4803]}},{"type":"Feature","properties":{"en":"Ciamis","fr":"kabupaten de Ciamis"},"geometry":{"type":"Point","coordinates":[108.353107319135,-7.32666418100692]}},{"type":"Feature","properties":{"en":"Cianjur","fr":"kabupaten de Cianjur"},"geometry":{"type":"Point","coordinates":[107.140101112853,-6.8212222116077]}},{"type":"Feature","properties":{"en":"Cirebon","fr":"kabupaten de Cirebon"},"geometry":{"type":"Point","coordinates":[108.4804624,-6.7578369]}},{"type":"Feature","properties":{"en":"Garut","fr":"kabupaten de Garut"},"geometry":{"type":"Point","coordinates":[107.887589935706,-7.20469406655775]}},{"type":"Feature","properties":{"en":"Indramayu","fr":"kabupaten d'Indramayu"},"geometry":{"type":"Point","coordinates":[108.322222222222,-6.32694444444444]}},{"type":"Feature","properties":{"en":"Karawang","fr":"kabupaten de Karawang"},"geometry":{"type":"Point","coordinates":[107.3002579,-6.3050853]}},{"type":"Feature","properties":{"en":"Kuningan","fr":"kabupaten de Kuningan"},"geometry":{"type":"Point","coordinates":[108.4849021,-6.9766048]}},{"type":"Feature","properties":{"en":"Majalengka","fr":"kabupaten de Majalengka"},"geometry":{"type":"Point","coordinates":[108.2276548,-6.8352731]}},{"type":"Feature","properties":{"en":"Purwakarta","fr":"kabupaten de Purwakarta"},"geometry":{"type":"Point","coordinates":[107.4435572,-6.538564]}},{"type":"Feature","properties":{"en":"Subang","fr":"kabupaten de Subang"},"geometry":{"type":"Point","coordinates":[107.7628313,-6.56985]}},{"type":"Feature","properties":{"en":"Sukabumi","fr":"kabupaten de Sukabumi"},"geometry":{"type":"Point","coordinates":[106.5510934,-6.9872757]}},{"type":"Feature","properties":{"en":"Sumedang","fr":"kabupaten de Sumedang"},"geometry":{"type":"Point","coordinates":[107.91666666667,-6.85]}},{"type":"Feature","properties":{"en":"Tasikmalaya","fr":"kabupaten de Tasikmalaya"},"geometry":{"type":"Point","coordinates":[108.101944444444,-7.36583333333333]}},{"type":"Feature","properties":{"en":"West Bandung","fr":"kabupaten de Bandung occidental"},"geometry":{"type":"Point","coordinates":[107.512583203604,-6.84111713797647]}},{"type":"Feature","properties":{"en":"Bandung","fr":"Bandung"},"geometry":{"type":"Point","coordinates":[107.607083055556,-6.92184583333333]}},{"type":"Feature","properties":{"en":"Banjar","fr":"Banjar"},"geometry":{"type":"Point","coordinates":[108.53333333333,-7.3666666666667]}},{"type":"Feature","properties":{"en":"Bekasi","fr":"Bekasi"},"geometry":{"type":"Point","coordinates":[107.0,-6.2333333333333]}},{"type":"Feature","properties":{"en":"Bogor","fr":"Bogor"},"geometry":{"type":"Point","coordinates":[106.799263333333,-6.59780277777778]}},{"type":"Feature","properties":{"en":"Cimahi","fr":"Cimahi"},"geometry":{"type":"Point","coordinates":[107.5385202,-6.8800382]}},{"type":"Feature","properties":{"en":"Cirebon","fr":"Cirebon"},"geometry":{"type":"Point","coordinates":[108.5529678,-6.7396903]}},{"type":"Feature","properties":{"en":"Depok","fr":"Depok"},"geometry":{"type":"Point","coordinates":[106.8173077,-6.405031]}},{"type":"Feature","properties":{"en":"Sukabumi","fr":"Sukabumi"},"geometry":{"type":"Point","coordinates":[106.9185638,-6.9320004]}},{"type":"Feature","properties":{"en":"Tasikmalaya","fr":"Tasikmalaya"},"geometry":{"type":"Point","coordinates":[108.2201805,-7.3258023]}},{"type":"Feature","properties":{"en":"Banjarnegara","fr":"Banjarnegara"},"geometry":{"type":"Point","coordinates":[109.757,-7.39611]}},{"type":"Feature","properties":{"en":"Banyumas","fr":"kabupaten de Banyumas"},"geometry":{"type":"Point","coordinates":[109.23,-7.425]}},{"type":"Feature","properties":{"en":"Batang","fr":"kabupaten de Batang"},"geometry":{"type":"Point","coordinates":[109.730418769512,-6.90811162600265]}},{"type":"Feature","properties":{"en":"Blora","fr":"kabupaten de Blora"},"geometry":{"type":"Point","coordinates":[111.38333,-7.06667]}},{"type":"Feature","properties":{"en":"Boyolali","fr":"kabupaten de Boyolali"},"geometry":{"type":"Point","coordinates":[110.6025,-7.5322222222222]}},{"type":"Feature","properties":{"en":"Brebes","fr":"kabupaten de Brebes"},"geometry":{"type":"Point","coordinates":[108.9,-7.05]}},{"type":"Feature","properties":{"en":"Cilacap","fr":"kabupaten de Cilacap"},"geometry":{"type":"Point","coordinates":[109.0,-7.7333333333333]}},{"type":"Feature","properties":{"en":"Demak","fr":"Demak"},"geometry":{"type":"Point","coordinates":[110.66666667,-6.88333333]}},{"type":"Feature","properties":{"en":"Grobogan","fr":"kabupaten de Grobogan"},"geometry":{"type":"Point","coordinates":[110.92111111111,-7.03]}},{"type":"Feature","properties":{"en":"Jepara","fr":"kabupaten Jepara"},"geometry":{"type":"Point","coordinates":[110.66666666667,-6.5333333333333]}},{"type":"Feature","properties":{"en":"Karanganyar","fr":"kabupaten Karanganyar"},"geometry":{"type":"Point","coordinates":[110.95083333333,-7.5961111111111]}},{"type":"Feature","properties":{"en":"Kebumen","fr":"kabupaten de Kebumen"},"geometry":{"type":"Point","coordinates":[109.57055555556,-7.6294444444444]}},{"type":"Feature","properties":{"en":"Kendal","fr":"kabupaten Kendal"},"geometry":{"type":"Point","coordinates":[110.1685,-7.0256]}},{"type":"Feature","properties":{"en":"Klaten","fr":"kabupaten de Klaten"},"geometry":{"type":"Point","coordinates":[110.61666666667,-7.6833333333333]}},{"type":"Feature","properties":{"en":"Kudus","fr":"Kudus"},"geometry":{"type":"Point","coordinates":[110.86666666667,-6.8]}},{"type":"Feature","properties":{"en":"Magelang","fr":"kabupaten de Magelang"},"geometry":{"type":"Point","coordinates":[110.27305555556,-7.6575]}},{"type":"Feature","properties":{"en":"Pati","fr":"Pati"},"geometry":{"type":"Point","coordinates":[111.1,-6.76667]}},{"type":"Feature","properties":{"en":"Pekalongan","fr":"kabupaten de Pekalongan"},"geometry":{"type":"Point","coordinates":[109.67,-6.8825]}},{"type":"Feature","properties":{"en":"Pemalang","fr":"kabupaten de Pemalang"},"geometry":{"type":"Point","coordinates":[109.4,-7.0333333333333]}},{"type":"Feature","properties":{"en":"Purbalingga","fr":"kabupaten Purbalingga"},"geometry":{"type":"Point","coordinates":[109.35,-7.28333333]}},{"type":"Feature","properties":{"en":"Purworejo","fr":"kabupaten de Purworejo"},"geometry":{"type":"Point","coordinates":[110.01666666667,-7.7166666666667]}},{"type":"Feature","properties":{"en":"Rembang","fr":"kabupaten de Rembang"},"geometry":{"type":"Point","coordinates":[111.35,-6.71666667]}},{"type":"Feature","properties":{"en":"Semarang","fr":"kabupaten de Semarang"},"geometry":{"type":"Point","coordinates":[110.33583333333,-7.2655555555556]}},{"type":"Feature","properties":{"en":"Sragen","fr":"kabupaten Sragen"},"geometry":{"type":"Point","coordinates":[110.935,-7.41278]}},{"type":"Feature","properties":{"en":"Sukoharjo","fr":"kabupaten de Sukoharjo"},"geometry":{"type":"Point","coordinates":[110.83333,-7.68333]}},{"type":"Feature","properties":{"en":"Tegal","fr":"kabupaten Tegal"},"geometry":{"type":"Point","coordinates":[109.15,-6.86666667]}},{"type":"Feature","properties":{"en":"Temanggung","fr":"kabupaten de Temanggung"},"geometry":{"type":"Point","coordinates":[110.16666666667,-7.3]}},{"type":"Feature","properties":{"en":"Wonogiri","fr":"kabupaten Wonogiri"},"geometry":{"type":"Point","coordinates":[111.0,-7.91667]}},{"type":"Feature","properties":{"en":"Wonosobo","fr":"Wonosobo"},"geometry":{"type":"Point","coordinates":[109.92666944444,-7.3613888888889]}},{"type":"Feature","properties":{"en":"Magelang","fr":"Magelang"},"geometry":{"type":"Point","coordinates":[110.21777777778,-7.4705555555556]}},{"type":"Feature","properties":{"en":"Salatiga","fr":"Salatiga"},"geometry":{"type":"Point","coordinates":[110.50222222222,-7.3388888888889]}},{"type":"Feature","properties":{"en":"Semarang","fr":"Semarang"},"geometry":{"type":"Point","coordinates":[110.4225,-6.99]}},{"type":"Feature","properties":{"en":"Pekalongan","fr":"Pekalongan"},"geometry":{"type":"Point","coordinates":[109.67527777778,-6.8883333333333]}},{"type":"Feature","properties":{"en":"Tegal","fr":"Tegal"},"geometry":{"type":"Point","coordinates":[109.1375,-6.8675]}},{"type":"Feature","properties":{"en":"Bangkalan","fr":"Bangkalan"},"geometry":{"type":"Point","coordinates":[112.746131568866,-7.02919359122809]}},{"type":"Feature","properties":{"en":"Banyuwangi","fr":"Banyuwangi"},"geometry":{"type":"Point","coordinates":[114.366388888889,-8.22666666666667]}},{"type":"Feature","properties":{"en":"Blitar","fr":"Blitar"},"geometry":{"type":"Point","coordinates":[112.25,-8.13333]}},{"type":"Feature","properties":{"en":"Bojonegoro","fr":"Bojonegoro"},"geometry":{"type":"Point","coordinates":[111.795,-7.275]}},{"type":"Feature","properties":{"en":"Bondowoso","fr":"Bondowoso"},"geometry":{"type":"Point","coordinates":[113.9834,-7.9404]}},{"type":"Feature","properties":{"en":"Gresik","fr":"Gresik"},"geometry":{"type":"Point","coordinates":[112.553,-7.1933]}},{"type":"Feature","properties":{"en":"Jember","fr":"Jember"},"geometry":{"type":"Point","coordinates":[113.70222222222,-8.1688888888889]}},{"type":"Feature","properties":{"en":"Jombang","fr":"Jombang"},"geometry":{"type":"Point","coordinates":[112.23333333333,-7.4666666666667]}},{"type":"Feature","properties":{"en":"Kediri","fr":"Kediri"},"geometry":{"type":"Point","coordinates":[112.16667,-7.83333]}},{"type":"Feature","properties":{"en":"Lamongan","fr":"Lamongan"},"geometry":{"type":"Point","coordinates":[112.41666666667,-7.1166666666667]}},{"type":"Feature","properties":{"en":"Lumajang","fr":"Lumajang"},"geometry":{"type":"Point","coordinates":[113.21666667,-8.13333333]}},{"type":"Feature","properties":{"en":"Madiun","fr":"Madiun"},"geometry":{"type":"Point","coordinates":[111.65,-7.61667]}},{"type":"Feature","properties":{"en":"Magetan","fr":"Magetan"},"geometry":{"type":"Point","coordinates":[111.36666666667,-7.65]}},{"type":"Feature","properties":{"en":"Malang","fr":"Malang"},"geometry":{"type":"Point","coordinates":[112.6304,-7.9797]}},{"type":"Feature","properties":{"en":"Mojokerto","fr":"Mojokerto"},"geometry":{"type":"Point","coordinates":[112.5,-7.55]}},{"type":"Feature","properties":{"en":"Nganjuk","fr":"Nganjuk"},"geometry":{"type":"Point","coordinates":[111.93333333333,-7.6]}},{"type":"Feature","properties":{"en":"Ngawi","fr":"Ngawi"},"geometry":{"type":"Point","coordinates":[111.445,-7.40111111111111]}},{"type":"Feature","properties":{"en":"Pacitan","fr":"kabupaten de Pacitan"},"geometry":{"type":"Point","coordinates":[111.16667,-8.13333]}},{"type":"Feature","properties":{"en":"Pamekasan","fr":"Pamekasan"},"geometry":{"type":"Point","coordinates":[113.5,-7.0666666666667]}},{"type":"Feature","properties":{"en":"Pasuruan","fr":"kabupaten de Pasuruan"},"geometry":{"type":"Point","coordinates":[112.83333,-7.73333]}},{"type":"Feature","properties":{"en":"Ponorogo","fr":"Ponorogo"},"geometry":{"type":"Point","coordinates":[111.46194444444,-7.8686111111111]}},{"type":"Feature","properties":{"en":"Probolinggo","fr":"kabupaten de Probolinggo"},"geometry":{"type":"Point","coordinates":[113.47166667,-7.73527778]}},{"type":"Feature","properties":{"en":"Sampang","fr":"kabupaten de Sampang"},"geometry":{"type":"Point","coordinates":[113.25,-7.05]}},{"type":"Feature","properties":{"en":"Sidoarjo","fr":"kabupaten de Sidoarjo"},"geometry":{"type":"Point","coordinates":[112.717333,-7.453028]}},{"type":"Feature","properties":{"en":"Situbondo","fr":"kabupaten de Situbondo"},"geometry":{"type":"Point","coordinates":[114.05,-7.71667]}},{"type":"Feature","properties":{"en":"Sumenep","fr":"kabupaten de Sumenep"},"geometry":{"type":"Point","coordinates":[113.86666666667,-7.0166666666667]}},{"type":"Feature","properties":{"en":"Trenggalek","fr":"kabupaten de Trenggalek"},"geometry":{"type":"Point","coordinates":[111.71666666667,-8.05]}},{"type":"Feature","properties":{"en":"Tuban","fr":"kabupaten de Tuban"},"geometry":{"type":"Point","coordinates":[112.05,-6.88333]}},{"type":"Feature","properties":{"en":"Tulungagung","fr":"kabupaten de Tulungagung"},"geometry":{"type":"Point","coordinates":[111.9,-8.0666666666667]}},{"type":"Feature","properties":{"en":"Batu","fr":"Batu"},"geometry":{"type":"Point","coordinates":[112.5239,-7.8672]}},{"type":"Feature","properties":{"en":"Blitar","fr":"Blitar"},"geometry":{"type":"Point","coordinates":[112.166666666667,-8.1]}},{"type":"Feature","properties":{"en":"Kediri","fr":"Kediri"},"geometry":{"type":"Point","coordinates":[112.004722222222,-7.81111111111111]}},{"type":"Feature","properties":{"en":"Madiun","fr":"Madiun"},"geometry":{"type":"Point","coordinates":[111.52305555556,-7.63]}},{"type":"Feature","properties":{"en":"Malang","fr":"Malang"},"geometry":{"type":"Point","coordinates":[112.632727716516,-7.96893041000582]}},{"type":"Feature","properties":{"en":"Mojokerto","fr":"Mojokerto City"},"geometry":{"type":"Point","coordinates":[112.43361111111,-7.4722222222222]}},{"type":"Feature","properties":{"en":"Pasuruan","fr":"Pasuruan"},"geometry":{"type":"Point","coordinates":[112.90647777778,-7.6406222222222]}},{"type":"Feature","properties":{"en":"Probolinggo","fr":"Probolinggo"},"geometry":{"type":"Point","coordinates":[113.21666666667,-7.75]}},{"type":"Feature","properties":{"en":"Surabaya","fr":"Surabaya"},"geometry":{"type":"Point","coordinates":[112.737767222222,-7.24628361111111]}},{"type":"Feature","properties":{"en":"Bantul","fr":"kabupaten de Bantul"},"geometry":{"type":"Point","coordinates":[110.334111,-7.884611]}},{"type":"Feature","properties":{"en":"Gunungkidul","fr":"Rĕgence dĕ Gunůngkidůl"},"geometry":{"type":"Point","coordinates":[110.6,-7.965]}},{"type":"Feature","properties":{"en":"Kulon Progo","fr":"Kulon Progo"},"geometry":{"type":"Point","coordinates":[110.1579,-7.8596]}},{"type":"Feature","properties":{"en":"Sleman","fr":"Sleman"},"geometry":{"type":"Point","coordinates":[110.32333,-7.68167]}},{"type":"Feature","properties":{"en":"Badung","fr":"kabupaten de Badung"},"geometry":{"type":"Point","coordinates":[115.18333333,-8.58333333]}},{"type":"Feature","properties":{"en":"Bangli","fr":"kabupaten de Bangli"},"geometry":{"type":"Point","coordinates":[115.33278,-8.28325]}},{"type":"Feature","properties":{"en":"Buleleng","fr":"kabupaten de Buleleng"},"geometry":{"type":"Point","coordinates":[114.95,-8.2]}},{"type":"Feature","properties":{"en":"Gianyar","fr":"kabupaten de Gianyar"},"geometry":{"type":"Point","coordinates":[115.28333333333,-8.4666666666667]}},{"type":"Feature","properties":{"en":"Jembrana","fr":"kabupaten de Jembrana"},"geometry":{"type":"Point","coordinates":[114.66666667,-8.3]}},{"type":"Feature","properties":{"en":"Karangasem","fr":"kabupaten de Karangasem"},"geometry":{"type":"Point","coordinates":[115.51666667,-8.36666667]}},{"type":"Feature","properties":{"en":"Klungkung","fr":"kabupaten de Klungkung"},"geometry":{"type":"Point","coordinates":[115.40451111111,-8.5389222222222]}},{"type":"Feature","properties":{"en":"Tabanan","fr":"kabupaten de Tabanan"},"geometry":{"type":"Point","coordinates":[115.12161388889,-8.5511472222222]}},{"type":"Feature","properties":{"en":"Denpasar","fr":"Denpasar"},"geometry":{"type":"Point","coordinates":[115.233888888889,-8.67166666666667]}},{"type":"Feature","properties":{"en":"Hodh Ech Chargui","fr":"Hodh Ech Chargui"},"geometry":{"type":"Point","coordinates":[-7.26044444444444,16.6123888888889]}},{"type":"Feature","properties":{"en":"Bima","fr":"kabupaten de Bima"},"geometry":{"type":"Point","coordinates":[119.0375,-8.57444444]}},{"type":"Feature","properties":{"en":"East Lombok","fr":"Lombok Oriental"},"geometry":{"type":"Point","coordinates":[116.53333333,-8.65]}},{"type":"Feature","properties":{"en":"Dompu","fr":"kabupaten de Dompu"},"geometry":{"type":"Point","coordinates":[118.46666667,-8.53333333]}},{"type":"Feature","properties":{"en":"Central Lombok","fr":"Lombok Central"},"geometry":{"type":"Point","coordinates":[116.26666667,-8.7]}},{"type":"Feature","properties":{"en":"North Lombok","fr":"Lombok du Nord"},"geometry":{"type":"Point","coordinates":[116.15,-8.35]}},{"type":"Feature","properties":{"en":"Sumbawa","fr":"kabupaten de Sumbawa"},"geometry":{"type":"Point","coordinates":[117.67152777778,-8.7448055555556]}},{"type":"Feature","properties":{"en":"West Lombok","fr":"Lombok Occidental"},"geometry":{"type":"Point","coordinates":[116.1166667,-8.71666667]}},{"type":"Feature","properties":{"en":"West Sumbawa","fr":"kabupaten de Sumbawa occidental"},"geometry":{"type":"Point","coordinates":[116.926,-8.78737]}},{"type":"Feature","properties":{"en":"Mataram","fr":"Mataram"},"geometry":{"type":"Point","coordinates":[116.11666666667,-8.5833333333333]}},{"type":"Feature","properties":{"en":"Bima","fr":"Bima"},"geometry":{"type":"Point","coordinates":[118.717,-8.46667]}},{"type":"Feature","properties":{"en":"Belu","fr":"kabupaten de Belu"},"geometry":{"type":"Point","coordinates":[124.9,-9.1]}},{"type":"Feature","properties":{"en":"Central Sumba","fr":"kabupaten de Sumba central"},"geometry":{"type":"Point","coordinates":[119.61914,-9.62941]}},{"type":"Feature","properties":{"en":"East Flores","fr":"kabupaten de Florès oriental"},"geometry":{"type":"Point","coordinates":[122.988115175374,-8.34120830354035]}},{"type":"Feature","properties":{"en":"East Manggarai","fr":"kabupaten de Manggarai oriental"},"geometry":{"type":"Point","coordinates":[120.59761,-8.55533]}},{"type":"Feature","properties":{"en":"East Sumba","fr":"kabupaten de Sumba oriental"},"geometry":{"type":"Point","coordinates":[120.25,-9.88333]}},{"type":"Feature","properties":{"en":"Ende","fr":"kabupaten d'Ende"},"geometry":{"type":"Point","coordinates":[121.66388888889,-8.8405555555556]}},{"type":"Feature","properties":{"en":"Kupang","fr":"kabupaten de Kupang"},"geometry":{"type":"Point","coordinates":[123.590278,-10.163611]}},{"type":"Feature","properties":{"en":"Manggarai","fr":"kabupaten de Manggarai"},"geometry":{"type":"Point","coordinates":[120.462584,-8.612651]}},{"type":"Feature","properties":{"en":"Nagekeo","fr":"kabupaten de Nagekeo"},"geometry":{"type":"Point","coordinates":[121.20963,-8.8721]}},{"type":"Feature","properties":{"en":"Ngada","fr":"kabupaten de Ngada"},"geometry":{"type":"Point","coordinates":[121.0,-8.66667]}},{"type":"Feature","properties":{"en":"North Central Timor","fr":"kabupaten de Timor central Nord"},"geometry":{"type":"Point","coordinates":[124.47805555556,-9.4466666666667]}},{"type":"Feature","properties":{"en":"Sikka","fr":"kabupaten de Sikka"},"geometry":{"type":"Point","coordinates":[122.974,-8.4883305555556]}},{"type":"Feature","properties":{"en":"South Central Timor","fr":"kabupaten de Timor central Sud"},"geometry":{"type":"Point","coordinates":[124.80472222222,-9.4716666666667]}},{"type":"Feature","properties":{"en":"Southwest Sumba","fr":"kabupaten de Sumba du Sud-Ouest"},"geometry":{"type":"Point","coordinates":[119.08905,-9.56216]}},{"type":"Feature","properties":{"en":"West Manggarai","fr":"kabupaten de Manggarai occidental"},"geometry":{"type":"Point","coordinates":[119.88281,-8.64484]}},{"type":"Feature","properties":{"en":"West Sumba","fr":"kabupaten de Sumba occidental"},"geometry":{"type":"Point","coordinates":[119.45,-9.56667]}},{"type":"Feature","properties":{"en":"Kupang","fr":"Kupang"},"geometry":{"type":"Point","coordinates":[123.57777777778,-10.163333333333]}},{"type":"Feature","properties":{"en":"Bengkayang","fr":"Bengkayang"},"geometry":{"type":"Point","coordinates":[109.66393,1.06911]}},{"type":"Feature","properties":{"en":"Kapuas Hulu","fr":"Kapuas Hulu"},"geometry":{"type":"Point","coordinates":[112.76667,0.81667]}},{"type":"Feature","properties":{"en":"North Kayong","fr":"Kayong du nord"},"geometry":{"type":"Point","coordinates":[110.79781,-1.43711]}},{"type":"Feature","properties":{"en":"Ketapang","fr":"Ketapang"},"geometry":{"type":"Point","coordinates":[110.5,-1.58333]}},{"type":"Feature","properties":{"en":"Kubu Raya","fr":"Kubu Raya"},"geometry":{"type":"Point","coordinates":[109.33731,0.01637]}},{"type":"Feature","properties":{"en":"Landak","fr":"kabupaten de Landak"},"geometry":{"type":"Point","coordinates":[109.75917,0.42373]}},{"type":"Feature","properties":{"en":"Melawi","fr":"Régence de Melawi"},"geometry":{"type":"Point","coordinates":[111.69805555556,-0.33611111111111]}},{"type":"Feature","properties":{"en":"Mempawah","fr":"kabupaten de Pontianak"},"geometry":{"type":"Point","coordinates":[109.16667,0.25]}},{"type":"Feature","properties":{"en":"Sambas","fr":"kabupaten de Sambas"},"geometry":{"type":"Point","coordinates":[109.33333,1.41667]}},{"type":"Feature","properties":{"en":"Sanggau","fr":"kabupaten de Sanggau"},"geometry":{"type":"Point","coordinates":[110.597,0.123424]}},{"type":"Feature","properties":{"en":"Sekadau","fr":"Sekadau"},"geometry":{"type":"Point","coordinates":[110.95066,0.03485]}},{"type":"Feature","properties":{"en":"Sintang","fr":"kabupaten de Sintang"},"geometry":{"type":"Point","coordinates":[111.49805556,0.06805556]}},{"type":"Feature","properties":{"en":"Pontianak","fr":"Pontianak"},"geometry":{"type":"Point","coordinates":[109.34138888889,-0.020555555555556]}},{"type":"Feature","properties":{"en":"Singkawang","fr":"Singkawang"},"geometry":{"type":"Point","coordinates":[108.98333333333,0.9]}},{"type":"Feature","properties":{"en":"Balangan","fr":"Balangan"},"geometry":{"type":"Point","coordinates":[115.470513594461,-2.3640007663131]}},{"type":"Feature","properties":{"en":"Banjar","fr":"Banjar"},"geometry":{"type":"Point","coordinates":[114.84854165653,-3.4081313415601]}},{"type":"Feature","properties":{"en":"Barito Kuala","fr":"Barito Kuala"},"geometry":{"type":"Point","coordinates":[114.766778772369,-2.98114305221979]}},{"type":"Feature","properties":{"en":"Central Hulu Sungai","fr":"Hulu Sungai Central"},"geometry":{"type":"Point","coordinates":[115.385171390724,-2.58465574956719]}},{"type":"Feature","properties":{"en":"Kotabaru","fr":"Kotabaru"},"geometry":{"type":"Point","coordinates":[116.0,-3.0]}},{"type":"Feature","properties":{"en":"North Hulu Sungai","fr":"Hulu Sungai du Nord"},"geometry":{"type":"Point","coordinates":[115.254279665713,-2.41928439320717]}},{"type":"Feature","properties":{"en":"South Hulu Sungai","fr":"Hulu Sungai du sud"},"geometry":{"type":"Point","coordinates":[115.265919764337,-2.78667005709648]}},{"type":"Feature","properties":{"en":"Tabalong","fr":"Tabalong"},"geometry":{"type":"Point","coordinates":[115.382213269382,-2.1647356753044]}},{"type":"Feature","properties":{"en":"Tanah Laut","fr":"Tanah Laut"},"geometry":{"type":"Point","coordinates":[114.782593377383,-3.79973923991779]}},{"type":"Feature","properties":{"en":"Tanah Bumbu","fr":"Tanah Bumbu"},"geometry":{"type":"Point","coordinates":[115.947938395359,-3.48363390719726]}},{"type":"Feature","properties":{"en":"Tapin","fr":"Tapin"},"geometry":{"type":"Point","coordinates":[115.156682378306,-2.93089739694023]}},{"type":"Feature","properties":{"en":"Banjarbaru","fr":"Banjarbaru"},"geometry":{"type":"Point","coordinates":[114.830880915391,-3.43890305931975]}},{"type":"Feature","properties":{"en":"Banjarmasin","fr":"Banjarmasin"},"geometry":{"type":"Point","coordinates":[114.592253736149,-3.31442947285577]}},{"type":"Feature","properties":{"en":"East Barito","fr":"Barito oriental"},"geometry":{"type":"Point","coordinates":[115.1,-1.93333]}},{"type":"Feature","properties":{"en":"East Kotawaringin","fr":"Kotawaringin Est"},"geometry":{"type":"Point","coordinates":[112.75,-2.08333]}},{"type":"Feature","properties":{"en":"Gunung Mas","fr":"Gunung Mas"},"geometry":{"type":"Point","coordinates":[113.5,-0.95]}},{"type":"Feature","properties":{"en":"Kapuas","fr":"Kapuas"},"geometry":{"type":"Point","coordinates":[114.38,-3.0]}},{"type":"Feature","properties":{"en":"Lamandau","fr":"Lamandau"},"geometry":{"type":"Point","coordinates":[111.2869,-1.83828]}},{"type":"Feature","properties":{"en":"Murung Raya","fr":"Murung Raya"},"geometry":{"type":"Point","coordinates":[115.13333333,-1.40833333]}},{"type":"Feature","properties":{"en":"North Barito","fr":"Nord Barito"},"geometry":{"type":"Point","coordinates":[115.1,-0.98333]}},{"type":"Feature","properties":{"en":"Pulang Pisau","fr":"Pulang Pisau"},"geometry":{"type":"Point","coordinates":[113.8623,-3.11858]}},{"type":"Feature","properties":{"en":"Sukamara","fr":"Sukamara"},"geometry":{"type":"Point","coordinates":[111.23681,-2.62675]}},{"type":"Feature","properties":{"en":"Seruyan","fr":"Seruyan"},"geometry":{"type":"Point","coordinates":[112.25,-2.33333]}},{"type":"Feature","properties":{"en":"South Barito","fr":"kabupaten de Barito du Sud"},"geometry":{"type":"Point","coordinates":[114.73333,-1.86667]}},{"type":"Feature","properties":{"en":"West Kotawaringin","fr":"Kotawaringin Occidental"},"geometry":{"type":"Point","coordinates":[111.73333,-2.4]}},{"type":"Feature","properties":{"en":"Berau","fr":"kabupaten de Berau"},"geometry":{"type":"Point","coordinates":[117.3,2.0]}},{"type":"Feature","properties":{"en":"Bulungan","fr":"kabupaten de Bulungan"},"geometry":{"type":"Point","coordinates":[117.16667,3.0]}},{"type":"Feature","properties":{"en":"Palangka Raya","fr":"Palangkaraya"},"geometry":{"type":"Point","coordinates":[113.92,-2.21]}},{"type":"Feature","properties":{"en":"East Kutai","fr":"Kutai oriental"},"geometry":{"type":"Point","coordinates":[117.83112,1.03769]}},{"type":"Feature","properties":{"en":"Kutai Kartanegara","fr":"kabupaten de Kutai Kartanegara"},"geometry":{"type":"Point","coordinates":[116.98139,-0.44019]}},{"type":"Feature","properties":{"en":"Malinau","fr":"kabupaten de Malinau"},"geometry":{"type":"Point","coordinates":[115.683333333333,2.45]}},{"type":"Feature","properties":{"en":"North Paser of Penajam","fr":"Penajam Paser du Nord"},"geometry":{"type":"Point","coordinates":[116.513796,-1.291709]}},{"type":"Feature","properties":{"en":"Nunukan","fr":"kabupaten de Nunukan"},"geometry":{"type":"Point","coordinates":[116.7,4.13333333333333]}},{"type":"Feature","properties":{"en":"Paser","fr":"kabupaten de Paser"},"geometry":{"type":"Point","coordinates":[116.23535,-1.43517]}},{"type":"Feature","properties":{"en":"Tana Tidung","fr":"kabupaten de Tana Tidung"},"geometry":{"type":"Point","coordinates":[117.25,3.55]}},{"type":"Feature","properties":{"en":"West Kutai","fr":"kabupaten de Kutai occidental"},"geometry":{"type":"Point","coordinates":[115.777222222222,-0.511666666666667]}},{"type":"Feature","properties":{"en":"Balikpapan","fr":"Balikpapan"},"geometry":{"type":"Point","coordinates":[116.90305555556,-1.1488888888889]}},{"type":"Feature","properties":{"en":"Bontang","fr":"Bontang"},"geometry":{"type":"Point","coordinates":[117.5,0.13333333333333]}},{"type":"Feature","properties":{"en":"Samarinda","fr":"Samarinda"},"geometry":{"type":"Point","coordinates":[117.15361111111,-0.50222222222222]}},{"type":"Feature","properties":{"en":"Boalemo","fr":"Boalemo"},"geometry":{"type":"Point","coordinates":[122.31666667,0.65]}},{"type":"Feature","properties":{"en":"Bone Bolango","fr":"Bone Bolango"},"geometry":{"type":"Point","coordinates":[123.2,0.55]}},{"type":"Feature","properties":{"en":"Gorontalo","fr":"Gorontalo"},"geometry":{"type":"Point","coordinates":[122.2337,0.5728]}},{"type":"Feature","properties":{"en":"North Gorontalo","fr":"Gorontalo du Nord"},"geometry":{"type":"Point","coordinates":[122.8686597,0.7909577]}},{"type":"Feature","properties":{"en":"Pohuwato","fr":"Pohuwato"},"geometry":{"type":"Point","coordinates":[121.59582,0.7098]}},{"type":"Feature","properties":{"en":"Gorontalo","fr":"Gorontalo"},"geometry":{"type":"Point","coordinates":[123.061388888889,0.542222222222222]}},{"type":"Feature","properties":{"en":"Bantaeng","fr":"Bantaeng"},"geometry":{"type":"Point","coordinates":[119.933,-5.53333]}},{"type":"Feature","properties":{"en":"Barru","fr":"Barru"},"geometry":{"type":"Point","coordinates":[119.681,-3.24333]}},{"type":"Feature","properties":{"en":"Bone","fr":"kabupaten de Bone"},"geometry":{"type":"Point","coordinates":[120.32972222,-4.53861111]}},{"type":"Feature","properties":{"en":"Bulukumba","fr":"Bulukumba"},"geometry":{"type":"Point","coordinates":[120.233333333333,-5.41666666666667]}},{"type":"Feature","properties":{"en":"East Luwu","fr":"Luwu Oriental"},"geometry":{"type":"Point","coordinates":[121.133,-2.6]}},{"type":"Feature","properties":{"en":"Enrekang","fr":"Enrekang"},"geometry":{"type":"Point","coordinates":[119.775,-3.56444]}},{"type":"Feature","properties":{"en":"Gowa","fr":"Gowa"},"geometry":{"type":"Point","coordinates":[119.66666667,-5.33333333]}},{"type":"Feature","properties":{"en":"Jeneponto","fr":"Jeneponto"},"geometry":{"type":"Point","coordinates":[119.73333,-5.63333]}},{"type":"Feature","properties":{"en":"Luwu","fr":"kabupaten de Luwu"},"geometry":{"type":"Point","coordinates":[120.221111111111,-3.34833333333333]}},{"type":"Feature","properties":{"en":"North Luwu","fr":"Nord Luwu"},"geometry":{"type":"Point","coordinates":[120.25,-2.6]}},{"type":"Feature","properties":{"en":"North Toraja","fr":"Nord Toraja"},"geometry":{"type":"Point","coordinates":[120.0,-3.0]}},{"type":"Feature","properties":{"en":"Maros","fr":"régence de Maros"},"geometry":{"type":"Point","coordinates":[119.574466666667,-5.01649444444444]}},{"type":"Feature","properties":{"en":"Pangkajene and Islands","fr":"kabupaten de Pangkajene et les îles"},"geometry":{"type":"Point","coordinates":[119.5,-4.75]}},{"type":"Feature","properties":{"en":"Pinrang","fr":"Pinrang"},"geometry":{"type":"Point","coordinates":[119.633,-3.78333]}},{"type":"Feature","properties":{"en":"Sinjai","fr":"Sinjai"},"geometry":{"type":"Point","coordinates":[120.1544,-5.1993]}},{"type":"Feature","properties":{"en":"Soppeng","fr":"Soppeng"},"geometry":{"type":"Point","coordinates":[119.8825,-4.34861111]}},{"type":"Feature","properties":{"en":"Takalar","fr":"régence de Takalar"},"geometry":{"type":"Point","coordinates":[119.58333333,-5.41666667]}},{"type":"Feature","properties":{"en":"Tana Toraja","fr":"kabupaten de Tana Toraja"},"geometry":{"type":"Point","coordinates":[119.75,-3.16666667]}},{"type":"Feature","properties":{"en":"Wajo","fr":"Wajo"},"geometry":{"type":"Point","coordinates":[120.0319444,-4.12638889]}},{"type":"Feature","properties":{"en":"Makassar","fr":"Makassar"},"geometry":{"type":"Point","coordinates":[119.413611111111,-5.13305555555556]}},{"type":"Feature","properties":{"en":"Palopo","fr":"Palopo"},"geometry":{"type":"Point","coordinates":[120.2,-3.0]}},{"type":"Feature","properties":{"en":"Parepare","fr":"Pare-Pare"},"geometry":{"type":"Point","coordinates":[119.62361111111,-4.0166666666667]}},{"type":"Feature","properties":{"en":"Majene","fr":"Majene"},"geometry":{"type":"Point","coordinates":[118.957853,-3.547545]}},{"type":"Feature","properties":{"en":"Mamasa","fr":"Mamasa"},"geometry":{"type":"Point","coordinates":[119.383,-3.11306]}},{"type":"Feature","properties":{"en":"Mamuju","fr":"Mamuju"},"geometry":{"type":"Point","coordinates":[118.9,-2.68333333]}},{"type":"Feature","properties":{"en":"Pasangkayu","fr":"Pasangkayu"},"geometry":{"type":"Point","coordinates":[119.37507,-1.3180615]}},{"type":"Feature","properties":{"en":"Polewali Mandar","fr":"Polewali Mandar"},"geometry":{"type":"Point","coordinates":[119.325,-3.41333]}},{"type":"Feature","properties":{"en":"Bombana","fr":"kabupaten de Bombana"},"geometry":{"type":"Point","coordinates":[121.816388888889,-4.62555555555556]}},{"type":"Feature","properties":{"en":"Buton","fr":"kabupaten de Buton"},"geometry":{"type":"Point","coordinates":[122.58333,-5.31667]}},{"type":"Feature","properties":{"en":"Kolaka","fr":"kabupaten de Kolaka"},"geometry":{"type":"Point","coordinates":[121.616,-4.04917]}},{"type":"Feature","properties":{"en":"Konawe","fr":"kabupaten de Konawe"},"geometry":{"type":"Point","coordinates":[122.08823,-3.91717]}},{"type":"Feature","properties":{"en":"Muna","fr":"kabupaten de Muna"},"geometry":{"type":"Point","coordinates":[122.648,-4.8425]}},{"type":"Feature","properties":{"en":"North Buton","fr":"Nord Buton"},"geometry":{"type":"Point","coordinates":[122.93015,-5.01457]}},{"type":"Feature","properties":{"en":"North Kolaka","fr":"Nord Kolaka"},"geometry":{"type":"Point","coordinates":[121.044,-3.33722]}},{"type":"Feature","properties":{"en":"North Konawe","fr":"Nord Konawe"},"geometry":{"type":"Point","coordinates":[122.0199645,-3.4114145]}},{"type":"Feature","properties":{"en":"South Konawe","fr":"Sud Konawe"},"geometry":{"type":"Point","coordinates":[122.0199645,-3.4114145]}},{"type":"Feature","properties":{"en":"Bau Bau","fr":"Bau-Bau"},"geometry":{"type":"Point","coordinates":[122.605833333333,-5.46222222222222]}},{"type":"Feature","properties":{"en":"Kendari","fr":"Kendari"},"geometry":{"type":"Point","coordinates":[122.59472222222,-3.9675]}},{"type":"Feature","properties":{"en":"Banggai","fr":"kabupaten de Banggai"},"geometry":{"type":"Point","coordinates":[122.558593,-0.957091]}},{"type":"Feature","properties":{"en":"Buol","fr":"Buol"},"geometry":{"type":"Point","coordinates":[121.35425,1.010469]}},{"type":"Feature","properties":{"en":"Donggala","fr":"Donggala"},"geometry":{"type":"Point","coordinates":[119.73055555556,-0.69444444444444]}},{"type":"Feature","properties":{"en":"Morowali","fr":"Morowali"},"geometry":{"type":"Point","coordinates":[121.860786,-2.818536]}},{"type":"Feature","properties":{"en":"Parigi Moutong","fr":"Parigi Moutong"},"geometry":{"type":"Point","coordinates":[120.17841,0.3368]}},{"type":"Feature","properties":{"en":"Poso","fr":"Poso"},"geometry":{"type":"Point","coordinates":[120.75,-1.4]}},{"type":"Feature","properties":{"en":"Sigi","fr":"Sigi"},"geometry":{"type":"Point","coordinates":[119.967,-1.385]}},{"type":"Feature","properties":{"en":"Tojo Una Una","fr":"Tojo Una-Una"},"geometry":{"type":"Point","coordinates":[121.63,-0.875556]}},{"type":"Feature","properties":{"en":"Toli-Toli","fr":"Toli-Toli"},"geometry":{"type":"Point","coordinates":[120.818,1.03861]}},{"type":"Feature","properties":{"en":"Palu","fr":"Palu"},"geometry":{"type":"Point","coordinates":[119.85944444444,-0.895]}},{"type":"Feature","properties":{"en":"Bolaang Mongondow","fr":"kabupaten de Bolaang Mongondow"},"geometry":{"type":"Point","coordinates":[124.08333,0.75]}},{"type":"Feature","properties":{"en":"East Bolaang Mongondow","fr":"kabupaten de Bolaang Mongondow oriental"},"geometry":{"type":"Point","coordinates":[124.61388889,0.77]}},{"type":"Feature","properties":{"en":"Minahasa","fr":"kabupaten de Minahasa"},"geometry":{"type":"Point","coordinates":[124.83,1.2537]}},{"type":"Feature","properties":{"en":"North Bolaang Mongondow","fr":"kabupaten de Bolaang Mongondow du Nord"},"geometry":{"type":"Point","coordinates":[123.41766,0.78527]}},{"type":"Feature","properties":{"en":"North Minahasa","fr":"kabupaten de Minahasa du Nord"},"geometry":{"type":"Point","coordinates":[124.96,1.4025]}},{"type":"Feature","properties":{"en":"South Bolaang Mongondow","fr":"kabupaten de Bolaang Mongondow du Sud"},"geometry":{"type":"Point","coordinates":[123.79916667,0.35277778]}},{"type":"Feature","properties":{"en":"South Minahasa","fr":"kabupaten de Minahasa du Sud"},"geometry":{"type":"Point","coordinates":[124.3,0.58333333]}},{"type":"Feature","properties":{"en":"Southeast Minahasa","fr":"kabupaten de Minahasa du Sud-Est"},"geometry":{"type":"Point","coordinates":[124.7925,1.05633]}},{"type":"Feature","properties":{"en":"Bitung","fr":"Bitung"},"geometry":{"type":"Point","coordinates":[125.19777777778,1.4472222222222]}},{"type":"Feature","properties":{"en":"Kotamobagu","fr":"Kotamobagu"},"geometry":{"type":"Point","coordinates":[124.31666667,0.73333333]}},{"type":"Feature","properties":{"en":"Manado","fr":"Manado"},"geometry":{"type":"Point","coordinates":[124.84126111111,1.4930555555556]}},{"type":"Feature","properties":{"en":"Tomohon","fr":"Tomohon"},"geometry":{"type":"Point","coordinates":[124.82254,1.324421]}},{"type":"Feature","properties":{"en":"Buru","fr":"kabupaten Buru"},"geometry":{"type":"Point","coordinates":[127.10289,-3.25983]}},{"type":"Feature","properties":{"en":"Eastern Seram","fr":"Seram Bagian oriental"},"geometry":{"type":"Point","coordinates":[130.490832165513,-3.10313295602848]}},{"type":"Feature","properties":{"en":"South Buru","fr":"Buru méridional"},"geometry":{"type":"Point","coordinates":[126.7345922,-3.8380966]}},{"type":"Feature","properties":{"en":"Ghardaïa Province","fr":"Wilaya de Ghardaïa"},"geometry":{"type":"Point","coordinates":[3.6666666666667,32.483333333333]}},{"type":"Feature","properties":{"en":"Southeast Maluku","fr":"kabupaten des Moluques du Sud-Est"},"geometry":{"type":"Point","coordinates":[132.743986900746,-5.65597222281836]}},{"type":"Feature","properties":{"en":"Western Seram","fr":"West Seram Regency"},"geometry":{"type":"Point","coordinates":[128.202907850174,-3.06910073973205]}},{"type":"Feature","properties":{"en":"Ambon","fr":"Ambon"},"geometry":{"type":"Point","coordinates":[128.178333333333,-3.69666666666667]}},{"type":"Feature","properties":{"en":"Tual","fr":"Tual"},"geometry":{"type":"Point","coordinates":[132.742992993186,-5.64257741098993]}},{"type":"Feature","properties":{"en":"Central Halmahera","fr":"kabupaten de Halmahera central"},"geometry":{"type":"Point","coordinates":[128.25,0.48056]}},{"type":"Feature","properties":{"en":"East Halmahera","fr":"Halmahera Timur"},"geometry":{"type":"Point","coordinates":[128.48627,1.33517]}},{"type":"Feature","properties":{"en":"North Halmahera","fr":"kabupaten de Halmahera du Nord"},"geometry":{"type":"Point","coordinates":[128.00777778,1.73194444]}},{"type":"Feature","properties":{"en":"South Halmahera","fr":"Halmahera Selatan"},"geometry":{"type":"Point","coordinates":[127.90833,-0.3955]}},{"type":"Feature","properties":{"en":"West Halmahera","fr":"Halmahera Barat"},"geometry":{"type":"Point","coordinates":[127.55264,1.41709]}},{"type":"Feature","properties":{"en":"Tidore Islands","fr":"Tidore"},"geometry":{"type":"Point","coordinates":[127.4,0.68333333333333]}},{"type":"Feature","properties":{"en":"Fak Fak","fr":"Fakfak"},"geometry":{"type":"Point","coordinates":[132.3,-2.9167]}},{"type":"Feature","properties":{"en":"Kaimana","fr":"Kaimana"},"geometry":{"type":"Point","coordinates":[133.77451,-3.66093]}},{"type":"Feature","properties":{"en":"Manokwari","fr":"Manokwari"},"geometry":{"type":"Point","coordinates":[134.06402,-0.86291]}},{"type":"Feature","properties":{"en":"Maybrat","fr":"Maybrat"},"geometry":{"type":"Point","coordinates":[132.35092,-1.2155]}},{"type":"Feature","properties":{"en":"Raja Ampat","fr":"Îles Raja Ampat"},"geometry":{"type":"Point","coordinates":[130.0,-0.5]}},{"type":"Feature","properties":{"en":"Sorong","fr":"kabupaten de Sorong"},"geometry":{"type":"Point","coordinates":[131.51667,-1.1]}},{"type":"Feature","properties":{"en":"South Sorong","fr":"Sud Sorong"},"geometry":{"type":"Point","coordinates":[132.28638,-1.50495]}},{"type":"Feature","properties":{"en":"Tambrauw","fr":"Tambrauw"},"geometry":{"type":"Point","coordinates":[132.48962,-0.60515]}},{"type":"Feature","properties":{"en":"Teluk Bintuni","fr":"Teluk Bintuni"},"geometry":{"type":"Point","coordinates":[133.33105,-1.88037]}},{"type":"Feature","properties":{"en":"Teluk Wondama","fr":"Teluk Wondama"},"geometry":{"type":"Point","coordinates":[134.5,-2.7]}},{"type":"Feature","properties":{"en":"Sorong","fr":"Sorong"},"geometry":{"type":"Point","coordinates":[131.26104,-0.87956]}},{"type":"Feature","properties":{"en":"Asmat","fr":"kabupaten d'Asmat"},"geometry":{"type":"Point","coordinates":[138.46344,-5.3795]}},{"type":"Feature","properties":{"en":"Biak Numfor","fr":"kabupaten de Biak Numfor"},"geometry":{"type":"Point","coordinates":[136.0,-1.03333]}},{"type":"Feature","properties":{"en":"Boven Digoel","fr":"kabupaten de Boven Digoel"},"geometry":{"type":"Point","coordinates":[140.0,-6.0]}},{"type":"Feature","properties":{"en":"Central Mamberamo","fr":"Mamberamo Central"},"geometry":{"type":"Point","coordinates":[139.16667,-3.88333]}},{"type":"Feature","properties":{"en":"Deiyai","fr":"Deiyai"},"geometry":{"type":"Point","coordinates":[136.437,-4.174]}},{"type":"Feature","properties":{"en":"Dogiyai","fr":"kabupaten de Dogiyai"},"geometry":{"type":"Point","coordinates":[135.709,-4.057]}},{"type":"Feature","properties":{"en":"Intan Jaya","fr":"Intan Jaya"},"geometry":{"type":"Point","coordinates":[136.70837,-3.41016]}},{"type":"Feature","properties":{"en":"Jayapura","fr":"Jayapura"},"geometry":{"type":"Point","coordinates":[139.95,-3.0]}},{"type":"Feature","properties":{"en":"Jayawijaya","fr":"kabupaten de Jayawijaya"},"geometry":{"type":"Point","coordinates":[139.08333,-4.08333]}},{"type":"Feature","properties":{"en":"Keerom","fr":"Keerom"},"geometry":{"type":"Point","coordinates":[140.743570085694,-2.88369397590361]}},{"type":"Feature","properties":{"en":"Lanny Jaya","fr":"Lanny Jaya"},"geometry":{"type":"Point","coordinates":[138.28766,-3.91244]}},{"type":"Feature","properties":{"en":"Mamberamo Raya","fr":"Mamberamo Raya"},"geometry":{"type":"Point","coordinates":[137.78229,-2.23561]}},{"type":"Feature","properties":{"en":"Mappi","fr":"Mappi"},"geometry":{"type":"Point","coordinates":[139.34441,-6.49971]}},{"type":"Feature","properties":{"en":"Merauke","fr":"kabupaten de Merauke"},"geometry":{"type":"Point","coordinates":[139.66667,-7.66667]}},{"type":"Feature","properties":{"en":"Mimika","fr":"kabupaten de Mimika"},"geometry":{"type":"Point","coordinates":[136.56555,-4.54357]}},{"type":"Feature","properties":{"en":"Nabire","fr":"kabupaten de Nabire"},"geometry":{"type":"Point","coordinates":[135.55511,-3.54016]}},{"type":"Feature","properties":{"en":"Nduga","fr":"Nduga"},"geometry":{"type":"Point","coordinates":[138.10089,-4.45093]}},{"type":"Feature","properties":{"en":"Paniai","fr":"kabupaten de Paniai"},"geometry":{"type":"Point","coordinates":[136.6,-3.9]}},{"type":"Feature","properties":{"en":"Pegunungan Bintang","fr":"kabupaten des monts Bintang"},"geometry":{"type":"Point","coordinates":[140.29541,-4.52167]}},{"type":"Feature","properties":{"en":"Puncak","fr":"Puncak"},"geometry":{"type":"Point","coordinates":[137.09702,-4.14204]}},{"type":"Feature","properties":{"en":"Puncak Jaya","fr":"kabupaten de Puncak Jaya"},"geometry":{"type":"Point","coordinates":[137.8661,-3.5107]}},{"type":"Feature","properties":{"en":"Sarmi","fr":"Sarmi"},"geometry":{"type":"Point","coordinates":[139.08333,-2.41667]}},{"type":"Feature","properties":{"en":"Supiori","fr":"Supiori"},"geometry":{"type":"Point","coordinates":[135.583,-0.733333]}},{"type":"Feature","properties":{"en":"Tolikara","fr":"Tolikara"},"geometry":{"type":"Point","coordinates":[138.61667,-3.46667]}},{"type":"Feature","properties":{"en":"Waropen","fr":"Waropen"},"geometry":{"type":"Point","coordinates":[137.01837,-2.286]}},{"type":"Feature","properties":{"en":"Yahukimo","fr":"Yahukimo"},"geometry":{"type":"Point","coordinates":[139.520008078553,-4.88699899333389]}},{"type":"Feature","properties":{"en":"Yalimo","fr":"Yalimo"},"geometry":{"type":"Point","coordinates":[139.447,-3.785]}},{"type":"Feature","properties":{"en":"Jayapura","fr":"Jayapura"},"geometry":{"type":"Point","coordinates":[140.71666666667,-2.5333333333333]}},{"type":"Feature","properties":{"en":"Pangandaran","fr":"kabupaten de Pangandaran"},"geometry":{"type":"Point","coordinates":[108.4942204,-7.7016552]}},{"type":"Feature","properties":{"en":"Algiers Province","fr":"wilaya d'Alger"},"geometry":{"type":"Point","coordinates":[3.2166666666667,36.7]}},{"type":"Feature","properties":{"en":"Al-Buraimi","fr":"Al Buraymi"},"geometry":{"type":"Point","coordinates":[55.802528,24.255791]}},{"type":"Feature","properties":{"en":"Aïn Defla Province","fr":"Aïn Defla"},"geometry":{"type":"Point","coordinates":[2.163889,36.313889]}},{"type":"Feature","properties":{"en":"Adrar Province","fr":"Adrar"},"geometry":{"type":"Point","coordinates":[-0.297222,27.880556]}},{"type":"Feature","properties":{"en":"Annaba Province","fr":"wilaya d'Annaba"},"geometry":{"type":"Point","coordinates":[7.7666666666667,36.9]}},{"type":"Feature","properties":{"en":"Khenchela Province","fr":"wilaya de Khenchela"},"geometry":{"type":"Point","coordinates":[7.147,35.434]}},{"type":"Feature","properties":{"en":"Batna Province","fr":"Batna"},"geometry":{"type":"Point","coordinates":[6.053467,35.775486]}},{"type":"Feature","properties":{"en":"Béchar Province","fr":"Béchar"},"geometry":{"type":"Point","coordinates":[-2.2166666666667,31.616666666667]}},{"type":"Feature","properties":{"en":"Mostaganem Province","fr":"Mostaganem"},"geometry":{"type":"Point","coordinates":[0.083333333333333,35.9333]}},{"type":"Feature","properties":{"en":"Tamanrasset Province","fr":"wilaya de Tamanrasset"},"geometry":{"type":"Point","coordinates":[5.522778,22.785]}},{"type":"Feature","properties":{"en":"Tindouf Province","fr":"Tindouf"},"geometry":{"type":"Point","coordinates":[-8.1333333333333,27.683333333333]}},{"type":"Feature","properties":{"en":"Oran Province","fr":"wilaya d'Oran"},"geometry":{"type":"Point","coordinates":[-0.63333333333333,35.7]}},{"type":"Feature","properties":{"en":"Laghouat Province","fr":"Laghouat"},"geometry":{"type":"Point","coordinates":[2.8833333333333,33.8]}},{"type":"Feature","properties":{"en":"Chlef Province","fr":"wilaya de Chlef"},"geometry":{"type":"Point","coordinates":[1.3333333333333,36.166666666667]}},{"type":"Feature","properties":{"en":"Constantine Province","fr":"Constantine"},"geometry":{"type":"Point","coordinates":[6.6,36.35]}},{"type":"Feature","properties":{"en":"Djelfa Province","fr":"Djelfa"},"geometry":{"type":"Point","coordinates":[3.258333,34.675]}},{"type":"Feature","properties":{"en":"Tiaret Province","fr":"Tiaret"},"geometry":{"type":"Point","coordinates":[1.325,35.375]}},{"type":"Feature","properties":{"en":"Tlemcen Province","fr":"wilaya de Tlemcen"},"geometry":{"type":"Point","coordinates":[-1.3166666666667,34.883333333333]}},{"type":"Feature","properties":{"en":"Blida Province","fr":"wilaya de Blida"},"geometry":{"type":"Point","coordinates":[2.8166666666667,36.466666666667]}},{"type":"Feature","properties":{"en":"Saïda Province","fr":"Saïda"},"geometry":{"type":"Point","coordinates":[0.15,34.833333333333]}},{"type":"Feature","properties":{"en":"Tizi Ouzou Province","fr":"wilaya de Tizi Ouzou"},"geometry":{"type":"Point","coordinates":[4.058333,36.725]}},{"type":"Feature","properties":{"en":"El Oued Province","fr":"wilaya d'El Oued"},"geometry":{"type":"Point","coordinates":[7.1833333333333,33.116666666667]}},{"type":"Feature","properties":{"en":"Bouira Province","fr":"wilaya de Bouira"},"geometry":{"type":"Point","coordinates":[3.9,36.383333333333]}},{"type":"Feature","properties":{"en":"Illizi Province","fr":"Illizi"},"geometry":{"type":"Point","coordinates":[8.4666666666667,26.483333333333]}},{"type":"Feature","properties":{"en":"Béjaïa Province","fr":"wilaya de Béjaïa"},"geometry":{"type":"Point","coordinates":[5.0666666666667,36.75]}},{"type":"Feature","properties":{"en":"Aïn Témouchent Province","fr":"Wilaya de Aïn Témouchent"},"geometry":{"type":"Point","coordinates":[-1.1333333333333,35.3]}},{"type":"Feature","properties":{"en":"Naama Province","fr":"Naâma"},"geometry":{"type":"Point","coordinates":[-0.31666666666667,33.266666666667]}},{"type":"Feature","properties":{"en":"Skikda Province","fr":"wilaya de Skikda"},"geometry":{"type":"Point","coordinates":[6.9,36.866666666667]}},{"type":"Feature","properties":{"en":"El Bayadh Province","fr":"El Bayadh"},"geometry":{"type":"Point","coordinates":[1.020278,33.680278]}},{"type":"Feature","properties":{"en":"Oum El Bouaghi Province","fr":"Oum El Bouaghi"},"geometry":{"type":"Point","coordinates":[7.1166666666667,35.883333333333]}},{"type":"Feature","properties":{"en":"Ouargla Province","fr":"Ouargla"},"geometry":{"type":"Point","coordinates":[5.3166666666667,31.95]}},{"type":"Feature","properties":{"en":"Sidi Bel Abbès Province","fr":"Sidi Bel Abbès"},"geometry":{"type":"Point","coordinates":[-0.63333333333333,35.2]}},{"type":"Feature","properties":{"en":"Jijel Province","fr":"wilaya de Jijel"},"geometry":{"type":"Point","coordinates":[5.7666666666667,36.8]}},{"type":"Feature","properties":{"en":"Mila Province","fr":"wilaya de Mila"},"geometry":{"type":"Point","coordinates":[6.264167,36.449722]}},{"type":"Feature","properties":{"en":"Guelma Province","fr":"wilaya de Guelma"},"geometry":{"type":"Point","coordinates":[7.447222,36.463889]}},{"type":"Feature","properties":{"en":"Tissemsilt Province","fr":"Tissemsilt"},"geometry":{"type":"Point","coordinates":[1.8166666666667,35.6]}},{"type":"Feature","properties":{"en":"Médéa Province","fr":"wilaya de Médéa"},"geometry":{"type":"Point","coordinates":[2.75,36.266666666667]}},{"type":"Feature","properties":{"en":"Tipasa Province","fr":"Tipaza"},"geometry":{"type":"Point","coordinates":[2.4333333333333,36.583333333333]}},{"type":"Feature","properties":{"en":"Boumerdès Province","fr":"wilaya de Boumerdès"},"geometry":{"type":"Point","coordinates":[3.4833333333333,36.766666666667]}},{"type":"Feature","properties":{"en":"Relizane Province","fr":"Relizane"},"geometry":{"type":"Point","coordinates":[0.55,35.733333333333]}},{"type":"Feature","properties":{"en":"Souk Ahras Province","fr":"Souk Ahras"},"geometry":{"type":"Point","coordinates":[8.0,36.383333333333]}},{"type":"Feature","properties":{"en":"Mascara Province","fr":"Mascara"},"geometry":{"type":"Point","coordinates":[0.13333333333333,35.4]}},{"type":"Feature","properties":{"en":"El Tarf Province","fr":"El Tarf"},"geometry":{"type":"Point","coordinates":[8.3166666666667,36.766666666667]}},{"type":"Feature","properties":{"en":"Sétif Province","fr":"wilaya de Sétif"},"geometry":{"type":"Point","coordinates":[5.4,36.183333333333]}},{"type":"Feature","properties":{"en":"M'Sila Province","fr":"M'Sila"},"geometry":{"type":"Point","coordinates":[4.55,35.7]}},{"type":"Feature","properties":{"en":"Bizerte Governorate","fr":"Bizerte"},"geometry":{"type":"Point","coordinates":[9.8666666666667,37.266666666667]}},{"type":"Feature","properties":{"en":"Gabès Governorate","fr":"Gabès"},"geometry":{"type":"Point","coordinates":[10.116666666667,33.883333333333]}},{"type":"Feature","properties":{"en":"Bordj Bou Arréridj Province","fr":"Bordj Bou Arreridj"},"geometry":{"type":"Point","coordinates":[4.7666666666667,36.066666666667]}},{"type":"Feature","properties":{"en":"Tébessa Province","fr":"wilaya de Tébessa"},"geometry":{"type":"Point","coordinates":[8.1166666666667,35.4]}},{"type":"Feature","properties":{"en":"Sousse Governorate","fr":"Sousse"},"geometry":{"type":"Point","coordinates":[10.633333333333,35.833333333333]}},{"type":"Feature","properties":{"en":"Kairouan Governorate","fr":"Kairouan"},"geometry":{"type":"Point","coordinates":[10.1,35.666666666667]}},{"type":"Feature","properties":{"en":"Tunis Governorate","fr":"Tunis"},"geometry":{"type":"Point","coordinates":[10.17,36.8]}},{"type":"Feature","properties":{"en":"Adrar","fr":"Adrar"},"geometry":{"type":"Point","coordinates":[-13.0538333333333,20.5176944444444]}},{"type":"Feature","properties":{"en":"Biskra Province","fr":"Biskra"},"geometry":{"type":"Point","coordinates":[5.747222,34.863889]}},{"type":"Feature","properties":{"en":"Egypt eyalet","fr":"eyalet d'Égypte"},"geometry":{"type":"Point","coordinates":[31.21666667,30.05]}},{"type":"Feature","properties":{"en":"Bosnia vilayet","fr":"vilayet de Bosnie"},"geometry":{"type":"Point","coordinates":[18.4167,43.8667]}},{"type":"Feature","properties":{"en":"Tiris Zemmour","fr":"Tiris Zemmour"},"geometry":{"type":"Point","coordinates":[-9.0,24.0]}},{"type":"Feature","properties":{"en":"Legian","fr":"Legian"},"geometry":{"type":"Point","coordinates":[115.16861111111,-8.705]}},{"type":"Feature","properties":{"en":"Kuta","fr":"Kuta"},"geometry":{"type":"Point","coordinates":[115.171275,-8.723486]}},{"type":"Feature","properties":{"en":"Kerobokan","fr":"Kerobokan"},"geometry":{"type":"Point","coordinates":[115.172896,-8.647488]}},{"type":"Feature","properties":{"en":"Timika","fr":"Timika"},"geometry":{"type":"Point","coordinates":[136.88947,-4.548483]}},{"type":"Feature","properties":{"en":"Seminyak","fr":"Seminyak"},"geometry":{"type":"Point","coordinates":[115.16583333333,-8.6905555555556]}},{"type":"Feature","properties":{"en":"Beirut vilayet","fr":"Vilayet de Beyrouth"},"geometry":{"type":"Point","coordinates":[35.5,33.8833]}},{"type":"Feature","properties":{"en":"Purwakarta","fr":"Purwakarta"},"geometry":{"type":"Point","coordinates":[107.44,-6.54]}},{"type":"Feature","properties":{"en":"Adrianople vilayet","fr":"Vilayet d'Andrinople"},"geometry":{"type":"Point","coordinates":[26.555555555556,41.676944444444]}},{"type":"Feature","properties":{"en":"Bungo Dani","fr":"Bungo Dani"},"geometry":{"type":"Point","coordinates":[102.0977393,-1.4929125]}},{"type":"Feature","properties":{"en":"Monastir vilayet","fr":"Vilayet de Monastir"},"geometry":{"type":"Point","coordinates":[21.334722222222,41.031944444444]}},{"type":"Feature","properties":{"en":"Salonica vilayet","fr":"Vilayet de Salonique"},"geometry":{"type":"Point","coordinates":[22.9,40.65]}},{"type":"Feature","properties":{"en":"Martapura","fr":"Martapura"},"geometry":{"type":"Point","coordinates":[114.85,-3.4166666666667]}},{"type":"Feature","properties":{"en":"Istanbul vilayet","fr":"Vilayet de Constantinople"},"geometry":{"type":"Point","coordinates":[28.955,41.013611111111]}},{"type":"Feature","properties":{"en":"Canggu","fr":"Canggu"},"geometry":{"type":"Point","coordinates":[115.14277777778,-8.6411111111111]}},{"type":"Feature","properties":{"en":"Danurejan","fr":"Danurejan"},"geometry":{"type":"Point","coordinates":[110.37300133375,-7.7942844752682]}},{"type":"Feature","properties":{"en":"Mengwi","fr":"Mengwi"},"geometry":{"type":"Point","coordinates":[115.16666667,-8.55]}},{"type":"Feature","properties":{"en":"Bali","fr":"province de Bali"},"geometry":{"type":"Point","coordinates":[115.0,-8.5]}},{"type":"Feature","properties":{"en":"Tuban","fr":"Tuban"},"geometry":{"type":"Point","coordinates":[115.177,-8.74278]}},{"type":"Feature","properties":{"en":"Kaur","fr":"kabupaten de Kaur"},"geometry":{"type":"Point","coordinates":[103.4167585,-4.589298]}},{"type":"Feature","properties":{"en":"Danau Kerinci","fr":"lac Kerinci"},"geometry":{"type":"Point","coordinates":[101.5215851,-2.1212515]}},{"type":"Feature","properties":{"en":"South Pontianak","fr":"Pontianak Selatan"},"geometry":{"type":"Point","coordinates":[109.315054189409,-0.0623522401274349]}},{"type":"Feature","properties":{"en":"East Pontianak","fr":"Pontianak Timur"},"geometry":{"type":"Point","coordinates":[109.36008333,-0.0315]}},{"type":"Feature","properties":{"en":"West Pontianak","fr":"Pontianak Barat"},"geometry":{"type":"Point","coordinates":[109.297,-0.00797222]}},{"type":"Feature","properties":{"en":"Pontianak Kota","fr":"Pontianak"},"geometry":{"type":"Point","coordinates":[109.322653876919,-0.0328049467538928]}},{"type":"Feature","properties":{"en":"South East Pontianak","fr":"Pontianak Tenggara"},"geometry":{"type":"Point","coordinates":[109.349300905614,-0.0796192477075929]}},{"type":"Feature","properties":{"en":"Damascus eyalet","fr":"Pachalik de Damas"},"geometry":{"type":"Point","coordinates":[36.2919444444444,33.5130555555556]}},{"type":"Feature","properties":{"en":"Malaka","fr":"Malaka"},"geometry":{"type":"Point","coordinates":[124.9075,-9.56722222]}},{"type":"Feature","properties":{"en":"Tanjungkarang Pusat","fr":"Tanjung Karang Pusat"},"geometry":{"type":"Point","coordinates":[105.247121809935,-5.41846953734047]}},{"type":"Feature","properties":{"en":"South Teluk Betung","fr":"Teluk Betung Selatan"},"geometry":{"type":"Point","coordinates":[105.2595864,-5.4523924]}},{"type":"Feature","properties":{"en":"East Tanjungkarang","fr":"Tanjung Karang Timur"},"geometry":{"type":"Point","coordinates":[105.29805555556,-5.4133333333333]}},{"type":"Feature","properties":{"en":"Kemiling","fr":"Kemiling"},"geometry":{"type":"Point","coordinates":[105.209047644721,-5.39970449046815]}},{"type":"Feature","properties":{"en":"Rajabasa","fr":"Rajabasa"},"geometry":{"type":"Point","coordinates":[105.230803419105,-5.37101177310416]}},{"type":"Feature","properties":{"en":"Panjang","fr":"Panjang"},"geometry":{"type":"Point","coordinates":[105.31833333333,-5.4558333333333]}},{"type":"Feature","properties":{"en":"Tanjung Senang","fr":"Tanjung Senang"},"geometry":{"type":"Point","coordinates":[105.273212764938,-5.36005409893387]}},{"type":"Feature","properties":{"en":"Sukabumi","fr":"Sukabumi"},"geometry":{"type":"Point","coordinates":[105.305896154191,-5.39973696580873]}},{"type":"Feature","properties":{"en":"West Telukbetung","fr":"Teluk Betung Barat"},"geometry":{"type":"Point","coordinates":[105.23888888889,-5.4563888888889]}},{"type":"Feature","properties":{"en":"West Tanjungkarang","fr":"Tanjung Karang Barat"},"geometry":{"type":"Point","coordinates":[105.22111111111,-5.4011111111111]}},{"type":"Feature","properties":{"en":"North Telukbetung","fr":"Teluk Betung Utara"},"geometry":{"type":"Point","coordinates":[105.262449669727,-5.43923514942315]}},{"type":"Feature","properties":{"en":"Sukarame","fr":""},"geometry":{"type":"Point","coordinates":[105.29,-5.3927777777778]}},{"type":"Feature","properties":{"en":"Kedaton","fr":"Kedaton"},"geometry":{"type":"Point","coordinates":[105.254145438889,-5.39052168055556]}},{"type":"Feature","properties":{"en":"Teluk Mayalibit","fr":""},"geometry":{"type":"Point","coordinates":[130.82450867,-0.2664175]}},{"type":"Feature","properties":{"en":"Landasan Ulin","fr":"Landasan Ulin"},"geometry":{"type":"Point","coordinates":[114.763808491383,-3.45531443537475]}},{"type":"Feature","properties":{"en":"Bati Bati","fr":"Bati-Bati"},"geometry":{"type":"Point","coordinates":[114.704341172405,-3.59807042648544]}},{"type":"Feature","properties":{"en":"Cempaka","fr":""},"geometry":{"type":"Point","coordinates":[114.838622220386,-3.5017326890988]}},{"type":"Feature","properties":{"en":"Jogorogo","fr":"Jogorogo"},"geometry":{"type":"Point","coordinates":[111.250833333333,-7.52222222222222]}},{"type":"Feature","properties":{"en":"South Kuta","fr":"Kuta Selatan"},"geometry":{"type":"Point","coordinates":[115.177985,-8.783153]}},{"type":"Feature","properties":{"en":"Central Maluku","fr":"Maluku central"},"geometry":{"type":"Point","coordinates":[128.9565238,-3.2996704]}},{"type":"Feature","properties":{"en":"Katingan","fr":"Katingan"},"geometry":{"type":"Point","coordinates":[113.4,-2.06667]}},{"type":"Feature","properties":{"en":"Gerih","fr":"Gerih"},"geometry":{"type":"Point","coordinates":[111.373349308301,-7.5206269864945]}},{"type":"Feature","properties":{"en":"Durian Luncuk","fr":"Durianluncuk"},"geometry":{"type":"Point","coordinates":[102.9971256,-1.8793109]}},{"type":"Feature","properties":{"en":"Kersik Tuo","fr":"Kersik Tuo"},"geometry":{"type":"Point","coordinates":[101.2830988,-1.7759372]}},{"type":"Feature","properties":{"en":"North Kuta","fr":"Kuta Utara"},"geometry":{"type":"Point","coordinates":[115.162295,-8.645222]}},{"type":"Feature","properties":{"en":"Karang Intan","fr":"Karang Intan"},"geometry":{"type":"Point","coordinates":[114.925295390935,-3.43516655013776]}},{"type":"Feature","properties":{"en":"Muara Bulian","fr":"Muara Bulian"},"geometry":{"type":"Point","coordinates":[103.2615095,-1.7130643]}},{"type":"Feature","properties":{"en":"Padang Kelapo","fr":""},"geometry":{"type":"Point","coordinates":[102.8736672,-1.6884024]}},{"type":"Feature","properties":{"en":"Sailolof","fr":"Sailolof"},"geometry":{"type":"Point","coordinates":[130.768379190525,-1.2566017943706]}},{"type":"Feature","properties":{"en":"Margomulyo","fr":"Margomulyo"},"geometry":{"type":"Point","coordinates":[111.4872,-7.3211]}},{"type":"Feature","properties":{"en":"Tanah Sepenggal","fr":"Tanah Sepenggal"},"geometry":{"type":"Point","coordinates":[101.950133366631,-1.40785300366484]}},{"type":"Feature","properties":{"en":"Serai Serumpun","fr":"Serai Serumpun"},"geometry":{"type":"Point","coordinates":[102.3338645,-1.2482818]}},{"type":"Feature","properties":{"en":"Tebo Ulu","fr":"Tebo Ulu"},"geometry":{"type":"Point","coordinates":[102.2374132,-1.2385133]}},{"type":"Feature","properties":{"en":"Pelepat Ilir","fr":"Pelepat Ilir"},"geometry":{"type":"Point","coordinates":[102.2948156,-1.5950243]}},{"type":"Feature","properties":{"en":"VII Koto","fr":"VII Koto"},"geometry":{"type":"Point","coordinates":[102.0105404,-1.1649469]}},{"type":"Feature","properties":{"en":"Rimbo Ulu","fr":"Rimbo Ulu"},"geometry":{"type":"Point","coordinates":[102.0298989,-1.301728]}},{"type":"Feature","properties":{"en":"Bathin III","fr":"Bathin III"},"geometry":{"type":"Point","coordinates":[102.1337037,-1.4679848]}},{"type":"Feature","properties":{"en":"Pelepat","fr":"Pelepat"},"geometry":{"type":"Point","coordinates":[102.1880523,-1.7187107]}},{"type":"Feature","properties":{"en":"Rimbo Bujang","fr":"Rimbo Bujang"},"geometry":{"type":"Point","coordinates":[102.101827,-1.3160617]}},{"type":"Feature","properties":{"en":"Tanah Sepenggal Lintas","fr":"Tanah Sepenggal Lintas"},"geometry":{"type":"Point","coordinates":[102.020399079188,-1.40709714867079]}},{"type":"Feature","properties":{"en":"Tebo Tengah","fr":"Tebo Tengah"},"geometry":{"type":"Point","coordinates":[102.4663401,-1.4551034]}},{"type":"Feature","properties":{"en":"Muara Tabir","fr":"Muara Tabir"},"geometry":{"type":"Point","coordinates":[102.5584942,-1.6466898]}},{"type":"Feature","properties":{"en":"Sumay","fr":"Sumay"},"geometry":{"type":"Point","coordinates":[102.4168182,-1.3781555]}},{"type":"Feature","properties":{"en":"Rimbo Tengah","fr":"Rimbo Tengah"},"geometry":{"type":"Point","coordinates":[102.121347,-1.5160004]}},{"type":"Feature","properties":{"en":"Rantau Rasau","fr":"Rantau Rasau"},"geometry":{"type":"Point","coordinates":[104.0709793,-1.1899168]}},{"type":"Feature","properties":{"en":"West Muara Sabak","fr":"Muara Sabak Barat"},"geometry":{"type":"Point","coordinates":[103.8080967,-1.1886816]}},{"type":"Feature","properties":{"en":"Dendang","fr":"Dendang"},"geometry":{"type":"Point","coordinates":[103.9204266,-1.1990021]}},{"type":"Feature","properties":{"en":"Tebo Ilir","fr":"Tebo Ilir"},"geometry":{"type":"Point","coordinates":[102.7234986,-1.5473233]}},{"type":"Feature","properties":{"en":"Air Hangat","fr":"Air Hangat"},"geometry":{"type":"Point","coordinates":[101.3765942,-2.0039186]}},{"type":"Feature","properties":{"en":"Mestong","fr":"Mestong"},"geometry":{"type":"Point","coordinates":[103.5584345,-1.7628785]}},{"type":"Feature","properties":{"en":"Batang Merangin","fr":"Batang Merangin"},"geometry":{"type":"Point","coordinates":[101.637838763126,-2.18115817457793]}},{"type":"Feature","properties":{"en":"Mendahara","fr":"Mendahara"},"geometry":{"type":"Point","coordinates":[103.6799089,-0.9554692]}},{"type":"Feature","properties":{"en":"Nipah Panjang","fr":"Nipah Panjang"},"geometry":{"type":"Point","coordinates":[104.1722677,-1.0760012]}},{"type":"Feature","properties":{"en":"Sungai Bahar","fr":"Sungai Bahar"},"geometry":{"type":"Point","coordinates":[103.4433684,-1.9983045]}},{"type":"Feature","properties":{"en":"East Muara Sabak","fr":"Muara Sabak Timur"},"geometry":{"type":"Point","coordinates":[103.8608831,-1.1295053]}},{"type":"Feature","properties":{"en":"Berbak","fr":"Berbak"},"geometry":{"type":"Point","coordinates":[104.0874445,-1.2832761]}},{"type":"Feature","properties":{"en":"Geragai","fr":"Geragai"},"geometry":{"type":"Point","coordinates":[103.7323086,-1.171478]}},{"type":"Feature","properties":{"en":"Mendahara Ulu","fr":"Mendahara Ulu"},"geometry":{"type":"Point","coordinates":[103.53414780936,-1.25881061636833]}},{"type":"Feature","properties":{"en":"East Tabir","fr":"Tabir Timur"},"geometry":{"type":"Point","coordinates":[102.5006202,-1.7154481]}},{"type":"Feature","properties":{"en":"Renah Pembarap","fr":"Renah Pembarap"},"geometry":{"type":"Point","coordinates":[102.0604463,-2.1462654]}},{"type":"Feature","properties":{"en":"Jangkat","fr":"Jangkat"},"geometry":{"type":"Point","coordinates":[101.8879983,-2.6367424]}},{"type":"Feature","properties":{"en":"Limun","fr":"Limun"},"geometry":{"type":"Point","coordinates":[102.49027777778,-2.4783333333333]}},{"type":"Feature","properties":{"en":"Muara Siau","fr":"Muara Siau"},"geometry":{"type":"Point","coordinates":[102.0950621,-2.2816187]}},{"type":"Feature","properties":{"en":"West Bangko","fr":"Bangko Barat"},"geometry":{"type":"Point","coordinates":[102.2296472,-2.1195673]}},{"type":"Feature","properties":{"en":"Batang Masumai","fr":"Batang Masumai"},"geometry":{"type":"Point","coordinates":[102.222298283923,-2.06623088540776]}},{"type":"Feature","properties":{"en":"Mandiangin","fr":"Mandiangin"},"geometry":{"type":"Point","coordinates":[102.9610133,-2.0420938]}},{"type":"Feature","properties":{"en":"East Air Hangat","fr":"Air Hangat Timur"},"geometry":{"type":"Point","coordinates":[101.423925478955,-2.01965720118314]}},{"type":"Feature","properties":{"en":"Gunung Kerinci","fr":"Gunung Kerinci"},"geometry":{"type":"Point","coordinates":[101.3034337,-1.9094457]}},{"type":"Feature","properties":{"en":"Lembah Masurai","fr":"Lembah Masurai"},"geometry":{"type":"Point","coordinates":[101.9969551,-2.3779475]}},{"type":"Feature","properties":{"en":"Bathin VIII","fr":"Bathin VIII"},"geometry":{"type":"Point","coordinates":[102.5247566,-2.2516577]}},{"type":"Feature","properties":{"en":"Kayu Aro","fr":"Kayu Aro"},"geometry":{"type":"Point","coordinates":[101.29902643712,-1.76486570604611]}},{"type":"Feature","properties":{"en":"Gunung Tujuh","fr":"Gunung Tujuh"},"geometry":{"type":"Point","coordinates":[101.341587374459,-1.71486938294895]}},{"type":"Feature","properties":{"en":"Bangko","fr":"Bangko"},"geometry":{"type":"Point","coordinates":[102.2547325,-2.0879514]}},{"type":"Feature","properties":{"en":"East Jangkat","fr":"Jangkat Timur"},"geometry":{"type":"Point","coordinates":[101.969403890732,-2.56928820682973]}},{"type":"Feature","properties":{"en":"Keliling Danau","fr":"Keliling Danau"},"geometry":{"type":"Point","coordinates":[101.497618917824,-2.1809405849228]}},{"type":"Feature","properties":{"en":"Air Hitam","fr":"Air Hitam"},"geometry":{"type":"Point","coordinates":[102.697151,-1.9972449]}},{"type":"Feature","properties":{"en":"Tabir Ilir","fr":"Tabir Ilir"},"geometry":{"type":"Point","coordinates":[102.418315230633,-1.743349850629]}},{"type":"Feature","properties":{"en":"Nalo Tantan","fr":"Nalo Tantan"},"geometry":{"type":"Point","coordinates":[102.2416097,-2.0061043]}},{"type":"Feature","properties":{"en":"Sarolangun","fr":"Sarolangun"},"geometry":{"type":"Point","coordinates":[102.715273,-2.3052039]}},{"type":"Feature","properties":{"en":"Pangkalan Jambu","fr":"Pangkalan Jambu"},"geometry":{"type":"Point","coordinates":[101.9241865,-2.1373489]}},{"type":"Feature","properties":{"en":"Tabir","fr":"Tabir"},"geometry":{"type":"Point","coordinates":[102.2992066,-1.8402587]}},{"type":"Feature","properties":{"en":"Sungai Manau","fr":"Sungai Manau"},"geometry":{"type":"Point","coordinates":[102.0000684,-2.1151558]}},{"type":"Feature","properties":{"en":"Gunung Raya","fr":"Gunung Raya"},"geometry":{"type":"Point","coordinates":[101.5312313,-2.2474066]}},{"type":"Feature","properties":{"en":"Sitinjau Laut","fr":"Sitinjau Laut"},"geometry":{"type":"Point","coordinates":[101.46349,-2.08427]}},{"type":"Feature","properties":{"en":"West Pamenang","fr":"Pamenang Barat"},"geometry":{"type":"Point","coordinates":[102.4158801,-2.0716347]}},{"type":"Feature","properties":{"en":"Pauh","fr":"Pauh"},"geometry":{"type":"Point","coordinates":[102.8320329,-2.1291751]}},{"type":"Feature","properties":{"en":"Bajubang","fr":"Bajubang"},"geometry":{"type":"Point","coordinates":[103.3457547,-1.7871074]}},{"type":"Feature","properties":{"en":"Pemayung","fr":"Pemayung"},"geometry":{"type":"Point","coordinates":[103.3756694,-1.6008988]}},{"type":"Feature","properties":{"en":"Muara Tembesi","fr":"Muara Tembesi"},"geometry":{"type":"Point","coordinates":[103.1315901,-1.721328]}},{"type":"Feature","properties":{"en":"Maro Sebo Ilir","fr":"Maro Sebo Ilir"},"geometry":{"type":"Point","coordinates":[103.1684617,-1.67219]}},{"type":"Feature","properties":{"en":"Geneng","fr":"Geneng"},"geometry":{"type":"Point","coordinates":[111.42946685008,-7.49109816387595]}},{"type":"Feature","properties":{"en":"Kasreman","fr":"Kasreman"},"geometry":{"type":"Point","coordinates":[111.513558190553,-7.40713192422631]}},{"type":"Feature","properties":{"en":"Kwadungan","fr":"Kwadungan"},"geometry":{"type":"Point","coordinates":[111.5075,-7.51]}},{"type":"Feature","properties":{"en":"Ngawi","fr":"Ngawi"},"geometry":{"type":"Point","coordinates":[111.45777777778,-7.4105555555556]}},{"type":"Feature","properties":{"en":"Padas","fr":"Padas"},"geometry":{"type":"Point","coordinates":[111.52083333333,-7.4191666666667]}},{"type":"Feature","properties":{"en":"Paron","fr":"Paron"},"geometry":{"type":"Point","coordinates":[111.37027777778,-7.4708333333333]}},{"type":"Feature","properties":{"en":"Pitu","fr":"Pitu"},"geometry":{"type":"Point","coordinates":[111.35777777778,-7.3594444444444]}},{"type":"Feature","properties":{"en":"Gambut","fr":"Gambut"},"geometry":{"type":"Point","coordinates":[114.672582859411,-3.40949743717416]}},{"type":"Feature","properties":{"en":"Sidenreng Rappang","fr":"Sidenreng Rappang"},"geometry":{"type":"Point","coordinates":[119.796,-3.92694]}},{"type":"Feature","properties":{"en":"Ayau Islands","fr":""},"geometry":{"type":"Point","coordinates":[131.138280555556,0.397074722222222]}},{"type":"Feature","properties":{"en":"Bajubang Laut","fr":""},"geometry":{"type":"Point","coordinates":[103.2937576,-1.681806]}},{"type":"Feature","properties":{"en":"Balikpapan Kota","fr":"Balikpapan Kota"},"geometry":{"type":"Point","coordinates":[116.825394665227,-1.27903891830185]}},{"type":"Feature","properties":{"en":"Balikpapan Tengah","fr":"Balikpapan Tengah"},"geometry":{"type":"Point","coordinates":[116.8312,-1.2592]}},{"type":"Feature","properties":{"en":"North Banjarbaru","fr":"Banjarbaru Utara"},"geometry":{"type":"Point","coordinates":[114.832992126097,-3.44024471572191]}},{"type":"Feature","properties":{"en":"South Banjarbaru","fr":"Banjarbaru Selatan"},"geometry":{"type":"Point","coordinates":[114.818352502724,-3.45376612100495]}},{"type":"Feature","properties":{"en":"Batang Asai","fr":"Batang Asai"},"geometry":{"type":"Point","coordinates":[102.2781407,-2.4898691]}},{"type":"Feature","properties":{"en":"Batang Sangir","fr":"Batang Sangir"},"geometry":{"type":"Point","coordinates":[101.2938755,-1.7713116]}},{"type":"Feature","properties":{"en":"Bathin II Babeko","fr":"Bathin II Babeko"},"geometry":{"type":"Point","coordinates":[102.194714251732,-1.47932830730141]}},{"type":"Feature","properties":{"en":"Batin XXIV","fr":"Batin XXIV"},"geometry":{"type":"Point","coordinates":[103.0168442,-1.8499121]}},{"type":"Feature","properties":{"en":"Bengkolan Duo","fr":"Bengkolan Dua"},"geometry":{"type":"Point","coordinates":[101.3129445,-1.7535886]}},{"type":"Feature","properties":{"en":"Benua Melayu Darat","fr":"Benua Melayu Darat"},"geometry":{"type":"Point","coordinates":[109.344671312918,-0.031006507879513]}},{"type":"Feature","properties":{"en":"Benuamelayu Laut","fr":"Benua Melayu Laut"},"geometry":{"type":"Point","coordinates":[109.346007055374,-0.0316529207409329]}},{"type":"Feature","properties":{"en":"Buluh Kasab","fr":""},"geometry":{"type":"Point","coordinates":[102.8542314,-1.6483291]}},{"type":"Feature","properties":{"en":"Bumi Waras","fr":"Bumi Waras"},"geometry":{"type":"Point","coordinates":[105.286449400133,-5.44478385539518]}},{"type":"Feature","properties":{"en":"Damai Bahagia","fr":"Damai Bahagia"},"geometry":{"type":"Point","coordinates":[116.878518646055,-1.26771222692016]}},{"type":"Feature","properties":{"en":"West Denpasar","fr":"Denpasar Barat"},"geometry":{"type":"Point","coordinates":[115.195006,-8.651647]}},{"type":"Feature","properties":{"en":"South Denpasar","fr":"Denpasar Selatan"},"geometry":{"type":"Point","coordinates":[115.226,-8.6991]}},{"type":"Feature","properties":{"en":"Depati Tujuh","fr":"Depati Tujuh"},"geometry":{"type":"Point","coordinates":[101.3846902,-2.0182496]}},{"type":"Feature","properties":{"en":"Enggal","fr":"Enggal"},"geometry":{"type":"Point","coordinates":[105.264271219301,-5.42138891589395]}},{"type":"Feature","properties":{"en":"Gunung Sari Ilir","fr":"Gunung Sari Ilir"},"geometry":{"type":"Point","coordinates":[116.84055555556,-1.2625]}},{"type":"Feature","properties":{"en":"Hamparan Rawang","fr":"Hamparan Rawang"},"geometry":{"type":"Point","coordinates":[101.407004825594,-2.04187895422922]}},{"type":"Feature","properties":{"en":"Central Papua","fr":"Papouasie centrale"},"geometry":{"type":"Point","coordinates":[136.0,-4.0]}},{"type":"Feature","properties":{"en":"Mahakam Ulu","fr":"Mahakam Ulu"},"geometry":{"type":"Point","coordinates":[115.28,0.5]}},{"type":"Feature","properties":{"en":"Central Mamuju","fr":"Mamuju central"},"geometry":{"type":"Point","coordinates":[119.4880718,-2.0901046]}},{"type":"Feature","properties":{"en":"South Manokwari","fr":"Manokwari Selatan"},"geometry":{"type":"Point","coordinates":[133.96729,-1.0798]}},{"type":"Feature","properties":{"en":"North Morowali","fr":"Morowali Utara"},"geometry":{"type":"Point","coordinates":[121.24649,-1.7207]}},{"type":"Feature","properties":{"en":"Kedamaian","fr":"Kedamaian"},"geometry":{"type":"Point","coordinates":[105.289837899062,-5.41824956901343]}},{"type":"Feature","properties":{"en":"Kedonganan","fr":"Kedonganan"},"geometry":{"type":"Point","coordinates":[115.178735,-8.763855]}},{"type":"Feature","properties":{"en":"Klandasan Ilir","fr":"Klandasan Ilir"},"geometry":{"type":"Point","coordinates":[116.8449,-1.2711]}},{"type":"Feature","properties":{"en":"Kuala Jambi","fr":"Kuala Jambi"},"geometry":{"type":"Point","coordinates":[103.785888888889,-1.03225]}},{"type":"Feature","properties":{"en":"Langkapura","fr":"Langkapura"},"geometry":{"type":"Point","coordinates":[105.229116496112,-5.4020204859129]}},{"type":"Feature","properties":{"en":"Liang Anggang","fr":"Liang Anggang"},"geometry":{"type":"Point","coordinates":[114.692609367017,-3.44181444728719]}},{"type":"Feature","properties":{"en":"Mekar Sari","fr":"Mekar Sari"},"geometry":{"type":"Point","coordinates":[116.839499697893,-1.2608934897513]}},{"type":"Feature","properties":{"en":"Meos Mansar","fr":""},"geometry":{"type":"Point","coordinates":[130.600343322737,-0.443477066089121]}},{"type":"Feature","properties":{"en":"Modisi","fr":"Modisi"},"geometry":{"type":"Point","coordinates":[124.43525,0.450388888888889]}},{"type":"Feature","properties":{"en":"Muara Jangga","fr":"Muara Jangga"},"geometry":{"type":"Point","coordinates":[103.0194443,-1.8464766]}},{"type":"Feature","properties":{"en":"Muko-Muko Bathin VII","fr":"Muko-Muko Bathin VII"},"geometry":{"type":"Point","coordinates":[102.053538486127,-1.52651783832504]}},{"type":"Feature","properties":{"en":"Olak","fr":""},"geometry":{"type":"Point","coordinates":[103.2552159,-1.6634784]}},{"type":"Feature","properties":{"en":"Olak Kemang","fr":""},"geometry":{"type":"Point","coordinates":[102.8745075,-1.6714147]}},{"type":"Feature","properties":{"en":"Pamenang","fr":"Pamenang"},"geometry":{"type":"Point","coordinates":[102.5136757,-2.1247557]}},{"type":"Feature","properties":{"en":"Pelompek","fr":"Pelompek"},"geometry":{"type":"Point","coordinates":[101.3427402,-1.7111445]}},{"type":"Feature","properties":{"en":"Pesisir Bukit","fr":"Pesisir Bukit"},"geometry":{"type":"Point","coordinates":[101.3682333,-1.7384984]}},{"type":"Feature","properties":{"en":"Posilagon","fr":"Posilagon"},"geometry":{"type":"Point","coordinates":[124.4446155,0.473059]}},{"type":"Feature","properties":{"en":"Prapatan","fr":"Prapatan"},"geometry":{"type":"Point","coordinates":[116.8188,-1.2612]}},{"type":"Feature","properties":{"en":"Rambahan","fr":""},"geometry":{"type":"Point","coordinates":[103.2306752,-1.7141482]}},{"type":"Feature","properties":{"en":"Rantau Puri","fr":""},"geometry":{"type":"Point","coordinates":[103.3172799,-1.6628887]}},{"type":"Feature","properties":{"en":"Rengas IX","fr":""},"geometry":{"type":"Point","coordinates":[102.8104198,-1.6540214]}},{"type":"Feature","properties":{"en":"Rimbo Ilir","fr":"Rimbo Ilir"},"geometry":{"type":"Point","coordinates":[102.2442949,-1.4409044]}},{"type":"Feature","properties":{"en":"Sadu","fr":"Sadu"},"geometry":{"type":"Point","coordinates":[104.3304794,-1.0566168]}},{"type":"Feature","properties":{"en":"Salawati Tengah","fr":""},"geometry":{"type":"Point","coordinates":[131.058667985036,-1.05199729013196]}},{"type":"Feature","properties":{"en":"Sangir","fr":""},"geometry":{"type":"Point","coordinates":[101.3066211,-1.7708799]}},{"type":"Feature","properties":{"en":"Sengkati Baru","fr":""},"geometry":{"type":"Point","coordinates":[102.9813322,-1.6498285]}},{"type":"Feature","properties":{"en":"Sengkati Kecil","fr":""},"geometry":{"type":"Point","coordinates":[102.9590214,-1.6586288]}},{"type":"Feature","properties":{"en":"Simpang Rantau Gedang","fr":"Simpang Rantau Gedang"},"geometry":{"type":"Point","coordinates":[102.8947452,-1.6432052]}},{"type":"Feature","properties":{"en":"Singkut","fr":"Singkut"},"geometry":{"type":"Point","coordinates":[102.7144828,-2.4915759]}},{"type":"Feature","properties":{"en":"Siulak","fr":"Siulak"},"geometry":{"type":"Point","coordinates":[101.349739903688,-1.96216715572712]}},{"type":"Feature","properties":{"en":"Soop","fr":"Soop"},"geometry":{"type":"Point","coordinates":[131.198603353822,-0.890622171805071]}},{"type":"Feature","properties":{"en":"Sorong Kepulauan","fr":""},"geometry":{"type":"Point","coordinates":[131.239966499905,-0.886531591172696]}},{"type":"Feature","properties":{"en":"Sridadi","fr":"Sridadi"},"geometry":{"type":"Point","coordinates":[103.2267835,-1.7282017]}},{"type":"Feature","properties":{"en":"Sumber Rejo","fr":""},"geometry":{"type":"Point","coordinates":[115.775731395608,-0.286674627768512]}},{"type":"Feature","properties":{"en":"Sungai Baung","fr":""},"geometry":{"type":"Point","coordinates":[103.2866185,-1.6496557]}},{"type":"Feature","properties":{"en":"Sungai Buluh","fr":""},"geometry":{"type":"Point","coordinates":[103.3190865,-1.7048145]}},{"type":"Feature","properties":{"en":"Sungai Penuh","fr":"Sungai Penuh"},"geometry":{"type":"Point","coordinates":[101.34111111111,-2.0780555555556]}},{"type":"Feature","properties":{"en":"Sungai Rumpun","fr":"Sungai Rumpun"},"geometry":{"type":"Point","coordinates":[101.3280949,-1.7657669]}},{"type":"Feature","properties":{"en":"Sungai Sampun","fr":"Sungai Sampun"},"geometry":{"type":"Point","coordinates":[101.316562,-1.7891101]}},{"type":"Feature","properties":{"en":"Supnin","fr":""},"geometry":{"type":"Point","coordinates":[130.741241194444,-0.0591563611111111]}},{"type":"Feature","properties":{"en":"Tabir Ulu","fr":"Tabir Ulu"},"geometry":{"type":"Point","coordinates":[102.1827838,-1.947689]}},{"type":"Feature","properties":{"en":"South Tabir","fr":"Tabir Selatan"},"geometry":{"type":"Point","coordinates":[102.422241,-1.9400856]}},{"type":"Feature","properties":{"en":"Tanah Kampung","fr":"Tanah Kampung"},"geometry":{"type":"Point","coordinates":[101.432482015993,-2.07653871073501]}},{"type":"Feature","properties":{"en":"Tebing Tinggi","fr":""},"geometry":{"type":"Point","coordinates":[102.8733118,-1.6584668]}},{"type":"Feature","properties":{"en":"Telaga Sari","fr":"Telaga Sari"},"geometry":{"type":"Point","coordinates":[116.82972222222,-1.2633333333333]}},{"type":"Feature","properties":{"en":"East Telukbetung","fr":"Teluk Betung Timur"},"geometry":{"type":"Point","coordinates":[105.245423050593,-5.46944093230992]}},{"type":"Feature","properties":{"en":"Telun Berasap","fr":"Telun Berasap"},"geometry":{"type":"Point","coordinates":[101.3452611,-1.6933178]}},{"type":"Feature","properties":{"en":"Tiplol Mayalibit","fr":""},"geometry":{"type":"Point","coordinates":[130.664832364261,-0.0782554561935006]}},{"type":"Feature","properties":{"en":"VII Koto Ilir","fr":"VII Koto Ilir"},"geometry":{"type":"Point","coordinates":[102.1320007,-1.1515476]}},{"type":"Feature","properties":{"en":"Waisai","fr":"Waisai"},"geometry":{"type":"Point","coordinates":[130.81666666667,-0.41666666666667]}},{"type":"Feature","properties":{"en":"Warwarbomi","fr":""},"geometry":{"type":"Point","coordinates":[131.174640194444,-0.102013694444444]}},{"type":"Feature","properties":{"en":"Way Halim","fr":"Way Halim"},"geometry":{"type":"Point","coordinates":[105.276523286629,-5.38779292888176]}},{"type":"Feature","properties":{"en":"Bedeng Delapan","fr":"Bedeng Delapan"},"geometry":{"type":"Point","coordinates":[101.2576056,-1.8264027]}},{"type":"Feature","properties":{"en":"Cermin Nan Gedang","fr":"Cermin Nan Gadang"},"geometry":{"type":"Point","coordinates":[102.6345016,-2.3767081]}},{"type":"Feature","properties":{"en":"Damai","fr":"Damai"},"geometry":{"type":"Point","coordinates":[116.86166666667,-1.2586111111111]}},{"type":"Feature","properties":{"en":"Gunung Sari Ulu","fr":"Gunungsari Ulu"},"geometry":{"type":"Point","coordinates":[116.846761874674,-1.25691005295748]}},{"type":"Feature","properties":{"en":"Klandasan Ulu","fr":"Klandasan Ulu"},"geometry":{"type":"Point","coordinates":[116.8297,-1.2759]}},{"type":"Feature","properties":{"en":"Koto Tengah","fr":"Koto Tengah"},"geometry":{"type":"Point","coordinates":[101.3132835,-1.7796218]}},{"type":"Feature","properties":{"en":"Pasar Muara Bungo","fr":"Muara Bungo"},"geometry":{"type":"Point","coordinates":[102.118311110958,-1.48134094517189]}},{"type":"Feature","properties":{"en":"Pesisir Bukit","fr":"Pesisir Bukit"},"geometry":{"type":"Point","coordinates":[101.388365229767,-2.05529472980446]}},{"type":"Feature","properties":{"en":"Sungai Asam","fr":""},"geometry":{"type":"Point","coordinates":[101.2774961,-1.8316665]}},{"type":"Feature","properties":{"en":"Sungai Dalam","fr":""},"geometry":{"type":"Point","coordinates":[101.3064264,-1.8277637]}},{"type":"Feature","properties":{"en":"Sungai Jambu","fr":""},"geometry":{"type":"Point","coordinates":[101.2716949,-1.7911286]}},{"type":"Feature","properties":{"en":"Sungai Tanduk","fr":"Sungai Tanduk"},"geometry":{"type":"Point","coordinates":[101.2960679,-1.7900064]}},{"type":"Feature","properties":{"en":"Tengah Ilir","fr":"Tengah Ilir"},"geometry":{"type":"Point","coordinates":[102.658782,-1.4679304]}},{"type":"Feature","properties":{"en":"Kumun Debai","fr":"Kumun Debai"},"geometry":{"type":"Point","coordinates":[101.414759660513,-2.10411009458266]}},{"type":"Feature","properties":{"en":"Sungai Ambawang","fr":"Sungai Ambawang"},"geometry":{"type":"Point","coordinates":[109.410355871012,-0.0389160422539379]}},{"type":"Feature","properties":{"en":"Air Mumu","fr":"Air Mumu"},"geometry":{"type":"Point","coordinates":[101.5995003,-2.2352466]}},{"type":"Feature","properties":{"en":"Air Panas","fr":"Air Panas Baru"},"geometry":{"type":"Point","coordinates":[101.3562966,-1.9865407]}},{"type":"Feature","properties":{"en":"Air Tenang","fr":"Air Tenang"},"geometry":{"type":"Point","coordinates":[101.3771696,-1.9961533]}},{"type":"Feature","properties":{"en":"Air Terjun","fr":""},"geometry":{"type":"Point","coordinates":[101.3288446,-1.9808734]}},{"type":"Feature","properties":{"en":"Ambai Atas","fr":"Ambai Atas"},"geometry":{"type":"Point","coordinates":[101.4845171,-2.0866915]}},{"type":"Feature","properties":{"en":"Ambai Bawah","fr":"Ambai Bawah"},"geometry":{"type":"Point","coordinates":[101.4853259,-2.0843615]}},{"type":"Feature","properties":{"en":"Simpang Aur Gading","fr":""},"geometry":{"type":"Point","coordinates":[103.0116827,-1.8648575]}},{"type":"Feature","properties":{"en":"Bajubang","fr":"Bajubang"},"geometry":{"type":"Point","coordinates":[103.3345597,-1.7786633]}},{"type":"Feature","properties":{"en":"Balai","fr":""},"geometry":{"type":"Point","coordinates":[101.3754776,-1.99142]}},{"type":"Feature","properties":{"en":"Batin","fr":""},"geometry":{"type":"Point","coordinates":[103.3596311,-1.7369462]}},{"type":"Feature","properties":{"en":"Batu Hampar","fr":""},"geometry":{"type":"Point","coordinates":[101.2595467,-1.8312614]}},{"type":"Feature","properties":{"en":"Belui","fr":"Belui"},"geometry":{"type":"Point","coordinates":[101.37521703031,-2.00330341351118]}},{"type":"Feature","properties":{"en":"Belui Tinggi","fr":"Belui Tinggi"},"geometry":{"type":"Point","coordinates":[101.361897,-2.0105811]}},{"type":"Feature","properties":{"en":"Benik","fr":"Benik"},"geometry":{"type":"Point","coordinates":[101.4954397,-2.1801117]}},{"type":"Feature","properties":{"en":"Betung Kuning","fr":"Betung Kuning"},"geometry":{"type":"Point","coordinates":[101.4699872,-2.0770291]}},{"type":"Feature","properties":{"en":"Bukit Kemuning","fr":""},"geometry":{"type":"Point","coordinates":[102.9485274,-1.6037055]}},{"type":"Feature","properties":{"en":"Bunga Tanjung","fr":""},"geometry":{"type":"Point","coordinates":[101.4499647,-2.1097582]}},{"type":"Feature","properties":{"en":"Cupak","fr":""},"geometry":{"type":"Point","coordinates":[101.4856058,-2.0941966]}},{"type":"Feature","properties":{"en":"Danau Embat","fr":""},"geometry":{"type":"Point","coordinates":[103.1529768,-1.6584574]}},{"type":"Feature","properties":{"en":"Danau Tinggi","fr":"Danau Tinggi"},"geometry":{"type":"Point","coordinates":[101.3423622,-1.8610901]}},{"type":"Feature","properties":{"en":"Pauh Tinggi","fr":"Pauh Tinggi"},"geometry":{"type":"Point","coordinates":[101.3757216,-1.7548202]}},{"type":"Feature","properties":{"en":"Lubuk Pauh","fr":""},"geometry":{"type":"Point","coordinates":[101.3455352,-1.7177735]}},{"type":"Feature","properties":{"en":"Sebukar","fr":"Sebukar"},"geometry":{"type":"Point","coordinates":[101.4576581,-2.0960171]}},{"type":"Feature","properties":{"en":"Baru Sungai Tutung","fr":"Desa Baru Sei Tutung"},"geometry":{"type":"Point","coordinates":[101.4193529,-2.0207022]}},{"type":"Feature","properties":{"en":"Dusun Baru","fr":""},"geometry":{"type":"Point","coordinates":[101.347590647784,-1.96370603641842]}},{"type":"Feature","properties":{"en":"Baru Kubang","fr":"Dusun Baru Kubang"},"geometry":{"type":"Point","coordinates":[101.398714705003,-2.02039177672291]}},{"type":"Feature","properties":{"en":"Dusun Baru Lempur","fr":"Dusun Baru Lempur"},"geometry":{"type":"Point","coordinates":[101.5328673,-2.2613592]}},{"type":"Feature","properties":{"en":"Dusun Baru Pulau Tengah","fr":"Dusun Baru Pulau Tengah"},"geometry":{"type":"Point","coordinates":[101.470122916585,-2.15525874320773]}},{"type":"Feature","properties":{"en":"Dusun Dalam","fr":""},"geometry":{"type":"Point","coordinates":[101.350788097368,-1.96858332152498]}},{"type":"Feature","properties":{"en":"Gunung Labu","fr":"Gunung Labu"},"geometry":{"type":"Point","coordinates":[101.2569282,-1.775527]}},{"type":"Feature","properties":{"en":"Hamparan Pugu","fr":"Hamparan Pugu"},"geometry":{"type":"Point","coordinates":[101.368611111111,-1.98555555555556]}},{"type":"Feature","properties":{"en":"Hiang Karya","fr":"Hiang Karya"},"geometry":{"type":"Point","coordinates":[101.4753738,-2.0761957]}},{"type":"Feature","properties":{"en":"Hiang Tinggi","fr":"Hiang Tinggi"},"geometry":{"type":"Point","coordinates":[101.4723122,-2.0754087]}},{"type":"Feature","properties":{"en":"Jujun","fr":"Jujun"},"geometry":{"type":"Point","coordinates":[101.437409758465,-2.28184015063595]}},{"type":"Feature","properties":{"en":"Kayu Aro Ambai","fr":"Kayuaro Ambai"},"geometry":{"type":"Point","coordinates":[101.4528689,-2.1141147]}},{"type":"Feature","properties":{"en":"Kebun Baru","fr":""},"geometry":{"type":"Point","coordinates":[101.2251226,-1.7758557]}},{"type":"Feature","properties":{"en":"Kecil","fr":"Kecil"},"geometry":{"type":"Point","coordinates":[101.372188,-1.9921582]}},{"type":"Feature","properties":{"en":"Keluru","fr":"Keluru"},"geometry":{"type":"Point","coordinates":[101.51824867387,-2.1731950632577]}},{"type":"Feature","properties":{"en":"Kemantan Agung","fr":"Kemantan Agung"},"geometry":{"type":"Point","coordinates":[101.412263022943,-1.98901772154165]}},{"type":"Feature","properties":{"en":"Kemantan Darat","fr":"Kemantan Darat"},"geometry":{"type":"Point","coordinates":[101.408295044417,-1.98041792586377]}},{"type":"Feature","properties":{"en":"Kemantan Hilir","fr":"Kemantan Hilir"},"geometry":{"type":"Point","coordinates":[101.459253,-2.0674344]}},{"type":"Feature","properties":{"en":"Kemantan Kebalai","fr":"Kemantan Kebalai"},"geometry":{"type":"Point","coordinates":[101.392234479564,-1.99688420784449]}},{"type":"Feature","properties":{"en":"Kemantan Tinggi","fr":"Kemantan Tinggi"},"geometry":{"type":"Point","coordinates":[101.409485585085,-1.98343395062893]}},{"type":"Feature","properties":{"en":"Kembang Seri","fr":""},"geometry":{"type":"Point","coordinates":[102.8328037,-1.6409013]}},{"type":"Feature","properties":{"en":"Koto Agung","fr":"Koto Agung"},"geometry":{"type":"Point","coordinates":[101.503931518235,-2.20014061486994]}},{"type":"Feature","properties":{"en":"Koto Aro","fr":"Koto Aro"},"geometry":{"type":"Point","coordinates":[101.3426358,-1.9639648]}},{"type":"Feature","properties":{"en":"Koto Baru Hiang","fr":"Koto Baru Hiang"},"geometry":{"type":"Point","coordinates":[101.4666782,-2.079224]}},{"type":"Feature","properties":{"en":"Koto Baru Semerap","fr":"Koto Baru Semerap"},"geometry":{"type":"Point","coordinates":[101.426432630766,-2.14353834589373]}},{"type":"Feature","properties":{"en":"Koto Cayo","fr":"Koto Cayo"},"geometry":{"type":"Point","coordinates":[101.3745692,-1.9903954]}},{"type":"Feature","properties":{"en":"Koto di Air","fr":"Koto Diair"},"geometry":{"type":"Point","coordinates":[101.376203,-1.9926408]}},{"type":"Feature","properties":{"en":"Koto Dian Pulau Tengah","fr":"Koto Dian (Keliling Danau)"},"geometry":{"type":"Point","coordinates":[101.480183918653,-2.17351728218012]}},{"type":"Feature","properties":{"en":"Koto Dua Baru","fr":"Koto Dua Baru"},"geometry":{"type":"Point","coordinates":[101.373611111111,-1.98777777777778]}},{"type":"Feature","properties":{"en":"Koto Dua Lama","fr":"Koto Dua Lama"},"geometry":{"type":"Point","coordinates":[101.3773718,-1.9890804]}},{"type":"Feature","properties":{"en":"Koto Iman","fr":"Koto Iman"},"geometry":{"type":"Point","coordinates":[101.4690436,-2.1050913]}},{"type":"Feature","properties":{"en":"Koto Kapeh","fr":"Koto Kapeh"},"geometry":{"type":"Point","coordinates":[101.3354362,-1.9508059]}},{"type":"Feature","properties":{"en":"Koto Lanang","fr":"Koto Lanang"},"geometry":{"type":"Point","coordinates":[101.410169668595,-2.02804970597706]}},{"type":"Feature","properties":{"en":"Koto Lebuh Tinggi","fr":"Koto Lebuh Tinggi"},"geometry":{"type":"Point","coordinates":[101.3256409,-1.9342006]}},{"type":"Feature","properties":{"en":"Koto Majidin Hilir","fr":"Koto Majidin Hilir"},"geometry":{"type":"Point","coordinates":[101.3846466,-2.0074667]}},{"type":"Feature","properties":{"en":"Koto Majidin Mudik","fr":"Koto Majidin Mudik"},"geometry":{"type":"Point","coordinates":[101.3811992,-2.0043247]}},{"type":"Feature","properties":{"en":"Koto Mebai","fr":"Koto Mebai"},"geometry":{"type":"Point","coordinates":[101.3518656,-1.9778874]}},{"type":"Feature","properties":{"en":"Koto Panjang","fr":"Koto Panjang"},"geometry":{"type":"Point","coordinates":[101.391557784616,-2.02229654520577]}},{"type":"Feature","properties":{"en":"Koto Patah","fr":"Koto Patah"},"geometry":{"type":"Point","coordinates":[101.4446021,-2.1514292]}},{"type":"Feature","properties":{"en":"Koto Payang","fr":"Koto Payang"},"geometry":{"type":"Point","coordinates":[101.3867889,-2.0206105]}},{"type":"Feature","properties":{"en":"Koto Periang","fr":"Koto Periang"},"geometry":{"type":"Point","coordinates":[101.2950877,-1.78739]}},{"type":"Feature","properties":{"en":"Koto Petai","fr":"Koto Petai"},"geometry":{"type":"Point","coordinates":[101.4780843,-2.1229653]}},{"type":"Feature","properties":{"en":"Koto Rendah","fr":"Koto Rendah"},"geometry":{"type":"Point","coordinates":[101.3425095,-1.9591204]}},{"type":"Feature","properties":{"en":"Koto Tengah","fr":"Koto Tengah (Siulak)"},"geometry":{"type":"Point","coordinates":[101.343197945904,-1.96769558793773]}},{"type":"Feature","properties":{"en":"Koto Tuo","fr":""},"geometry":{"type":"Point","coordinates":[101.3853566,-2.0191037]}},{"type":"Feature","properties":{"en":"Kubang Gedang","fr":"Kubang Gedang"},"geometry":{"type":"Point","coordinates":[101.395385244545,-2.01819612231729]}},{"type":"Feature","properties":{"en":"Ladeh","fr":"Ladeh"},"geometry":{"type":"Point","coordinates":[101.4009756,-2.0242203]}},{"type":"Feature","properties":{"en":"Lempur Danau","fr":"Lempur Danau"},"geometry":{"type":"Point","coordinates":[101.4489936,-2.1594623]}},{"type":"Feature","properties":{"en":"Lempur Mudik","fr":"Lempur Mudik"},"geometry":{"type":"Point","coordinates":[101.5360949,-2.256567]}},{"type":"Feature","properties":{"en":"Lolo Gedang","fr":"Lolo Gedang"},"geometry":{"type":"Point","coordinates":[101.536757930359,-2.20109047017083]}},{"type":"Feature","properties":{"en":"Lolo Hilir","fr":"Lolo Hilir"},"geometry":{"type":"Point","coordinates":[101.551895499017,-2.23164772386157]}},{"type":"Feature","properties":{"en":"Malapari","fr":""},"geometry":{"type":"Point","coordinates":[103.1840988,-1.6934562]}},{"type":"Feature","properties":{"en":"Muak","fr":"Muak"},"geometry":{"type":"Point","coordinates":[101.554615287942,-2.17559438515551]}},{"type":"Feature","properties":{"en":"Mukai Hilir","fr":"Mukai Hilir"},"geometry":{"type":"Point","coordinates":[101.3592905,-1.9677776]}},{"type":"Feature","properties":{"en":"Mukai Tengah","fr":"Mukai Tengah"},"geometry":{"type":"Point","coordinates":[101.3565761,-1.9681629]}},{"type":"Feature","properties":{"en":"Mukai Tinggi","fr":"Mukai Tinggi"},"geometry":{"type":"Point","coordinates":[101.352633241505,-1.94908352550302]}},{"type":"Feature","properties":{"en":"Napal Sisik","fr":""},"geometry":{"type":"Point","coordinates":[103.2171519,-1.6879311]}},{"type":"Feature","properties":{"en":"Paku Aji","fr":""},"geometry":{"type":"Point","coordinates":[103.009516,-1.8503119]}},{"type":"Feature","properties":{"en":"Pancuran Tiga","fr":"Pancuran Tiga"},"geometry":{"type":"Point","coordinates":[101.4268007,-2.107304]}},{"type":"Feature","properties":{"en":"Pasar Kerman","fr":"Pasar Kerman"},"geometry":{"type":"Point","coordinates":[101.531924784359,-2.22261791421791]}},{"type":"Feature","properties":{"en":"Pasar Muara Tembesi","fr":"Pasar Muara Tembesi"},"geometry":{"type":"Point","coordinates":[103.1061184,-1.7028022]}},{"type":"Feature","properties":{"en":"Pasar Semurup","fr":"Pasar Semurup"},"geometry":{"type":"Point","coordinates":[101.3754016,-1.9966836]}},{"type":"Feature","properties":{"en":"Pasar Siulak Gedang","fr":"Pasar Siulak Gedang"},"geometry":{"type":"Point","coordinates":[101.354768850483,-1.96780683021504]}},{"type":"Feature","properties":{"en":"Pasar Terusan","fr":""},"geometry":{"type":"Point","coordinates":[103.14881533967,-1.68909438612624]}},{"type":"Feature","properties":{"en":"Pasir Jaya","fr":""},"geometry":{"type":"Point","coordinates":[101.457246185691,-1.87666545684773]}},{"type":"Feature","properties":{"en":"Pelayangan","fr":""},"geometry":{"type":"Point","coordinates":[103.2172092,-1.7018364]}},{"type":"Feature","properties":{"en":"Pemecutan Kelod","fr":"Pemecutan Klod"},"geometry":{"type":"Point","coordinates":[115.19166666667,-8.6852777777778]}},{"type":"Feature","properties":{"en":"Pemogan","fr":"Pemogan"},"geometry":{"type":"Point","coordinates":[115.19611111111,-8.7136111111111]}},{"type":"Feature","properties":{"en":"Pendung Hilir","fr":"Pendung Hilir"},"geometry":{"type":"Point","coordinates":[101.3852085,-1.9840936]}},{"type":"Feature","properties":{"en":"Pendung Mudik","fr":"Pendung Mudik"},"geometry":{"type":"Point","coordinates":[101.3812593,-1.9812465]}},{"type":"Feature","properties":{"en":"Pendung Tengah","fr":"Pendung Tengah"},"geometry":{"type":"Point","coordinates":[101.4581141,-2.0774966]}},{"type":"Feature","properties":{"en":"Pengasi Lama","fr":"Pengasi Lama"},"geometry":{"type":"Point","coordinates":[101.549338512719,-2.13143692776879]}},{"type":"Feature","properties":{"en":"Perikan Tengah","fr":"Perikan Tengah"},"geometry":{"type":"Point","coordinates":[101.5720619,-2.2516009]}},{"type":"Feature","properties":{"en":"Pondok","fr":""},"geometry":{"type":"Point","coordinates":[101.570773524579,-2.1898571645437]}},{"type":"Feature","properties":{"en":"Pondok Beringin","fr":"Pondok Beringin"},"geometry":{"type":"Point","coordinates":[101.4495859,-2.1041758]}},{"type":"Feature","properties":{"en":"Pondok Siguang","fr":"Pondok Siguang"},"geometry":{"type":"Point","coordinates":[101.449764064422,-2.12519204526121]}},{"type":"Feature","properties":{"en":"Pondok Sungaiabu","fr":"Pondok Sungai Abu"},"geometry":{"type":"Point","coordinates":[101.44674,-2.0463805]}},{"type":"Feature","properties":{"en":"Pulau Pandan","fr":"Pulau Pandan"},"geometry":{"type":"Point","coordinates":[101.524602233308,-2.1359343347837]}},{"type":"Feature","properties":{"en":"Pulau Sangkar","fr":"Pulau Sangkar"},"geometry":{"type":"Point","coordinates":[101.5925328,-2.1669545]}},{"type":"Feature","properties":{"en":"Punai Merindu","fr":"Punai Merindu"},"geometry":{"type":"Point","coordinates":[101.4313464,-2.110419]}},{"type":"Feature","properties":{"en":"Pungut Hilir","fr":"Pungut Hilir"},"geometry":{"type":"Point","coordinates":[101.4667002,-2.0312427]}},{"type":"Feature","properties":{"en":"Pungut Mudik","fr":"Pungut Mudik"},"geometry":{"type":"Point","coordinates":[101.4499053,-1.9866149]}},{"type":"Feature","properties":{"en":"Pungut Tengah","fr":"Pungut Tengah"},"geometry":{"type":"Point","coordinates":[101.4628715,-1.9981555]}},{"type":"Feature","properties":{"en":"Rantau Kapas Mudo","fr":""},"geometry":{"type":"Point","coordinates":[103.0994368,-1.6864904]}},{"type":"Feature","properties":{"en":"Renah Kayu Embun","fr":"Renah Kayu Embun"},"geometry":{"type":"Point","coordinates":[101.325162490177,-2.17159611624136]}},{"type":"Feature","properties":{"en":"Rantau Kapas Tuo","fr":""},"geometry":{"type":"Point","coordinates":[103.1091893,-1.6747313]}},{"type":"Feature","properties":{"en":"Sekungkung","fr":"Sekungkung"},"geometry":{"type":"Point","coordinates":[101.3762911,-2.0183032]}},{"type":"Feature","properties":{"en":"Seleman","fr":"Seleman"},"geometry":{"type":"Point","coordinates":[101.4970172,-2.1073108]}},{"type":"Feature","properties":{"en":"Semerah","fr":"Semerah"},"geometry":{"type":"Point","coordinates":[101.4506225,-2.1021159]}},{"type":"Feature","properties":{"en":"Semerap","fr":"Semerap"},"geometry":{"type":"Point","coordinates":[101.4424773,-2.1440979]}},{"type":"Feature","properties":{"en":"Semumu","fr":"Semumu"},"geometry":{"type":"Point","coordinates":[101.34430827229,-2.0247082916712]}},{"type":"Feature","properties":{"en":"Senimpik","fr":"Senimpik"},"geometry":{"type":"Point","coordinates":[101.3559603,-1.9663049]}},{"type":"Feature","properties":{"en":"Simpang Belui","fr":"Simpang Belui"},"geometry":{"type":"Point","coordinates":[101.3770875,-2.0070348]}},{"type":"Feature","properties":{"en":"Simpang Empat","fr":""},"geometry":{"type":"Point","coordinates":[101.4869858,-2.1078308]}},{"type":"Feature","properties":{"en":"Siulak Deras Mudik","fr":"Siulak Deras Mudik"},"geometry":{"type":"Point","coordinates":[101.3001557,-1.8964924]}},{"type":"Feature","properties":{"en":"Siulak Gedang","fr":"Siulak Gedang"},"geometry":{"type":"Point","coordinates":[101.354489,-1.9693139]}},{"type":"Feature","properties":{"en":"Siulak Kecil Mudik","fr":"Siulak Kecil Mudik"},"geometry":{"type":"Point","coordinates":[101.3437451,-1.9755624]}},{"type":"Feature","properties":{"en":"Siulak Panjang","fr":"Siulak Panjang"},"geometry":{"type":"Point","coordinates":[101.349157596958,-1.96560096791646]}},{"type":"Feature","properties":{"en":"Siulak Tenang","fr":"Siulak Tenang"},"geometry":{"type":"Point","coordinates":[101.2957371,-1.9074758]}},{"type":"Feature","properties":{"en":"Suko Pangkat","fr":"Suko Pangkat"},"geometry":{"type":"Point","coordinates":[101.2366307,-1.9139164]}},{"type":"Feature","properties":{"en":"Sungai Batu Gantih","fr":"Sungai Batu Gantih"},"geometry":{"type":"Point","coordinates":[101.269328,-1.907673]}},{"type":"Feature","properties":{"en":"Sungai Bendung Air","fr":"Sungai Bendung Air"},"geometry":{"type":"Point","coordinates":[101.3176892,-1.7747071]}},{"type":"Feature","properties":{"en":"Sungai Betung Hilir","fr":"Sungai Betung Hilir"},"geometry":{"type":"Point","coordinates":[101.2087141,-1.8843867]}},{"type":"Feature","properties":{"en":"Sungai Betung Mudik","fr":"Sungai Betung Mudik"},"geometry":{"type":"Point","coordinates":[101.2134509,-1.8666419]}},{"type":"Feature","properties":{"en":"Sungai Deras","fr":""},"geometry":{"type":"Point","coordinates":[101.4396217,-2.0296855]}},{"type":"Feature","properties":{"en":"Sungai Gelampeh","fr":"Sungai Gelampeh"},"geometry":{"type":"Point","coordinates":[101.272501,-1.9428987]}},{"type":"Feature","properties":{"en":"Sungai Hangat","fr":"Sungai Hangat"},"geometry":{"type":"Point","coordinates":[101.5698549,-2.2359594]}},{"type":"Feature","properties":{"en":"Sungai Lebuh","fr":"Sungai Lebuh"},"geometry":{"type":"Point","coordinates":[101.3297121,-1.9401667]}},{"type":"Feature","properties":{"en":"Sungai Medang","fr":"Sungai Medang"},"geometry":{"type":"Point","coordinates":[101.433038493936,-1.99841112123678]}},{"type":"Feature","properties":{"en":"Sungai Pegeh","fr":"Sungai Pegeh"},"geometry":{"type":"Point","coordinates":[101.3340779,-1.946468]}},{"type":"Feature","properties":{"en":"Sungai Puar","fr":"Sungai Puar"},"geometry":{"type":"Point","coordinates":[102.9295993,-1.6725596]}},{"type":"Feature","properties":{"en":"Sungai Renah","fr":"Sungai Renah"},"geometry":{"type":"Point","coordinates":[101.2348023,-1.8364526]}},{"type":"Feature","properties":{"en":"Sungai Tutung","fr":"Sungai Tutung"},"geometry":{"type":"Point","coordinates":[101.438640579568,-2.00559027522684]}},{"type":"Feature","properties":{"en":"Talang Kemuning","fr":"Talang Kemuning"},"geometry":{"type":"Point","coordinates":[101.511894563008,-2.21989327916199]}},{"type":"Feature","properties":{"en":"Tanjung Batu","fr":""},"geometry":{"type":"Point","coordinates":[101.5309181,-2.1651038]}},{"type":"Feature","properties":{"en":"Tanjung Genting","fr":""},"geometry":{"type":"Point","coordinates":[101.2641205,-1.9328891]}},{"type":"Feature","properties":{"en":"Tanjung Mudo","fr":"Tanjung Mudo"},"geometry":{"type":"Point","coordinates":[101.4531447,-2.0778303]}},{"type":"Feature","properties":{"en":"Tanjung Pauh Hilir","fr":"Tanjung Pauh Hilir"},"geometry":{"type":"Point","coordinates":[101.4325316,-2.1189954]}},{"type":"Feature","properties":{"en":"Tanjung Pauh Mudik","fr":"Tanjung Pauh Mudik"},"geometry":{"type":"Point","coordinates":[101.4283738,-2.1087833]}},{"type":"Feature","properties":{"en":"Tanjung Syam","fr":"Tanjung Syam"},"geometry":{"type":"Point","coordinates":[101.450399433798,-2.29300944719177]}},{"type":"Feature","properties":{"en":"Tanjung Tanah","fr":"Tanjung Tanah"},"geometry":{"type":"Point","coordinates":[101.4861913,-2.1096847]}},{"type":"Feature","properties":{"en":"Tebat Ijuk","fr":"Tebat Ijuk"},"geometry":{"type":"Point","coordinates":[101.388520637497,-2.01165140820304]}},{"type":"Feature","properties":{"en":"Tebing Tinggi","fr":"Tebing Tinggi (Danau Kerinci)"},"geometry":{"type":"Point","coordinates":[101.4996976,-2.0956199]}},{"type":"Feature","properties":{"en":"Telago","fr":"Telago"},"geometry":{"type":"Point","coordinates":[101.4850698,-2.179628]}},{"type":"Feature","properties":{"en":"Terentang Baru","fr":""},"geometry":{"type":"Point","coordinates":[103.0846309,-1.9423822]}},{"type":"Feature","properties":{"en":"Terusan","fr":""},"geometry":{"type":"Point","coordinates":[103.164809443029,-1.62459824785045]}},{"type":"Feature","properties":{"en":"Ujung Pasir","fr":""},"geometry":{"type":"Point","coordinates":[101.4640881,-2.122555]}},{"type":"Feature","properties":{"en":"Kuta","fr":"Kuta"},"geometry":{"type":"Point","coordinates":[115.167,-8.73333]}},{"type":"Feature","properties":{"en":"Penukal Abab Lematang Ilir","fr":"Penukal Abab Lematang Ilir"},"geometry":{"type":"Point","coordinates":[104.08722,-3.21342]}},{"type":"Feature","properties":{"en":"East Kolaka","fr":"Kolaka Timur"},"geometry":{"type":"Point","coordinates":[121.86172,-4.01807]}},{"type":"Feature","properties":{"en":"Koto Baru","fr":""},"geometry":{"type":"Point","coordinates":[101.394110524487,-2.03243403490922]}},{"type":"Feature","properties":{"en":"Pondok Tinggi","fr":""},"geometry":{"type":"Point","coordinates":[101.397698037061,-2.07228705679539]}},{"type":"Feature","properties":{"en":"Pegunungan Arfak","fr":"Pegunungan Arfak"},"geometry":{"type":"Point","coordinates":[133.89587,-0.93523]}},{"type":"Feature","properties":{"en":"Air Hangat","fr":"Air Hangat"},"geometry":{"type":"Point","coordinates":[101.415200438353,-1.99667103814998]}},{"type":"Feature","properties":{"en":"Bukit Kerman","fr":""},"geometry":{"type":"Point","coordinates":[101.573266716478,-2.1854852618238]}},{"type":"Feature","properties":{"en":"West Kayu Aro","fr":""},"geometry":{"type":"Point","coordinates":[101.241148157573,-1.79903853334645]}},{"type":"Feature","properties":{"en":"Air Panas Sungaiabu","fr":"Air Panas Sungaiabu"},"geometry":{"type":"Point","coordinates":[101.4445648,-2.0410994]}},{"type":"Feature","properties":{"en":"Angkasa Pura","fr":"Angkasa Pura"},"geometry":{"type":"Point","coordinates":[101.4663934,-2.0819784]}},{"type":"Feature","properties":{"en":"North Batanta","fr":""},"geometry":{"type":"Point","coordinates":[130.679985629759,-0.805588500707342]}},{"type":"Feature","properties":{"en":"Baru Semerah","fr":"Baru Semerah"},"geometry":{"type":"Point","coordinates":[101.4532726,-2.1024523]}},{"type":"Feature","properties":{"en":"Baru Sungai Abu","fr":"Baru Sungaiabu"},"geometry":{"type":"Point","coordinates":[101.4450965,-2.0446452]}},{"type":"Feature","properties":{"en":"Baru Air Hangat","fr":"Baru Air Hangat"},"geometry":{"type":"Point","coordinates":[101.416706032942,-2.00183835378935]}},{"type":"Feature","properties":{"en":"Baru Sungai Deras","fr":"Baru Sungaideras"},"geometry":{"type":"Point","coordinates":[101.435227068816,-2.0288203742328]}},{"type":"Feature","properties":{"en":"Baru Sungai Medang","fr":"Baru Sungaimedang"},"geometry":{"type":"Point","coordinates":[101.406398369132,-2.01340944028871]}},{"type":"Feature","properties":{"en":"East Bendung Air","fr":"Bendung Air Timur"},"geometry":{"type":"Point","coordinates":[101.3197786,-1.7727905]}},{"type":"Feature","properties":{"en":"Bintang Marak","fr":"Bintang Marak"},"geometry":{"type":"Point","coordinates":[101.467624889293,-2.31992840449998]}},{"type":"Feature","properties":{"en":"Tarutung","fr":"Tarutung"},"geometry":{"type":"Point","coordinates":[101.5719245,-2.1327955]}},{"type":"Feature","properties":{"en":"North Musi Rawas","fr":"Musi Rawas Utara"},"geometry":{"type":"Point","coordinates":[102.9014652,-2.7351502]}},{"type":"Feature","properties":{"en":"West Air Hangat","fr":""},"geometry":{"type":"Point","coordinates":[101.3509392,-1.992567]}},{"type":"Feature","properties":{"en":"Damai Baru","fr":"Damai Baru"},"geometry":{"type":"Point","coordinates":[116.867368291648,-1.25762007679974]}},{"type":"Feature","properties":{"en":"Ensatu","fr":"Ensatu"},"geometry":{"type":"Point","coordinates":[101.2388273,-1.7761307]}},{"type":"Feature","properties":{"en":"Hiang Lestari","fr":"Hiang Lestari"},"geometry":{"type":"Point","coordinates":[101.4706203,-2.0808623]}},{"type":"Feature","properties":{"en":"Hiang Sakti","fr":"Hiang Sakti"},"geometry":{"type":"Point","coordinates":[101.4732173,-2.0778406]}},{"type":"Feature","properties":{"en":"Kendari","fr":""},"geometry":{"type":"Point","coordinates":[122.5,-3.9833333333333]}},{"type":"Feature","properties":{"en":"Karang Pandan","fr":"Karang Pandan"},"geometry":{"type":"Point","coordinates":[101.538587547891,-2.1487146293762]}},{"type":"Feature","properties":{"en":"Kemantan Mudik","fr":"Kemantan Mudik"},"geometry":{"type":"Point","coordinates":[101.400659031898,-1.9779295387236]}},{"type":"Feature","properties":{"en":"Kemantan Raya","fr":"Kemantan Raya"},"geometry":{"type":"Point","coordinates":[101.389629614368,-1.99863145562679]}},{"type":"Feature","properties":{"en":"Waisai","fr":"Les Liens du cœur"},"geometry":{"type":"Point","coordinates":[130.817779227581,-0.389063246978465]}},{"type":"Feature","properties":{"en":"Koto Sekilan Ambai","fr":"Koto Sekilan Ambai"},"geometry":{"type":"Point","coordinates":[101.4837793,-2.0860067]}},{"type":"Feature","properties":{"en":"Labuhan Ratu","fr":""},"geometry":{"type":"Point","coordinates":[105.254010361906,-5.35987334266722]}},{"type":"Feature","properties":{"en":"Mekar Jaya","fr":"Mekar Jaya"},"geometry":{"type":"Point","coordinates":[101.2814519,-1.7794671]}},{"type":"Feature","properties":{"en":"Mekar Sari","fr":"Mekar Sari"},"geometry":{"type":"Point","coordinates":[101.2938078,-1.7957007]}},{"type":"Feature","properties":{"en":"Muara Semerah Mudik","fr":"Muara Semerah Mudik"},"geometry":{"type":"Point","coordinates":[101.3748299,-1.9929137]}},{"type":"Feature","properties":{"en":"Pasar Minggu","fr":"Pasar Minggu"},"geometry":{"type":"Point","coordinates":[101.2602821,-1.8345471]}},{"type":"Feature","properties":{"en":"Pasar Sungai Tanduk","fr":"Pasar Sungai Tanduk"},"geometry":{"type":"Point","coordinates":[101.296901686159,-1.79548568536461]}},{"type":"Feature","properties":{"en":"Penawar Tinggi","fr":"Penawar Tinggi"},"geometry":{"type":"Point","coordinates":[101.4632307,-2.0734032]}},{"type":"Feature","properties":{"en":"Pengasi Baru","fr":"Pengasi Baru"},"geometry":{"type":"Point","coordinates":[101.567041046078,-2.11408966092558]}},{"type":"Feature","properties":{"en":"Renah Kasah","fr":"Renah Kasah"},"geometry":{"type":"Point","coordinates":[101.3620719,-1.8094549]}},{"type":"Feature","properties":{"en":"Sangir Tengah","fr":"Sangir Tengah"},"geometry":{"type":"Point","coordinates":[101.3051514,-1.7768767]}},{"type":"Feature","properties":{"en":"Sawahan Koto Majidin","fr":""},"geometry":{"type":"Point","coordinates":[101.3835398,-2.0046729]}},{"type":"Feature","properties":{"en":"Simpang Empat Sungai Tutung","fr":"Simpang Empat Sungai Tutung"},"geometry":{"type":"Point","coordinates":[101.415634061078,-2.01989633995097]}},{"type":"Feature","properties":{"en":"Siulak Mukai","fr":""},"geometry":{"type":"Point","coordinates":[101.361240409017,-1.95278769012298]}},{"type":"Feature","properties":{"en":"Taman Jernih Sungai Tutung","fr":"Taman Jernih Sungaitutung"},"geometry":{"type":"Point","coordinates":[101.437434430145,-2.0210923595754]}},{"type":"Feature","properties":{"en":"Tanjung Bungo","fr":"Tanjungbungo"},"geometry":{"type":"Point","coordinates":[101.2992857,-1.7674258]}},{"type":"Feature","properties":{"en":"Tebing Tinggi","fr":""},"geometry":{"type":"Point","coordinates":[103.3362995,-1.6352908]}},{"type":"Feature","properties":{"en":"Central Buton","fr":"Buton central"},"geometry":{"type":"Point","coordinates":[122.33333,-5.31667]}},{"type":"Feature","properties":{"en":"Agung Koto Iman","fr":"Agung Koto Iman"},"geometry":{"type":"Point","coordinates":[101.4662215,-2.102592]}},{"type":"Feature","properties":{"en":"Air Bersih","fr":"Air Bersih"},"geometry":{"type":"Point","coordinates":[101.3532637,-1.9834812]}},{"type":"Feature","properties":{"en":"Air Betung","fr":"Air Betung"},"geometry":{"type":"Point","coordinates":[101.2087445,-1.8824878]}},{"type":"Feature","properties":{"en":"Baru Sungai Betung Mudik","fr":"Baru Sungai Betung Mudik"},"geometry":{"type":"Point","coordinates":[101.215437,-1.863344]}},{"type":"Feature","properties":{"en":"Baru","fr":"Baru"},"geometry":{"type":"Point","coordinates":[101.3516113,-1.9829998]}},{"type":"Feature","properties":{"en":"South Buton","fr":"Buton Selatan"},"geometry":{"type":"Point","coordinates":[122.7,-5.56667]}},{"type":"Feature","properties":{"en":"Dusun Baru Tanjung Tanah","fr":"Dusun Baru Tanjung Tanah"},"geometry":{"type":"Point","coordinates":[101.485207,-2.1074846]}},{"type":"Feature","properties":{"en":"Kayu Aho Mangkak Koto Lanang","fr":"Kayu Aho Mangkak Koto Lanang"},"geometry":{"type":"Point","coordinates":[101.406915331828,-2.02471455825683]}},{"type":"Feature","properties":{"en":"Kebun Lima","fr":"Kebun Lima"},"geometry":{"type":"Point","coordinates":[101.5848125,-2.2290393]}},{"type":"Feature","properties":{"en":"Koto Majidin Di Air","fr":"Koto Majidin Di Air"},"geometry":{"type":"Point","coordinates":[101.3819194,-2.0062209]}},{"type":"Feature","properties":{"en":"Koto Simpai Kubang","fr":"Koto Simpai Kubang"},"geometry":{"type":"Point","coordinates":[101.388719956177,-2.02379185233178]}},{"type":"Feature","properties":{"en":"Koto Tuo Ujung Pasir","fr":"Koto Tuo Ujung Pasir"},"geometry":{"type":"Point","coordinates":[101.4614195,-2.120789]}},{"type":"Feature","properties":{"en":"Kubang Agung","fr":"Kubang Agung"},"geometry":{"type":"Point","coordinates":[101.39568424943,-2.02630777217401]}},{"type":"Feature","properties":{"en":"Lubuk Tabun","fr":"Lubuk Tabun"},"geometry":{"type":"Point","coordinates":[101.4440731,-1.858318]}},{"type":"Feature","properties":{"en":"Manjunto Lempur","fr":"Manjunto Lempur"},"geometry":{"type":"Point","coordinates":[101.5359804,-2.2611369]}},{"type":"Feature","properties":{"en":"Muaro Lulo","fr":"Muaro Lulo"},"geometry":{"type":"Point","coordinates":[101.55534845634,-2.21441255335508]}},{"type":"Feature","properties":{"en":"Mukai Seberang","fr":"Mukai Seberang"},"geometry":{"type":"Point","coordinates":[101.3589062,-1.9700846]}},{"type":"Feature","properties":{"en":"West Muna","fr":"Muna Barat"},"geometry":{"type":"Point","coordinates":[122.48333,-4.83333]}},{"type":"Feature","properties":{"en":"Pasar Sore Seleman","fr":"Pasar Sore Seleman"},"geometry":{"type":"Point","coordinates":[101.496019,-2.1079945]}},{"type":"Feature","properties":{"en":"Pelompek Pasar Baru","fr":"Pelompek Pasar Baru"},"geometry":{"type":"Point","coordinates":[101.3452892,-1.7157328]}},{"type":"Feature","properties":{"en":"Pendung Tengah","fr":"Pendung Tengah"},"geometry":{"type":"Point","coordinates":[101.38219,-1.9827004]}},{"type":"Feature","properties":{"en":"Sawahan Jaya","fr":"Sawahan Jaya"},"geometry":{"type":"Point","coordinates":[101.3770968,-2.0006416]}},{"type":"Feature","properties":{"en":"Sungai Batu Gantih Hilir","fr":"Sungai Batu Gantih Hilir"},"geometry":{"type":"Point","coordinates":[101.2743188,-1.9082762]}},{"type":"Feature","properties":{"en":"Sungai Jernih","fr":"Sungaijernih"},"geometry":{"type":"Point","coordinates":[101.3609074,-1.7189333]}},{"type":"Feature","properties":{"en":"Talang Tinggi","fr":"Talang Tinggi"},"geometry":{"type":"Point","coordinates":[101.3508778,-1.9458046]}},{"type":"Feature","properties":{"en":"Tambak Tinggi","fr":"Tambak Tinggi"},"geometry":{"type":"Point","coordinates":[101.3731756,-2.0169948]}},{"type":"Feature","properties":{"en":"Tanjung Genting Mudik","fr":"Tanjunggenting Mudik"},"geometry":{"type":"Point","coordinates":[101.2653865,-1.9344077]}},{"type":"Feature","properties":{"en":"Tanjung Harapan","fr":"Tanjung Harapan"},"geometry":{"type":"Point","coordinates":[101.4853747,-2.0932893]}},{"type":"Feature","properties":{"en":"Tebat Ijuk Dili","fr":"Tebat Ijuk Dili"},"geometry":{"type":"Point","coordinates":[101.3828655,-2.0154317]}},{"type":"Feature","properties":{"en":"Ujung Ladang","fr":"Ujung Ladang"},"geometry":{"type":"Point","coordinates":[101.275927,-1.861243]}},{"type":"Feature","properties":{"en":"Pahlawan Belui","fr":"Pahlawan Belui"},"geometry":{"type":"Point","coordinates":[101.382008083199,-2.01042638844381]}},{"type":"Feature","properties":{"en":"Koto Lua","fr":"Koto Lua"},"geometry":{"type":"Point","coordinates":[101.3601812,-1.9691769]}},{"type":"Feature","properties":{"en":"Tanjung","fr":"Tanjung"},"geometry":{"type":"Point","coordinates":[101.41966,-2.0588367]}},{"type":"Feature","properties":{"en":"Koto Tuo Pulau Tengah","fr":"Koto Tuo Pulau Tengah"},"geometry":{"type":"Point","coordinates":[101.4659688,-2.1694481]}},{"type":"Feature","properties":{"en":"Bansir Laut","fr":"Bansir Laut"},"geometry":{"type":"Point","coordinates":[109.347955285958,-0.0503343214189421]}},{"type":"Feature","properties":{"en":"Bansir Darat","fr":"Bansir Darat"},"geometry":{"type":"Point","coordinates":[109.336964824476,-0.0632452406073036]}},{"type":"Feature","properties":{"en":"Bangkabelitung Laut","fr":"Bangka Belitung Laut"},"geometry":{"type":"Point","coordinates":[109.359214408831,-0.0535212369434345]}},{"type":"Feature","properties":{"en":"Bangkabelitung Darat","fr":"Bangka Belitung Darat"},"geometry":{"type":"Point","coordinates":[109.349774166069,-0.0800693934274743]}},{"type":"Feature","properties":{"en":"Parittokaya","fr":"Parittokaya"},"geometry":{"type":"Point","coordinates":[109.336926652925,-0.0492194107749082]}},{"type":"Feature","properties":{"en":"Beni Abbes Province","fr":"Béni Abbès"},"geometry":{"type":"Point","coordinates":[-2.75,29.5]}},{"type":"Feature","properties":{"en":"Timimoun Province","fr":"Timimoun"},"geometry":{"type":"Point","coordinates":[1.0,30.0]}},{"type":"Feature","properties":{"en":"Tanjung Putra","fr":""},"geometry":{"type":"Point","coordinates":[102.9322199,-1.6433316]}},{"type":"Feature","properties":{"en":"Sengkati Mudo","fr":""},"geometry":{"type":"Point","coordinates":[102.9581407,-1.652918]}},{"type":"Feature","properties":{"en":"Suka Ramai","fr":""},"geometry":{"type":"Point","coordinates":[103.117572292246,-1.71480992145888]}},{"type":"Feature","properties":{"en":"Pematang Lima Suku","fr":""},"geometry":{"type":"Point","coordinates":[103.1091307,-1.696851]}},{"type":"Feature","properties":{"en":"Kampung Pulau","fr":""},"geometry":{"type":"Point","coordinates":[103.3195639,-1.6545802]}},{"type":"Feature","properties":{"en":"Rawa Mekar","fr":""},"geometry":{"type":"Point","coordinates":[102.8436913,-1.6921195]}},{"type":"Feature","properties":{"en":"Mekar Sari","fr":""},"geometry":{"type":"Point","coordinates":[102.8603998,-1.6723213]}},{"type":"Feature","properties":{"en":"Kembang Seri Baru","fr":""},"geometry":{"type":"Point","coordinates":[102.8300675,-1.6371753]}},{"type":"Feature","properties":{"en":"Mekar Sari Nes","fr":""},"geometry":{"type":"Point","coordinates":[103.313082,-1.7361508]}},{"type":"Feature","properties":{"en":"Permai Baru","fr":"Permai Baru"},"geometry":{"type":"Point","coordinates":[101.4320031,-2.1176193]}},{"type":"Feature","properties":{"en":"Pulau Tengah","fr":"Pulautengah"},"geometry":{"type":"Point","coordinates":[101.46606,-2.1709485]}},{"type":"Feature","properties":{"en":"Koto Baru","fr":"Koto Baru"},"geometry":{"type":"Point","coordinates":[101.511157423048,-2.18541089801616]}},{"type":"Feature","properties":{"en":"Pasar Semerap","fr":"Pasar Semerap"},"geometry":{"type":"Point","coordinates":[101.4398475,-2.1457153]}},{"type":"Feature","properties":{"en":"Jembatan Merah Pulau Tengah","fr":"Jembatan Merah Pulau Tengah"},"geometry":{"type":"Point","coordinates":[101.37591244175,-2.2321677360747]}},{"type":"Feature","properties":{"en":"Limok Manaih Pulau Tengah","fr":"Limok Manaih Pulau Tengah"},"geometry":{"type":"Point","coordinates":[101.4671299,-2.1721397]}},{"type":"Feature","properties":{"en":"Pasar Jujun","fr":"Pasar Jujun"},"geometry":{"type":"Point","coordinates":[101.5082246,-2.1803079]}},{"type":"Feature","properties":{"en":"Pancuran Bangko","fr":"Pancuran Bangko"},"geometry":{"type":"Point","coordinates":[101.4481344,-2.1624726]}},{"type":"Feature","properties":{"en":"Sumur Jauh","fr":"Sumur Jauh"},"geometry":{"type":"Point","coordinates":[101.4297898,-2.1118934]}},{"type":"Feature","properties":{"en":"Koto Tengah","fr":"Koto Tengah"},"geometry":{"type":"Point","coordinates":[101.4407386,-2.1425755]}},{"type":"Feature","properties":{"en":"Bukit Pulai","fr":"Bukitpulai"},"geometry":{"type":"Point","coordinates":[101.4255182,-2.1107587]}},{"type":"Feature","properties":{"en":"Serumpun Pauh","fr":"Serumpun Pauh"},"geometry":{"type":"Point","coordinates":[101.4332209,-2.1212236]}},{"type":"Feature","properties":{"en":"Telago Biru","fr":"Telago Biru"},"geometry":{"type":"Point","coordinates":[101.356804,-1.9711776]}},{"type":"Feature","properties":{"en":"Tutung Bungkuk","fr":"Tutung Bungkuk"},"geometry":{"type":"Point","coordinates":[101.332427023376,-1.94895964796657]}},{"type":"Feature","properties":{"en":"Baru Sungai Pegeh","fr":"Baru Sungaipegeh"},"geometry":{"type":"Point","coordinates":[101.351037312603,-1.9201520864931]}},{"type":"Feature","properties":{"en":"Bendar Sedap","fr":"Bendar Sedap"},"geometry":{"type":"Point","coordinates":[101.3500830823,-1.9701687390155]}},{"type":"Feature","properties":{"en":"Plak Naneh","fr":"Plak Naneh"},"geometry":{"type":"Point","coordinates":[101.339259110624,-1.97279902548808]}},{"type":"Feature","properties":{"en":"Padang Jantung","fr":"Padang Jantung"},"geometry":{"type":"Point","coordinates":[101.338905350265,-1.97646815253305]}},{"type":"Feature","properties":{"en":"Pelak Gedang","fr":"Pelak Gedang"},"geometry":{"type":"Point","coordinates":[101.323887568392,-1.93318910417458]}},{"type":"Feature","properties":{"en":"Demong Sakti","fr":"Demong Sakti"},"geometry":{"type":"Point","coordinates":[101.338369008524,-1.96384459382226]}},{"type":"Feature","properties":{"en":"Pasar Senen","fr":"Pasar Senen"},"geometry":{"type":"Point","coordinates":[101.346584384218,-1.9602604876412]}},{"type":"Feature","properties":{"en":"Perjuangan","fr":"Perjuangan"},"geometry":{"type":"Point","coordinates":[124.44602881627,0.461880567414596]}},{"type":"Feature","properties":{"en":"South Onggunoi","fr":"Onggunoi Selatan"},"geometry":{"type":"Point","coordinates":[124.425685002014,0.462337338676363]}},{"type":"Feature","properties":{"en":"Waliam","fr":"Waliam"},"geometry":{"type":"Point","coordinates":[130.972019838716,-1.23485412785024]}},{"type":"Feature","properties":{"en":"North Salawati","fr":"Salawati Utara"},"geometry":{"type":"Point","coordinates":[131.124566285108,-0.923315865887448]}},{"type":"Feature","properties":{"en":"Atkari","fr":"Atkari"},"geometry":{"type":"Point","coordinates":[130.0766674,-1.7299433]}},{"type":"Feature","properties":{"en":"Kabare","fr":"Kabare"},"geometry":{"type":"Point","coordinates":[130.924538182672,-0.124780444956977]}},{"type":"Feature","properties":{"en":"Andey","fr":"Andey"},"geometry":{"type":"Point","coordinates":[131.015423340044,-0.13843974137242]}},{"type":"Feature","properties":{"en":"Bonsayor","fr":"Bonsayor"},"geometry":{"type":"Point","coordinates":[130.990215194565,-0.146101541697244]}},{"type":"Feature","properties":{"en":"Darumbab","fr":"Darumbab"},"geometry":{"type":"Point","coordinates":[130.963101313838,-0.137854310626387]}},{"type":"Feature","properties":{"en":"Kalisade","fr":"Kalisade"},"geometry":{"type":"Point","coordinates":[130.848550050931,-0.11035265822691]}},{"type":"Feature","properties":{"en":"Saonek","fr":"Saonek"},"geometry":{"type":"Point","coordinates":[130.7833653,-0.4676457]}},{"type":"Feature","properties":{"en":"West Jefman","fr":"Jefman Barat"},"geometry":{"type":"Point","coordinates":[131.119131451977,-0.92527777910657]}},{"type":"Feature","properties":{"en":"Kapatlap","fr":"Kapatlap"},"geometry":{"type":"Point","coordinates":[131.0502448,-0.9328277]}},{"type":"Feature","properties":{"en":"East Jefman","fr":"Jefman Timur"},"geometry":{"type":"Point","coordinates":[131.128888680175,-0.92037101279411]}},{"type":"Feature","properties":{"en":"Waidim","fr":"Waidim"},"geometry":{"type":"Point","coordinates":[130.962594791857,-0.989484549956488]}},{"type":"Feature","properties":{"en":"Yenkawir","fr":"Yenkawir"},"geometry":{"type":"Point","coordinates":[131.0334543,0.3846076]}},{"type":"Feature","properties":{"en":"Runi","fr":"Runi"},"geometry":{"type":"Point","coordinates":[131.048204627301,0.364391548643005]}},{"type":"Feature","properties":{"en":"Yenkanfan","fr":"Yenkanfan"},"geometry":{"type":"Point","coordinates":[131.0410929,0.3787398]}},{"type":"Feature","properties":{"en":"Foley","fr":"Folley"},"geometry":{"type":"Point","coordinates":[130.4090777,-1.7718789]}},{"type":"Feature","properties":{"en":"East Limalas","fr":"Limalas Timur"},"geometry":{"type":"Point","coordinates":[130.2966088,-1.6961479]}},{"type":"Feature","properties":{"en":"Audam","fr":"Audam"},"geometry":{"type":"Point","coordinates":[130.3374169,-1.6824992]}},{"type":"Feature","properties":{"en":"West Limalas","fr":"Limalas Barat"},"geometry":{"type":"Point","coordinates":[130.294842254712,-1.69627871035223]}},{"type":"Feature","properties":{"en":"Dibalal","fr":"DibalaI"},"geometry":{"type":"Point","coordinates":[129.7955989,-1.1592811]}},{"type":"Feature","properties":{"en":"Tolobi","fr":"Tolobi"},"geometry":{"type":"Point","coordinates":[129.7452538,-1.1628011]}},{"type":"Feature","properties":{"en":"Deer","fr":"Deer"},"geometry":{"type":"Point","coordinates":[129.8451684,-1.1521187]}},{"type":"Feature","properties":{"en":"Awat","fr":"Awat"},"geometry":{"type":"Point","coordinates":[129.8023032,-1.1653086]}},{"type":"Feature","properties":{"en":"Warkori","fr":"Warkori"},"geometry":{"type":"Point","coordinates":[131.109667789988,-0.162656410659285]}},{"type":"Feature","properties":{"en":"Saupapir","fr":"Saupapir"},"geometry":{"type":"Point","coordinates":[130.2802343,-0.666427]}},{"type":"Feature","properties":{"en":"Pam","fr":"Pam"},"geometry":{"type":"Point","coordinates":[130.2960203,-0.6707277]}},{"type":"Feature","properties":{"en":"Saukabu","fr":"Saukabu"},"geometry":{"type":"Point","coordinates":[130.3113812,-0.647141]}},{"type":"Feature","properties":{"en":"East Weijim","fr":"Wejim Timur"},"geometry":{"type":"Point","coordinates":[130.264515447506,-1.46298842793529]}},{"type":"Feature","properties":{"en":"Sapordanco","fr":"Sapordanco"},"geometry":{"type":"Point","coordinates":[130.8097221597,-0.427074829323673]}},{"type":"Feature","properties":{"en":"Bonkawir","fr":"Bonwakir"},"geometry":{"type":"Point","coordinates":[130.874308488671,-0.388860021655774]}},{"type":"Feature","properties":{"en":"Warmasen","fr":"Warmasen"},"geometry":{"type":"Point","coordinates":[130.830420969789,-0.420850502296758]}},{"type":"Feature","properties":{"en":"East Yensawai","fr":"Yensawai Timur"},"geometry":{"type":"Point","coordinates":[130.680018249354,-0.805747566140212]}},{"type":"Feature","properties":{"en":"West Yensawai","fr":"Yensawai Barat"},"geometry":{"type":"Point","coordinates":[130.677232402504,-0.803256567688567]}},{"type":"Feature","properties":{"en":"East Arefi","fr":"Arefi Timur"},"geometry":{"type":"Point","coordinates":[130.7052354,-0.787853]}},{"type":"Feature","properties":{"en":"South Arefi","fr":"Arefi Selatan"},"geometry":{"type":"Point","coordinates":[130.702385445942,-0.791448495498451]}},{"type":"Feature","properties":{"en":"Solol","fr":"Solol"},"geometry":{"type":"Point","coordinates":[130.8595519,-0.9056139]}},{"type":"Feature","properties":{"en":"Kaliam","fr":"Kaliam"},"geometry":{"type":"Point","coordinates":[130.6709941,-0.9536681]}},{"type":"Feature","properties":{"en":"Kalobo","fr":"Kalobo"},"geometry":{"type":"Point","coordinates":[131.0580373,-1.0543939]}},{"type":"Feature","properties":{"en":"Sakabu","fr":"Sakabu"},"geometry":{"type":"Point","coordinates":[131.074706,-1.0552535]}},{"type":"Feature","properties":{"en":"Wailabu","fr":"Wailabu"},"geometry":{"type":"Point","coordinates":[130.975115968397,-1.02591348087906]}},{"type":"Feature","properties":{"en":"Waibu","fr":"Waibu"},"geometry":{"type":"Point","coordinates":[131.016378711447,-1.09375553729422]}},{"type":"Feature","properties":{"en":"Waijan","fr":"Waijan"},"geometry":{"type":"Point","coordinates":[130.974354124791,-1.07781756024389]}},{"type":"Feature","properties":{"en":"South Batanta","fr":""},"geometry":{"type":"Point","coordinates":[130.893163096402,-0.838674545408333]}},{"type":"Feature","properties":{"en":"Rauki","fr":"Rauki"},"geometry":{"type":"Point","coordinates":[130.9468236,-0.0284485]}},{"type":"Feature","properties":{"en":"Kapadiri","fr":"Kapadiri"},"geometry":{"type":"Point","coordinates":[130.7247432,-0.0566625]}},{"type":"Feature","properties":{"en":"Duber","fr":"Duber"},"geometry":{"type":"Point","coordinates":[130.949801937943,-0.022689156485361]}},{"type":"Feature","properties":{"en":"Urai","fr":"Urai"},"geometry":{"type":"Point","coordinates":[130.9449336,-0.0255667]}},{"type":"Feature","properties":{"en":"Abidon","fr":"Abidon"},"geometry":{"type":"Point","coordinates":[131.1306858,0.4959757]}},{"type":"Feature","properties":{"en":"Meosbekwan","fr":"Meosbekwan"},"geometry":{"type":"Point","coordinates":[131.137796,0.3967813]}},{"type":"Feature","properties":{"en":"Reni","fr":"Reni"},"geometry":{"type":"Point","coordinates":[131.1914274,0.5775292]}},{"type":"Feature","properties":{"en":"Rutum","fr":"Rutum"},"geometry":{"type":"Point","coordinates":[131.189046388042,0.560307131987115]}},{"type":"Feature","properties":{"en":"Yenanas","fr":"Yenanas"},"geometry":{"type":"Point","coordinates":[130.8922713,-0.8387656]}},{"type":"Feature","properties":{"en":"Wailebet","fr":"Wailebet"},"geometry":{"type":"Point","coordinates":[130.6596134,-0.9005101]}},{"type":"Feature","properties":{"en":"Waiman","fr":"Waiman"},"geometry":{"type":"Point","coordinates":[130.743574319779,-0.868413285962249]}},{"type":"Feature","properties":{"en":"Samate","fr":"Samate"},"geometry":{"type":"Point","coordinates":[131.072559153921,-0.973212966278355]}},{"type":"Feature","properties":{"en":"Muara Bungo","fr":""},"geometry":{"type":"Point","coordinates":[102.11927915317,-1.51635601045021]}},{"type":"Feature","properties":{"en":"South Papua","fr":"Papouasie méridionale"},"geometry":{"type":"Point","coordinates":[139.5,-6.5]}},{"type":"Feature","properties":{"en":"El Meniaa Province","fr":"El Meniaa"},"geometry":{"type":"Point","coordinates":[2.87916666666667,30.5791666666667]}},{"type":"Feature","properties":{"en":"Bordj Baji Mokhtar Province","fr":"Bordj Baji Mokhtar"},"geometry":{"type":"Point","coordinates":[-0.666666666666667,23.5]}},{"type":"Feature","properties":{"en":"In Salah Province","fr":"In Salah"},"geometry":{"type":"Point","coordinates":[3.75,27.5]}},{"type":"Feature","properties":{"en":"Djanet Province","fr":"Djanet"},"geometry":{"type":"Point","coordinates":[9.0,24.3]}},{"type":"Feature","properties":{"en":"In Guezzam Province","fr":"In Guezzam"},"geometry":{"type":"Point","coordinates":[4.25,19.85]}},{"type":"Feature","properties":{"en":"West Danau Kerinci","fr":""},"geometry":{"type":"Point","coordinates":[101.430068376209,-2.12037471626885]}},{"type":"Feature","properties":{"en":"Tanah Cogok","fr":""},"geometry":{"type":"Point","coordinates":[101.461459655189,-2.12115304870932]}},{"type":"Feature","properties":{"en":"East Mandiangin","fr":""},"geometry":{"type":"Point","coordinates":[103.1199727,-2.0326731]}},{"type":"Feature","properties":{"en":"Highland Papua","fr":"Papouasie des hautes terres"},"geometry":{"type":"Point","coordinates":[139.5,-4.0]}},{"type":"Feature","properties":{"en":"Southwest Papua","fr":"Papouasie du Sud-Ouest"},"geometry":{"type":"Point","coordinates":[131.39,-0.86]}},{"type":"Feature","properties":{"en":"Yensawai","fr":""},"geometry":{"type":"Point","coordinates":[130.680030886404,-0.805745680912199]}}]}